condition,PID,agent_type,tick,local_time,location,vic_area,in_own_area?,action,victim,vic_drop_loc,vic_order,score,completeness,water_time,agent_name,at_drop_off,in_order
mission_comm,PA64,nowill,83,1752076578,"(10, 18)",C2,True,take_victim,victim_1_,"(8, 8)",1,0,0.0,0.0,Bolt,False,
mission_comm,PA64,human,145,1752076585,"(1, 11)",D2,False,take_victim,victim_2_,"(9, 8)",2,0,0.0,0.0,Bolt,False,
mission_comm,PA64,nowill,191,1752076589,"(8, 8)",C2,True,drop_victim,victim_1_,"(8, 8)",1,5,0.0,0.0,Bolt,True,True
mission_comm,PA64,human,209,1752076591,"(9, 8)",D2,False,drop_victim,victim_2_,"(9, 8)",2,10,0.0625,0.0,Bolt,True,True
mission_comm,PA64,nowill,235,1752076594,"(9, 15)",C1,True,take_victim,victim_3_,"(10, 8)",3,10,0.125,0.0,Bolt,False,
mission_comm,PA64,nowill,301,1752076601,"(10, 8)",C1,True,drop_victim,victim_3_,"(10, 8)",3,15,0.125,0.0,Bolt,True,True
mission_comm,PA64,nowill,383,1752076610,"(18, 10)",B2,True,take_victim,victim_4_,"(11, 8)",4,15,0.1875,0.0,Bolt,False,
mission_comm,PA64,human,402,1752076612,"(10, 1)",A2,True,take_victim,victim_9_,"(8, 10)",9,15,0.1875,0.0,Bolt,False,
mission_comm,PA64,nowill,485,1752076620,"(11, 8)",B2,True,drop_victim,victim_4_,"(11, 8)",4,20,0.1875,0.0,Bolt,True,True
mission_comm,PA64,human,522,1752076624,"(8, 10)",A2,True,drop_victim,victim_9_,"(8, 10)",9,22,0.25,0.0,Bolt,True,False
mission_comm,PA64,nowill,523,1752076624,"(15, 12)",B1,True,take_victim,victim_5_,"(8, 9)",5,22,0.3125,0.0,Bolt,False,
mission_comm,PA64,nowill,589,1752076631,"(8, 9)",B1,True,drop_victim,victim_5_,"(8, 9)",5,27,0.3125,0.0,Bolt,True,True
mission_comm,PA64,human,621,1752076635,"(7, 2)",A2,True,take_victim,victim_11_,"(10, 10)",11,27,0.375,0.0,Bolt,False,
mission_comm,PA64,nowill,647,1752076637,"(16, 11)",B1,True,take_victim,victim_6_,"(9, 9)",6,27,0.375,0.0,Bolt,False,
mission_comm,PA64,human,669,1752076640,"(10, 10)",A2,True,drop_victim,victim_11_,"(10, 10)",11,29,0.375,0.0,Bolt,True,False
mission_comm,PA64,nowill,725,1752076645,"(9, 9)",B1,True,drop_victim,victim_6_,"(9, 9)",6,34,0.4375,0.0,Bolt,True,True
mission_comm,PA64,human,760,1752076649,"(2, 12)",D2,False,take_victim,victim_13_,"(8, 11)",13,34,0.5,0.0,Bolt,False,
mission_comm,PA64,nowill,795,1752076653,"(17, 7)",B2,True,take_victim,victim_7_,"(10, 9)",7,34,0.5,0.0,Bolt,False,
mission_comm,PA64,human,865,1752076660,"(8, 11)",D2,False,drop_victim,victim_13_,"(8, 11)",13,36,0.5,0.0,Bolt,True,False
mission_comm,PA64,nowill,885,1752076662,"(10, 9)",B2,True,drop_victim,victim_7_,"(10, 9)",7,41,0.5625,0.0,Bolt,True,True
mission_comm,PA64,human,905,1752076664,"(3, 11)",D1,False,take_victim,victim_14_,"(9, 11)",14,41,0.625,0.0,Bolt,False,
mission_comm,PA64,nowill,955,1752076670,"(7, 17)",C2,True,take_victim,victim_10_,"(9, 10)",10,41,0.625,0.0,Bolt,False,
mission_comm,PA64,human,957,1752076670,"(9, 11)",D1,False,drop_victim,victim_14_,"(9, 11)",14,43,0.625,0.0,Bolt,True,False
mission_comm,PA64,human,1002,1752076675,"(4, 8)",D1,False,take_victim,victim_15_,"(10, 11)",15,43,0.6875,0.0,Bolt,False,
mission_comm,PA64,human,1030,1752076677,"(10, 11)",D1,False,drop_victim,victim_15_,"(10, 11)",15,45,0.6875,0.0,Bolt,True,False
mission_comm,PA64,human,1093,1752076684,"(9, 4)",A1,True,take_victim,victim_8_,"(11, 9)",8,45,0.75,0.0,Bolt,False,
mission_comm,PA64,human,1125,1752076687,"(11, 9)",A1,True,drop_victim,victim_8_,"(11, 9)",8,50,0.75,0.0,Bolt,True,True
mission_comm,PA64,nowill,1126,1752076687,"(9, 10)",C2,True,drop_victim,victim_10_,"(9, 10)",10,55,0.8125,0.0,Bolt,True,True
mission_comm,PA64,human,1157,1752076691,"(8, 3)",A1,True,take_victim,victim_12_,"(11, 10)",12,55,0.875,0.0,Bolt,False,
mission_comm,PA64,nowill,1180,1752076693,"(12, 16)",C1,True,take_victim,victim_16_,"(11, 11)",16,55,0.875,0.0,Bolt,False,
mission_comm,PA64,human,1194,1752076695,"(11, 10)",A1,True,drop_victim,victim_12_,"(11, 10)",12,60,0.875,0.0,Bolt,True,True
mission_comm,PA64,nowill,1254,1752076701,"(11, 11)",C1,True,drop_victim,victim_16_,"(11, 11)",16,65,0.9375,0.0,Bolt,True,True
mission_comm,PA64,human,67,1752076913,"(2, 9)",D2,True,take_victim,victim_1_,"(8, 8)",1,0,0.0,0.0,Argo,False,
mission_comm,PA64,will,87,1752076915,"(18, 8)",B2,True,take_victim,victim_2_,"(9, 8)",2,0,0.0,0.0,Argo,False,
mission_comm,PA64,human,104,1752076917,"(8, 8)",D2,True,drop_victim,victim_1_,"(8, 8)",1,5,0.0,0.0,Argo,True,True
mission_comm,PA64,will,193,1752076926,"(9, 8)",B2,True,drop_victim,victim_2_,"(9, 8)",2,10,0.0625,0.0,Argo,True,True
mission_comm,PA64,human,233,1752076930,"(12, 4)",A1,True,take_victim,victim_5_,"(8, 9)",5,10,0.125,0.0,Argo,False,
mission_comm,PA64,will,265,1752076934,"(9, 17)",C2,True,take_victim,victim_3_,"(10, 8)",3,10,0.125,0.0,Argo,False,
mission_comm,PA64,will,359,1752076944,"(10, 8)",C2,True,drop_victim,victim_3_,"(10, 8)",3,15,0.125,0.0,Argo,True,True
mission_comm,PA64,will,403,1752076948,"(7, 15)",C1,True,take_victim,victim_6_,"(9, 9)",6,15,0.1875,0.0,Argo,False,
mission_comm,PA64,human,447,1752076953,"(1, 12)",D2,True,take_victim,victim_4_,"(11, 8)",4,15,0.1875,0.0,Argo,False,
mission_comm,PA64,human,497,1752076958,"(11, 8)",D2,True,drop_victim,victim_4_,"(11, 8)",4,20,0.1875,0.0,Argo,True,True
mission_comm,PA64,human,525,1752076961,"(7, 9)",A1,True,take_victim,victim_5_,"(8, 9)",5,20,0.25,0.0,Argo,False,
mission_comm,PA64,human,535,1752076962,"(8, 9)",A1,True,drop_victim,victim_5_,"(8, 9)",5,25,0.25,0.0,Argo,True,True
mission_comm,PA64,will,536,1752076962,"(9, 9)",C1,True,drop_victim,victim_6_,"(9, 9)",6,30,0.3125,0.0,Argo,True,True
mission_comm,PA64,human,588,1752076968,"(3, 11)",D1,True,take_victim,victim_7_,"(10, 9)",7,30,0.375,0.0,Argo,False,
mission_comm,PA64,human,619,1752076971,"(10, 9)",D1,True,drop_victim,victim_7_,"(10, 9)",7,35,0.375,0.0,Argo,True,True
mission_comm,PA64,will,620,1752076971,"(10, 18)",C2,True,take_victim,victim_8_,"(11, 9)",8,35,0.4375,0.0,Argo,False,
mission_comm,PA64,human,669,1752076976,"(11, 2)",A2,True,take_victim,victim_9_,"(8, 10)",9,35,0.4375,0.0,Argo,False,
mission_comm,PA64,will,726,1752076982,"(11, 9)",C2,True,drop_victim,victim_8_,"(11, 9)",8,40,0.4375,0.0,Argo,True,True
mission_comm,PA64,human,731,1752076983,"(8, 10)",A2,True,drop_victim,victim_9_,"(8, 10)",9,45,0.5,0.0,Argo,True,True
mission_comm,PA64,will,778,1752076988,"(16, 11)",B1,True,take_victim,victim_10_,"(9, 10)",10,45,0.5625,0.0,Argo,False,
mission_comm,PA64,human,780,1752076988,"(4, 9)",D1,True,take_victim,victim_11_,"(10, 10)",11,45,0.5625,0.0,Argo,False,
mission_comm,PA64,will,856,1752076996,"(9, 10)",B1,True,drop_victim,victim_10_,"(9, 10)",10,50,0.5625,0.0,Argo,True,True
mission_comm,PA64,human,861,1752076996,"(10, 10)",D1,True,drop_victim,victim_11_,"(10, 10)",11,55,0.625,0.0,Argo,True,True
mission_comm,PA64,human,910,1752077001,"(12, 1)",A2,True,take_victim,victim_12_,"(11, 10)",12,55,0.6875,0.0,Argo,False,
mission_comm,PA64,will,910,1752077001,"(9, 16)",C1,True,take_victim,victim_13_,"(8, 11)",13,55,0.6875,0.0,Argo,False,
mission_comm,PA64,human,952,1752077006,"(11, 10)",A2,True,drop_victim,victim_12_,"(11, 10)",12,60,0.6875,0.0,Argo,True,True
mission_comm,PA64,will,984,1752077009,"(8, 11)",C1,True,drop_victim,victim_13_,"(8, 11)",13,65,0.75,0.0,Argo,True,True
mission_comm,PA64,human,1000,1752077011,"(11, 3)",A1,True,take_victim,victim_16_,"(11, 11)",16,65,0.8125,0.0,Argo,False,
mission_comm,PA64,will,1056,1752077017,"(17, 11)",B2,True,take_victim,victim_14_,"(9, 11)",14,65,0.8125,0.0,Argo,False,
mission_comm,PA64,will,1148,1752077026,"(9, 11)",B2,True,drop_victim,victim_14_,"(9, 11)",14,70,0.8125,1.990949869155884,Argo,True,True
mission_comm,PA64,will,1190,1752077031,"(15, 8)",B1,True,take_victim,victim_15_,"(10, 11)",15,70,0.875,6.791919946670532,Argo,False,
mission_comm,PA64,human,1205,1752077032,"(12, 9)",A1,True,take_victim,victim_16_,"(11, 11)",16,70,0.875,6.791919946670532,Argo,False,
mission_comm,PA64,will,1252,1752077037,"(10, 11)",B1,True,drop_victim,victim_15_,"(10, 11)",15,75,0.875,6.791919946670532,Argo,True,True
mission_comm,PA64,human,1260,1752077038,"(11, 11)",A1,True,drop_victim,victim_16_,"(11, 11)",16,80,0.9375,6.791919946670532,Argo,True,True
mission_nocomm,PA63,will,69,1752074115,"(10, 17)",C2,True,take_victim,victim_3_,"(10, 8)",3,0,0.0,0.0,Argo,False,
mission_nocomm,PA63,human,70,1752074115,"(9, 3)",A1,True,take_victim,victim_1_,"(8, 8)",1,0,0.0,0.0,Argo,False,
mission_nocomm,PA63,human,96,1752074118,"(8, 8)",A1,True,drop_victim,victim_1_,"(8, 8)",1,5,0.0,0.0,Argo,True,True
mission_nocomm,PA63,human,126,1752074121,"(7, 2)",A2,True,take_victim,victim_2_,"(9, 8)",2,5,0.0625,0.0,Argo,False,
mission_nocomm,PA63,human,153,1752074124,"(9, 8)",A2,True,drop_victim,victim_2_,"(9, 8)",2,10,0.0625,0.0,Argo,True,True
mission_nocomm,PA63,will,163,1752074125,"(10, 8)",C2,True,drop_victim,victim_3_,"(10, 8)",3,15,0.125,0.0,Argo,True,True
mission_nocomm,PA63,will,245,1752074134,"(18, 9)",B2,True,take_victim,victim_6_,"(9, 9)",6,15,0.1875,0.0,Argo,False,
mission_nocomm,PA63,human,274,1752074137,"(1, 12)",D2,True,take_victim,victim_4_,"(11, 8)",4,15,0.1875,0.0,Argo,False,
mission_nocomm,PA63,human,310,1752074141,"(11, 8)",D2,True,drop_victim,victim_4_,"(11, 8)",4,20,0.1875,0.0,Argo,True,True
mission_nocomm,PA63,human,337,1752074143,"(12, 1)",A2,True,take_victim,victim_5_,"(8, 9)",5,20,0.25,0.0,Argo,False,
mission_nocomm,PA63,human,370,1752074147,"(8, 9)",A2,True,drop_victim,victim_5_,"(8, 9)",5,25,0.25,0.0,Argo,True,True
mission_nocomm,PA63,will,371,1752074147,"(9, 9)",B2,True,drop_victim,victim_6_,"(9, 9)",6,30,0.3125,0.0,Argo,True,True
mission_nocomm,PA63,human,395,1752074150,"(3, 10)",D1,True,take_victim,victim_7_,"(10, 9)",7,30,0.375,0.0,Argo,False,
mission_nocomm,PA63,will,413,1752074151,"(9, 15)",C1,True,take_victim,victim_8_,"(11, 9)",8,30,0.375,0.0,Argo,False,
mission_nocomm,PA63,human,414,1752074152,"(10, 9)",D1,True,drop_victim,victim_7_,"(10, 9)",7,35,0.375,0.0,Argo,True,True
mission_nocomm,PA63,will,477,1752074158,"(11, 9)",C1,True,drop_victim,victim_8_,"(11, 9)",8,40,0.4375,0.0,Argo,True,True
mission_nocomm,PA63,human,526,1752074163,"(4, 7)",D1,True,take_victim,victim_10_,"(9, 10)",10,40,0.5,0.0,Argo,False,
mission_nocomm,PA63,will,561,1752074167,"(12, 18)",C2,True,take_victim,victim_9_,"(8, 10)",9,40,0.5,0.0,Argo,False,
mission_nocomm,PA63,will,665,1752074178,"(8, 10)",C2,True,drop_victim,victim_9_,"(8, 10)",9,45,0.5,0.0,Argo,True,True
mission_nocomm,PA63,human,674,1752074179,"(9, 10)",D1,True,drop_victim,victim_10_,"(9, 10)",10,50,0.5625,0.0,Argo,True,True
mission_nocomm,PA63,human,701,1752074182,"(12, 4)",A1,True,take_victim,victim_11_,"(10, 10)",11,50,0.625,0.0,Argo,False,
mission_nocomm,PA63,human,726,1752074184,"(10, 10)",A1,True,drop_victim,victim_11_,"(10, 10)",11,55,0.625,0.0,Argo,True,True
mission_nocomm,PA63,will,737,1752074185,"(17, 12)",B2,True,take_victim,victim_12_,"(11, 10)",12,55,0.6875,0.0,Argo,False,
mission_nocomm,PA63,will,825,1752074195,"(11, 10)",B2,True,drop_victim,victim_12_,"(11, 10)",12,60,0.6875,0.0,Argo,True,True
mission_nocomm,PA63,human,849,1752074197,"(2, 9)",D2,True,take_victim,victim_14_,"(9, 11)",14,60,0.75,0.0,Argo,False,
mission_nocomm,PA63,will,863,1752074199,"(15, 9)",B1,True,take_victim,victim_13_,"(8, 11)",13,60,0.75,0.0,Argo,False,
mission_nocomm,PA63,will,929,1752074206,"(8, 11)",B1,True,drop_victim,victim_13_,"(8, 11)",13,65,0.75,0.0,Argo,True,True
mission_nocomm,PA63,human,939,1752074207,"(9, 11)",D2,True,drop_victim,victim_14_,"(9, 11)",14,70,0.8125,0.0,Argo,True,True
mission_nocomm,PA63,will,981,1752074211,"(8, 16)",C1,True,take_victim,victim_15_,"(10, 11)",15,70,0.875,0.0,Argo,False,
mission_nocomm,PA63,will,1055,1752074219,"(10, 11)",C1,True,drop_victim,victim_15_,"(10, 11)",15,75,0.875,0.0,Argo,True,True
mission_nocomm,PA63,will,1109,1752074224,"(16, 12)",B1,True,take_victim,victim_16_,"(11, 11)",16,75,0.9375,0.0,Argo,False,
mission_nocomm,PA63,will,1183,1752074232,"(11, 11)",B1,True,drop_victim,victim_16_,"(11, 11)",16,80,0.9375,0.0,Argo,True,True
mission_nocomm,PA63,nowill,41,1752074444,"(10, 15)",C1,True,take_victim,victim_4_,"(11, 8)",4,0,0.0,0.0,Bolt,False,
mission_nocomm,PA63,human,135,1752074454,"(17, 9)",B2,True,take_victim,victim_1_,"(8, 8)",1,0,0.0,7.719771862030029,Bolt,False,
mission_nocomm,PA63,human,212,1752074462,"(8, 8)",B2,True,drop_victim,victim_1_,"(8, 8)",1,5,0.0,13.362404823303224,Bolt,True,True
mission_nocomm,PA63,human,235,1752074464,"(8, 3)",A1,True,take_victim,victim_2_,"(9, 8)",2,5,0.0625,13.362404823303224,Bolt,False,
mission_nocomm,PA63,human,257,1752074466,"(9, 8)",A1,True,drop_victim,victim_2_,"(9, 8)",2,10,0.0625,13.362404823303224,Bolt,True,True
mission_nocomm,PA63,human,319,1752074473,"(15, 7)",B1,True,take_victim,victim_3_,"(10, 8)",3,10,0.125,16.61131978034973,Bolt,False,
mission_nocomm,PA63,human,370,1752074478,"(10, 8)",B1,True,drop_victim,victim_3_,"(10, 8)",3,15,0.125,20.476736783981323,Bolt,True,True
mission_nocomm,PA63,nowill,371,1752074478,"(11, 8)",C1,True,drop_victim,victim_4_,"(11, 8)",4,20,0.1875,20.476736783981323,Bolt,True,True
mission_nocomm,PA63,nowill,395,1752074481,"(2, 8)",D2,True,take_victim,victim_5_,"(8, 9)",5,20,0.25,20.476736783981323,Bolt,False,
mission_nocomm,PA63,nowill,411,1752074483,"(8, 9)",D2,True,drop_victim,victim_5_,"(8, 9)",5,25,0.25,20.579729080200195,Bolt,True,True
mission_nocomm,PA63,nowill,467,1752074488,"(8, 16)",C1,True,take_victim,victim_8_,"(11, 9)",8,25,0.3125,26.004438877105713,Bolt,False,
mission_nocomm,PA63,human,476,1752074489,"(18, 7)",B2,True,take_victim,victim_6_,"(9, 9)",6,25,0.3125,27.365792989730835,Bolt,False,
mission_nocomm,PA63,human,575,1752074500,"(9, 9)",B2,True,drop_victim,victim_6_,"(9, 9)",6,30,0.3125,35.45442199707031,Bolt,True,True
mission_nocomm,PA63,human,599,1752074502,"(7, 2)",A2,True,take_victim,victim_7_,"(10, 9)",7,30,0.375,35.45442199707031,Bolt,False,
mission_nocomm,PA63,human,626,1752074505,"(10, 9)",A2,True,drop_victim,victim_7_,"(10, 9)",7,35,0.375,35.45442199707031,Bolt,True,True
mission_nocomm,PA63,nowill,627,1752074505,"(11, 9)",C1,True,drop_victim,victim_8_,"(11, 9)",8,40,0.4375,35.45442199707031,Bolt,True,True
mission_nocomm,PA63,nowill,697,1752074512,"(11, 17)",C2,True,take_victim,victim_9_,"(8, 10)",9,40,0.5,35.45442199707031,Bolt,False,
mission_nocomm,PA63,human,702,1752074513,"(11, 1)",A2,True,take_victim,victim_11_,"(10, 10)",11,40,0.5,35.45442199707031,Bolt,False,
mission_nocomm,PA63,nowill,787,1752074522,"(8, 10)",C2,True,drop_victim,victim_9_,"(8, 10)",9,45,0.5,35.45442199707031,Bolt,True,True
mission_nocomm,PA63,nowill,869,1752074531,"(9, 18)",C2,True,take_victim,victim_10_,"(9, 10)",10,45,0.5625,35.45442199707031,Bolt,False,
mission_nocomm,PA63,nowill,973,1752074541,"(9, 10)",C2,True,drop_victim,victim_10_,"(9, 10)",10,50,0.5625,35.45442199707031,Bolt,True,True
mission_nocomm,PA63,human,979,1752074542,"(10, 10)",A2,True,drop_victim,victim_11_,"(10, 10)",11,55,0.625,35.45442199707031,Bolt,True,True
mission_nocomm,PA63,nowill,991,1752074543,"(3, 8)",D1,True,take_victim,victim_14_,"(9, 11)",14,55,0.6875,35.45442199707031,Bolt,False,
mission_nocomm,PA63,human,1052,1752074550,"(16, 11)",B1,True,take_victim,victim_12_,"(11, 10)",12,55,0.6875,41.529167890548706,Bolt,False,
mission_nocomm,PA63,human,1120,1752074557,"(11, 10)",B1,True,drop_victim,victim_12_,"(11, 10)",12,60,0.6875,47.40581393241882,Bolt,True,True
mission_nocomm,PA63,human,1139,1752074559,"(10, 4)",A1,True,take_victim,victim_13_,"(8, 11)",13,60,0.75,47.40581393241882,Bolt,False,
mission_nocomm,PA63,human,1161,1752074561,"(8, 11)",A1,True,drop_victim,victim_13_,"(8, 11)",13,65,0.75,47.40581393241882,Bolt,True,True
mission_nocomm,PA63,nowill,1162,1752074561,"(9, 11)",D1,True,drop_victim,victim_14_,"(9, 11)",14,70,0.8125,47.40581393241882,Bolt,True,True
mission_nocomm,PA63,nowill,1178,1752074563,"(4, 12)",D1,True,take_victim,victim_15_,"(10, 11)",15,70,0.875,47.40581393241882,Bolt,False,
mission_nocomm,PA63,nowill,1194,1752074565,"(10, 11)",D1,True,drop_victim,victim_15_,"(10, 11)",15,75,0.875,47.40581393241882,Bolt,True,True
mission_nocomm,PA63,nowill,1218,1752074567,"(1, 12)",D2,True,take_victim,victim_16_,"(11, 11)",16,75,0.9375,47.40581393241882,Bolt,False,
mission_nocomm,PA63,nowill,1242,1752074570,"(11, 11)",D2,True,drop_victim,victim_16_,"(11, 11)",16,80,0.9375,47.40581393241882,Bolt,True,True
mission_nocomm,PA52,nowill,15,1751545055,"(2, 10)",D2,True,take_victim,victim_3_,"(10, 8)",3,0,0.0,0.0,Bolt,False,
mission_nocomm,PA52,human,120,1751545066,"(12, 1)",A2,True,take_victim,victim_1_,"(8, 8)",1,0,0.0,0.0,Bolt,False,
mission_nocomm,PA52,human,171,1751545071,"(8, 8)",A2,True,drop_victim,victim_1_,"(8, 8)",1,5,0.0,0.0,Bolt,True,True
mission_nocomm,PA52,human,198,1751545074,"(11, 3)",A1,True,take_victim,victim_2_,"(9, 8)",2,5,0.0625,0.0,Bolt,False,
mission_nocomm,PA52,human,223,1751545076,"(9, 8)",A1,True,drop_victim,victim_2_,"(9, 8)",2,10,0.0625,0.0,Bolt,True,True
mission_nocomm,PA52,nowill,224,1751545077,"(10, 8)",D2,True,drop_victim,victim_3_,"(10, 8)",3,15,0.125,0.0,Bolt,True,True
mission_nocomm,PA52,nowill,296,1751545084,"(10, 17)",C2,True,take_victim,victim_4_,"(11, 8)",4,15,0.1875,0.0,Bolt,False,
mission_nocomm,PA52,nowill,390,1751545094,"(11, 8)",C2,True,drop_victim,victim_4_,"(11, 8)",4,20,0.1875,0.0,Bolt,True,True
mission_nocomm,PA52,human,462,1751545101,"(15, 10)",B1,True,take_victim,victim_5_,"(8, 9)",5,20,0.25,6.355046272277832,Bolt,False,
mission_nocomm,PA52,nowill,476,1751545103,"(11, 18)",C2,True,take_victim,victim_8_,"(11, 9)",8,20,0.25,7.597608327865601,Bolt,False,
mission_nocomm,PA52,human,508,1751545106,"(8, 9)",B1,True,drop_victim,victim_5_,"(8, 9)",5,25,0.25,9.476689338684082,Bolt,True,True
mission_nocomm,PA52,human,615,1751545117,"(18, 10)",B2,True,take_victim,victim_6_,"(9, 9)",6,25,0.3125,15.347522497177124,Bolt,False,
mission_nocomm,PA52,human,691,1751545125,"(9, 9)",B2,True,drop_victim,victim_6_,"(9, 9)",6,30,0.3125,21.54081439971924,Bolt,True,True
mission_nocomm,PA52,human,751,1751545132,"(17, 8)",B2,True,take_victim,victim_7_,"(10, 9)",7,30,0.375,25.842876434326172,Bolt,False,
mission_nocomm,PA52,human,815,1751545138,"(10, 9)",B2,True,drop_victim,victim_7_,"(10, 9)",7,35,0.375,31.089686393737793,Bolt,True,True
mission_nocomm,PA52,nowill,816,1751545139,"(11, 9)",C2,True,drop_victim,victim_8_,"(11, 9)",8,40,0.4375,31.089686393737793,Bolt,True,True
mission_nocomm,PA52,nowill,836,1751545141,"(4, 7)",D1,True,take_victim,victim_9_,"(8, 10)",9,40,0.5,31.089686393737793,Bolt,False,
mission_nocomm,PA52,nowill,848,1751545142,"(8, 10)",D1,True,drop_victim,victim_9_,"(8, 10)",9,45,0.5,31.089686393737793,Bolt,True,True
mission_nocomm,PA52,human,857,1751545143,"(8, 4)",A1,True,take_victim,victim_11_,"(10, 10)",11,45,0.5625,31.089686393737793,Bolt,False,
mission_nocomm,PA52,nowill,902,1751545148,"(8, 16)",C1,True,take_victim,victim_12_,"(11, 10)",12,45,0.5625,31.089686393737793,Bolt,False,
mission_nocomm,PA52,human,946,1751545152,"(7, 2)",A2,True,take_victim,victim_10_,"(9, 10)",10,45,0.5625,31.089686393737793,Bolt,False,
mission_nocomm,PA52,human,974,1751545155,"(9, 10)",A2,True,drop_victim,victim_10_,"(9, 10)",10,50,0.5625,31.089686393737793,Bolt,True,True
mission_nocomm,PA52,human,1003,1751545158,"(10, 2)",A1,True,take_victim,victim_11_,"(10, 10)",11,50,0.625,31.089686393737793,Bolt,False,
mission_nocomm,PA52,human,1022,1751545160,"(10, 10)",A1,True,drop_victim,victim_11_,"(10, 10)",11,55,0.625,31.089686393737793,Bolt,True,True
mission_nocomm,PA52,nowill,1023,1751545160,"(11, 10)",C1,True,drop_victim,victim_12_,"(11, 10)",12,60,0.6875,31.089686393737793,Bolt,True,True
mission_nocomm,PA52,nowill,1063,1751545164,"(10, 15)",C1,True,take_victim,victim_13_,"(8, 11)",13,60,0.75,31.089686393737793,Bolt,False,
mission_nocomm,PA52,nowill,1123,1751545171,"(8, 11)",C1,True,drop_victim,victim_13_,"(8, 11)",13,65,0.75,36.34344840049744,Bolt,True,True
mission_nocomm,PA52,human,1130,1751545172,"(16, 8)",B1,True,take_victim,victim_14_,"(9, 11)",14,65,0.8125,37.710137605667114,Bolt,False,
mission_nocomm,PA52,nowill,1143,1751545173,"(1, 11)",D2,True,take_victim,victim_15_,"(10, 11)",15,65,0.8125,39.00151467323303,Bolt,False,
mission_nocomm,PA52,human,1194,1751545178,"(9, 11)",B1,True,drop_victim,victim_14_,"(9, 11)",14,70,0.8125,41.779088497161865,Bolt,True,True
mission_nocomm,PA52,nowill,1195,1751545178,"(10, 11)",D2,True,drop_victim,victim_15_,"(10, 11)",15,75,0.875,41.779088497161865,Bolt,True,True
mission_nocomm,PA52,nowill,1215,1751545180,"(3, 10)",D1,True,take_victim,victim_16_,"(11, 11)",16,75,0.9375,41.779088497161865,Bolt,False,
mission_nocomm,PA52,nowill,1235,1751545183,"(11, 11)",D1,True,drop_victim,victim_16_,"(11, 11)",16,80,0.9375,41.779088497161865,Bolt,True,True
mission_nocomm,PA52,will,73,1751545390,"(17, 12)",B2,True,take_victim,victim_1_,"(8, 8)",1,0,0.0,0.0,Argo,False,
mission_nocomm,PA52,human,74,1751545390,"(12, 3)",A1,True,take_victim,victim_2_,"(9, 8)",2,0,0.0,0.0,Argo,False,
mission_nocomm,PA52,will,167,1751545399,"(8, 8)",B2,True,drop_victim,victim_1_,"(8, 8)",1,5,0.0,0.0,Argo,True,True
mission_nocomm,PA52,human,177,1751545400,"(9, 8)",A1,True,drop_victim,victim_2_,"(9, 8)",2,10,0.0625,0.0,Argo,True,True
mission_nocomm,PA52,human,201,1751545403,"(8, 2)",A2,True,take_victim,victim_3_,"(10, 8)",3,10,0.125,0.0,Argo,False,
mission_nocomm,PA52,will,225,1751545405,"(9, 16)",C1,True,take_victim,victim_4_,"(11, 8)",4,10,0.125,0.0,Argo,False,
mission_nocomm,PA52,human,228,1751545406,"(10, 8)",A2,True,drop_victim,victim_3_,"(10, 8)",3,15,0.125,0.0,Argo,True,True
mission_nocomm,PA52,human,292,1751545412,"(3, 12)",D1,True,take_victim,victim_5_,"(8, 9)",5,15,0.1875,0.0,Argo,False,
mission_nocomm,PA52,will,305,1751545414,"(11, 8)",C1,True,drop_victim,victim_4_,"(11, 8)",4,20,0.1875,0.0,Argo,True,True
mission_nocomm,PA52,human,338,1751545417,"(8, 9)",D1,True,drop_victim,victim_5_,"(8, 9)",5,25,0.25,0.0,Argo,True,True
mission_nocomm,PA52,will,343,1751545418,"(15, 8)",B1,True,take_victim,victim_6_,"(9, 9)",6,25,0.3125,0.0,Argo,False,
mission_nocomm,PA52,will,407,1751545425,"(9, 9)",B1,True,drop_victim,victim_6_,"(9, 9)",6,30,0.3125,0.0,Argo,True,True
mission_nocomm,PA52,human,424,1751545426,"(2, 7)",D2,True,take_victim,victim_8_,"(11, 9)",8,30,0.375,0.0,Argo,False,
mission_nocomm,PA52,will,491,1751545433,"(11, 18)",C2,True,take_victim,victim_7_,"(10, 9)",7,30,0.375,0.0,Argo,False,
mission_nocomm,PA52,will,597,1751545444,"(10, 9)",C2,True,drop_victim,victim_7_,"(10, 9)",7,35,0.375,0.0,Argo,True,True
mission_nocomm,PA52,human,606,1751545445,"(11, 9)",D2,True,drop_victim,victim_8_,"(11, 9)",8,40,0.4375,0.0,Argo,True,True
mission_nocomm,PA52,human,648,1751545450,"(7, 4)",A1,True,take_victim,victim_9_,"(8, 10)",9,40,0.5,0.0,Argo,False,
mission_nocomm,PA52,human,669,1751545452,"(8, 10)",A1,True,drop_victim,victim_9_,"(8, 10)",9,45,0.5,0.0,Argo,True,True
mission_nocomm,PA52,will,679,1751545453,"(18, 11)",B2,True,take_victim,victim_11_,"(10, 10)",11,45,0.5625,0.0,Argo,False,
mission_nocomm,PA52,human,702,1751545455,"(1, 8)",D2,True,take_victim,victim_10_,"(9, 10)",10,45,0.5625,0.0,Argo,False,
mission_nocomm,PA52,human,731,1751545458,"(9, 10)",D2,True,drop_victim,victim_10_,"(9, 10)",10,50,0.5625,0.0,Argo,True,True
mission_nocomm,PA52,human,776,1751545463,"(7, 1)",A2,True,take_victim,victim_15_,"(10, 11)",15,50,0.625,0.0,Argo,False,
mission_nocomm,PA52,will,783,1751545464,"(10, 10)",B2,True,drop_victim,victim_11_,"(10, 10)",11,55,0.625,0.0,Argo,True,True
mission_nocomm,PA52,will,837,1751545470,"(16, 11)",B1,True,take_victim,victim_12_,"(11, 10)",12,55,0.6875,0.0,Argo,False,
mission_nocomm,PA52,will,911,1751545477,"(11, 10)",B1,True,drop_victim,victim_12_,"(11, 10)",12,60,0.6875,0.0,Argo,True,True
mission_nocomm,PA52,will,979,1751545484,"(8, 17)",C2,True,take_victim,victim_13_,"(8, 11)",13,60,0.75,0.0,Argo,False,
mission_nocomm,PA52,will,1067,1751545494,"(8, 11)",C2,True,drop_victim,victim_13_,"(8, 11)",13,65,0.75,0.0,Argo,True,True
mission_nocomm,PA52,will,1105,1751545498,"(7, 15)",C1,True,take_victim,victim_14_,"(9, 11)",14,65,0.8125,0.0,Argo,False,
mission_nocomm,PA52,will,1165,1751545504,"(9, 11)",C1,True,drop_victim,victim_14_,"(9, 11)",14,70,0.8125,0.0,Argo,True,True
mission_nocomm,PA52,human,1175,1751545505,"(10, 11)",A2,True,drop_victim,victim_15_,"(10, 11)",15,75,0.875,0.0,Argo,True,True
mission_nocomm,PA52,human,1210,1751545509,"(4, 11)",D1,True,take_victim,victim_16_,"(11, 11)",16,75,0.9375,0.0,Argo,False,
mission_nocomm,PA52,human,1246,1751545512,"(11, 11)",D1,True,drop_victim,victim_16_,"(11, 11)",16,80,0.9375,0.0,Argo,True,True
mission_comm,PA39,human,76,1751357435,"(9, 2)",A2,True,take_victim,victim_1_,"(8, 8)",1,0,0.0,0.0,Argo,False,
mission_comm,PA39,will,87,1751357436,"(18, 12)",B2,True,take_victim,victim_3_,"(10, 8)",3,0,0.0,0.0,Argo,False,
mission_comm,PA39,human,104,1751357438,"(8, 8)",A2,True,drop_victim,victim_1_,"(8, 8)",1,5,0.0,0.0,Argo,True,True
mission_comm,PA39,human,136,1751357442,"(4, 8)",D1,True,take_victim,victim_2_,"(9, 8)",2,5,0.0625,0.0,Argo,False,
mission_comm,PA39,human,158,1751357444,"(9, 8)",D1,True,drop_victim,victim_2_,"(9, 8)",2,10,0.0625,0.0,Argo,True,True
mission_comm,PA39,will,191,1751357447,"(10, 8)",B2,True,drop_victim,victim_3_,"(10, 8)",3,15,0.125,0.0,Argo,True,True
mission_comm,PA39,will,263,1751357455,"(12, 17)",C2,True,take_victim,victim_4_,"(11, 8)",4,15,0.1875,0.0,Argo,False,
mission_comm,PA39,human,299,1751357459,"(8, 1)",A2,True,take_victim,victim_6_,"(9, 9)",6,15,0.1875,0.0,Argo,False,
mission_comm,PA39,will,369,1751357466,"(11, 8)",C2,True,drop_victim,victim_4_,"(11, 8)",4,20,0.1875,0.0,Argo,True,True
mission_comm,PA39,will,413,1751357471,"(12, 15)",C1,True,take_victim,victim_5_,"(8, 9)",5,20,0.25,0.0,Argo,False,
mission_comm,PA39,will,477,1751357477,"(8, 9)",C1,True,drop_victim,victim_5_,"(8, 9)",5,25,0.25,0.0,Argo,True,True
mission_comm,PA39,human,486,1751357478,"(9, 9)",A2,True,drop_victim,victim_6_,"(9, 9)",6,30,0.3125,0.0,Argo,True,True
mission_comm,PA39,will,535,1751357483,"(16, 11)",B1,True,take_victim,victim_7_,"(10, 9)",7,30,0.375,0.0,Argo,False,
mission_comm,PA39,human,608,1751357491,"(1, 12)",D2,True,take_victim,victim_9_,"(8, 10)",9,30,0.375,0.0,Argo,False,
mission_comm,PA39,will,611,1751357491,"(10, 9)",B1,True,drop_victim,victim_7_,"(10, 9)",7,35,0.375,0.0,Argo,True,True
mission_comm,PA39,will,667,1751357497,"(8, 16)",C1,True,take_victim,victim_8_,"(11, 9)",8,35,0.4375,0.0,Argo,False,
mission_comm,PA39,will,745,1751357505,"(11, 9)",C1,True,drop_victim,victim_8_,"(11, 9)",8,40,0.4375,0.0,Argo,True,True
mission_comm,PA39,human,755,1751357506,"(8, 10)",D2,True,drop_victim,victim_9_,"(8, 10)",9,45,0.5,0.0,Argo,True,True
mission_comm,PA39,will,783,1751357509,"(15, 12)",B1,True,take_victim,victim_12_,"(11, 10)",12,45,0.5625,0.0,Argo,False,
mission_comm,PA39,human,801,1751357511,"(2, 7)",D2,True,take_victim,victim_10_,"(9, 10)",10,45,0.5625,0.0,Argo,False,
mission_comm,PA39,human,857,1751357517,"(9, 10)",D2,True,drop_victim,victim_10_,"(9, 10)",10,50,0.5625,0.0,Argo,True,True
mission_comm,PA39,human,887,1751357520,"(3, 9)",D1,True,take_victim,victim_11_,"(10, 10)",11,50,0.625,0.0,Argo,False,
mission_comm,PA39,human,912,1751357523,"(10, 10)",D1,True,drop_victim,victim_11_,"(10, 10)",11,55,0.625,0.0,Argo,True,True
mission_comm,PA39,will,913,1751357523,"(11, 10)",B1,True,drop_victim,victim_12_,"(11, 10)",12,60,0.6875,0.0,Argo,True,True
mission_comm,PA39,human,965,1751357529,"(8, 3)",A1,True,take_victim,victim_14_,"(9, 11)",14,60,0.75,0.0,Argo,False,
mission_comm,PA39,will,995,1751357532,"(11, 18)",C2,True,take_victim,victim_13_,"(8, 11)",13,60,0.75,0.0,Argo,False,
mission_comm,PA39,will,1097,1751357542,"(8, 11)",C2,True,drop_victim,victim_13_,"(8, 11)",13,65,0.75,0.0,Argo,True,True
mission_comm,PA39,human,1115,1751357544,"(9, 11)",A1,True,drop_victim,victim_14_,"(9, 11)",14,70,0.8125,0.0,Argo,True,True
mission_comm,PA39,human,1156,1751357549,"(9, 4)",A1,True,take_victim,victim_15_,"(10, 11)",15,70,0.875,0.0,Argo,False,
mission_comm,PA39,will,1169,1751357550,"(17, 8)",B2,True,take_victim,victim_16_,"(11, 11)",16,70,0.875,0.0,Argo,False,
mission_comm,PA39,human,1190,1751357552,"(10, 11)",A1,True,drop_victim,victim_15_,"(10, 11)",15,75,0.875,0.0,Argo,True,True
mission_comm,PA39,will,1257,1751357559,"(11, 11)",B2,True,drop_victim,victim_16_,"(11, 11)",16,80,0.9375,0.0,Argo,True,True
mission_comm,PA39,nowill,45,1751357825,"(15, 8)",B1,True,take_victim,victim_1_,"(8, 8)",1,0,0.0,0.0,Bolt,False,
mission_comm,PA39,nowill,111,1751357832,"(8, 8)",B1,True,drop_victim,victim_1_,"(8, 8)",1,5,0.0,0.0,Bolt,True,True
mission_comm,PA39,human,154,1751357836,"(2, 11)",D2,False,take_victim,victim_3_,"(10, 8)",3,5,0.0625,0.0,Bolt,False,
mission_comm,PA39,nowill,155,1751357837,"(9, 15)",C1,True,take_victim,victim_2_,"(9, 8)",2,5,0.0625,0.0,Bolt,False,
mission_comm,PA39,nowill,221,1751357844,"(9, 8)",C1,True,drop_victim,victim_2_,"(9, 8)",2,10,0.0625,0.0,Bolt,True,True
mission_comm,PA39,human,229,1751357844,"(10, 8)",D2,False,drop_victim,victim_3_,"(10, 8)",3,15,0.125,0.0,Bolt,True,True
mission_comm,PA39,nowill,305,1751357852,"(18, 9)",B2,True,take_victim,victim_4_,"(11, 8)",4,15,0.1875,0.0,Bolt,False,
mission_comm,PA39,human,326,1751357855,"(8, 2)",A2,True,take_victim,victim_6_,"(9, 9)",6,15,0.1875,0.0,Bolt,False,
mission_comm,PA39,nowill,407,1751357863,"(11, 8)",B2,True,drop_victim,victim_4_,"(11, 8)",4,20,0.1875,0.0,Bolt,True,True
mission_comm,PA39,human,427,1751357865,"(9, 9)",A2,True,drop_victim,victim_6_,"(9, 9)",6,22,0.25,0.0,Bolt,True,False
mission_comm,PA39,human,479,1751357871,"(9, 1)",A2,True,take_victim,victim_7_,"(10, 9)",7,22,0.3125,0.0,Bolt,False,
mission_comm,PA39,nowill,493,1751357872,"(12, 18)",C2,True,take_victim,victim_5_,"(8, 9)",5,22,0.3125,0.0,Bolt,False,
mission_comm,PA39,nowill,599,1751357883,"(8, 9)",C2,True,drop_victim,victim_5_,"(8, 9)",5,27,0.3125,0.0,Bolt,True,True
mission_comm,PA39,human,643,1751357888,"(10, 9)",A2,True,drop_victim,victim_7_,"(10, 9)",7,32,0.375,0.0,Bolt,True,True
mission_comm,PA39,nowill,671,1751357891,"(17, 12)",B2,True,take_victim,victim_10_,"(9, 10)",10,32,0.4375,0.0,Bolt,False,
mission_comm,PA39,human,691,1751357893,"(4, 12)",D1,False,take_victim,victim_8_,"(11, 9)",8,32,0.4375,0.0,Bolt,False,
mission_comm,PA39,human,735,1751357897,"(11, 9)",D1,False,drop_victim,victim_8_,"(11, 9)",8,37,0.4375,0.0,Bolt,True,True
mission_comm,PA39,human,771,1751357901,"(1, 9)",D2,False,take_victim,victim_9_,"(8, 10)",9,37,0.5,0.0,Bolt,False,
mission_comm,PA39,human,806,1751357905,"(8, 10)",D2,False,drop_victim,victim_9_,"(8, 10)",9,42,0.5,0.0,Bolt,True,True
mission_comm,PA39,nowill,807,1751357905,"(9, 10)",B2,True,drop_victim,victim_10_,"(9, 10)",10,47,0.5625,0.0,Bolt,True,True
mission_comm,PA39,nowill,861,1751357911,"(11, 16)",C1,True,take_victim,victim_11_,"(10, 10)",11,47,0.625,0.0,Bolt,False,
mission_comm,PA39,human,894,1751357914,"(7, 4)",A1,True,take_victim,victim_12_,"(11, 10)",12,47,0.625,0.0,Bolt,False,
mission_comm,PA39,nowill,937,1751357919,"(10, 10)",C1,True,drop_victim,victim_11_,"(10, 10)",11,52,0.625,0.0,Bolt,True,True
mission_comm,PA39,human,951,1751357920,"(11, 10)",A1,True,drop_victim,victim_12_,"(11, 10)",12,57,0.6875,0.0,Bolt,True,True
mission_comm,PA39,human,991,1751357924,"(3, 10)",D1,False,take_victim,victim_14_,"(9, 11)",14,57,0.75,0.0,Bolt,False,
mission_comm,PA39,nowill,991,1751357924,"(16, 10)",B1,True,take_victim,victim_13_,"(8, 11)",13,57,0.75,0.0,Bolt,False,
mission_comm,PA39,nowill,1071,1751357933,"(8, 11)",B1,True,drop_victim,victim_13_,"(8, 11)",13,62,0.75,0.0,Bolt,True,True
mission_comm,PA39,human,1080,1751357934,"(9, 11)",D1,False,drop_victim,victim_14_,"(9, 11)",14,67,0.8125,0.0,Bolt,True,True
mission_comm,PA39,human,1123,1751357938,"(10, 3)",A1,True,take_victim,victim_15_,"(10, 11)",15,67,0.875,0.0,Bolt,False,
mission_comm,PA39,nowill,1137,1751357940,"(9, 17)",C2,True,take_victim,victim_16_,"(11, 11)",16,67,0.875,0.0,Bolt,False,
mission_comm,PA39,human,1148,1751357941,"(10, 11)",A1,True,drop_victim,victim_15_,"(10, 11)",15,72,0.875,0.0,Bolt,True,True
mission_comm,PA39,nowill,1225,1751357949,"(11, 11)",C2,True,drop_victim,victim_16_,"(11, 11)",16,77,0.9375,0.0,Bolt,True,True
mission_nocomm,PA37,will,41,1751274536,"(11, 15)",C1,True,take_victim,victim_1_,"(8, 8)",1,0,0.0,0.0,Argo,False,
mission_nocomm,PA37,will,107,1751274543,"(8, 8)",C1,True,drop_victim,victim_1_,"(8, 8)",1,5,0.0,0.0,Argo,True,True
mission_nocomm,PA37,will,165,1751274549,"(16, 11)",B1,True,take_victim,victim_2_,"(9, 8)",2,5,0.0625,0.0,Argo,False,
mission_nocomm,PA37,will,243,1751274557,"(9, 8)",B1,True,drop_victim,victim_2_,"(9, 8)",2,10,0.0625,0.0,Argo,True,True
mission_nocomm,PA37,human,295,1751274562,"(10, 4)",A1,True,take_victim,victim_3_,"(10, 8)",3,10,0.125,0.0,Argo,False,
mission_nocomm,PA37,will,327,1751274566,"(18, 12)",B2,True,take_victim,victim_5_,"(8, 9)",5,10,0.125,0.0,Argo,False,
mission_nocomm,PA37,human,328,1751274566,"(10, 8)",A1,True,drop_victim,victim_3_,"(10, 8)",3,15,0.125,0.0,Argo,True,True
mission_nocomm,PA37,human,382,1751274572,"(11, 2)",A2,True,take_victim,victim_4_,"(11, 8)",4,15,0.1875,0.0,Argo,False,
mission_nocomm,PA37,human,419,1751274576,"(11, 8)",A2,True,drop_victim,victim_4_,"(11, 8)",4,20,0.1875,0.0,Argo,True,True
mission_nocomm,PA37,will,435,1751274577,"(8, 9)",B2,True,drop_victim,victim_5_,"(8, 9)",5,25,0.25,0.0,Argo,True,True
mission_nocomm,PA37,human,486,1751274583,"(2, 10)",D2,True,take_victim,victim_6_,"(9, 9)",6,25,0.3125,0.0,Argo,False,
mission_nocomm,PA37,will,491,1751274583,"(12, 16)",C1,True,take_victim,victim_7_,"(10, 9)",7,25,0.3125,0.0,Argo,False,
mission_nocomm,PA37,human,519,1751274586,"(9, 9)",D2,True,drop_victim,victim_6_,"(9, 9)",6,30,0.3125,0.0,Argo,True,True
mission_nocomm,PA37,will,569,1751274591,"(10, 9)",C1,True,drop_victim,victim_7_,"(10, 9)",7,35,0.375,0.0,Argo,True,True
mission_nocomm,PA37,human,627,1751274597,"(7, 3)",A1,True,take_victim,victim_10_,"(9, 10)",10,35,0.4375,0.0,Argo,False,
mission_nocomm,PA37,will,637,1751274598,"(17, 10)",B2,True,take_victim,victim_8_,"(11, 9)",8,35,0.4375,0.0,Argo,False,
mission_nocomm,PA37,human,668,1751274602,"(9, 10)",A1,True,drop_victim,victim_10_,"(9, 10)",10,37,0.4375,0.0,Argo,True,False
mission_nocomm,PA37,will,725,1751274608,"(11, 9)",B2,True,drop_victim,victim_8_,"(11, 9)",8,42,0.5,0.0,Argo,True,True
mission_nocomm,PA37,will,795,1751274615,"(7, 17)",C2,True,take_victim,victim_9_,"(8, 10)",9,42,0.5625,0.0,Argo,False,
mission_nocomm,PA37,will,885,1751274624,"(8, 10)",C2,True,drop_victim,victim_9_,"(8, 10)",9,47,0.5625,0.0,Argo,True,True
mission_nocomm,PA37,will,967,1751274633,"(12, 18)",C2,True,take_victim,victim_11_,"(10, 10)",11,47,0.625,0.0,Argo,False,
mission_nocomm,PA37,human,1047,1751274641,"(3, 10)",D1,True,take_victim,victim_12_,"(11, 10)",12,47,0.625,0.0,Argo,False,
mission_nocomm,PA37,will,1071,1751274644,"(10, 10)",C2,True,drop_victim,victim_11_,"(10, 10)",11,52,0.625,0.0,Argo,True,True
mission_nocomm,PA37,human,1091,1751274646,"(11, 10)",D1,True,drop_victim,victim_12_,"(11, 10)",12,57,0.6875,0.0,Argo,True,True
mission_nocomm,PA37,will,1111,1751274648,"(15, 7)",B1,True,take_victim,victim_14_,"(9, 11)",14,57,0.75,0.0,Argo,False,
mission_nocomm,PA37,human,1197,1751274657,"(1, 11)",D2,True,take_victim,victim_13_,"(8, 11)",13,57,0.75,0.9491519927978516,Argo,False,
mission_nocomm,PA37,human,1228,1751274660,"(8, 11)",D2,True,drop_victim,victim_13_,"(8, 11)",13,62,0.75,0.9491519927978516,Argo,True,True
mission_nocomm,PA37,will,1229,1751274660,"(9, 11)",B1,True,drop_victim,victim_14_,"(9, 11)",14,67,0.8125,0.9491519927978516,Argo,True,True
mission_nocomm,PA37,human,1283,1751274666,"(12, 1)",A2,True,take_victim,victim_15_,"(10, 11)",15,67,0.875,0.9491519927978516,Argo,False,
mission_nocomm,PA37,human,1325,1751274670,"(10, 11)",A2,True,drop_victim,victim_15_,"(10, 11)",15,72,0.875,0.9491519927978516,Argo,True,True
mission_nocomm,PA37,human,1357,1751274674,"(4, 9)",D1,True,take_victim,victim_16_,"(11, 11)",16,72,0.9375,0.9491519927978516,Argo,False,
mission_nocomm,PA37,human,1385,1751274677,"(11, 11)",D1,True,drop_victim,victim_16_,"(11, 11)",16,77,0.9375,0.9491519927978516,Argo,True,True
mission_nocomm,PA37,nowill,41,1751274795,"(8, 15)",C1,True,take_victim,victim_1_,"(8, 8)",1,0,0.0,0.0,Bolt,False,
mission_nocomm,PA37,nowill,107,1751274802,"(8, 8)",C1,True,drop_victim,victim_1_,"(8, 8)",1,5,0.0,0.0,Bolt,True,True
mission_nocomm,PA37,nowill,165,1751274808,"(12, 16)",C1,True,take_victim,victim_2_,"(9, 8)",2,5,0.0625,0.0,Bolt,False,
mission_nocomm,PA37,human,204,1751274812,"(10, 1)",A2,True,take_victim,victim_4_,"(11, 8)",4,5,0.0625,0.0,Bolt,False,
mission_nocomm,PA37,nowill,245,1751274816,"(9, 8)",C1,True,drop_victim,victim_2_,"(9, 8)",2,10,0.0625,0.0,Bolt,True,True
mission_nocomm,PA37,nowill,261,1751274818,"(4, 9)",D1,True,take_victim,victim_3_,"(10, 8)",3,10,0.125,0.0,Bolt,False,
mission_nocomm,PA37,nowill,277,1751274820,"(10, 8)",D1,True,drop_victim,victim_3_,"(10, 8)",3,15,0.125,0.0,Bolt,True,True
mission_nocomm,PA37,human,291,1751274821,"(11, 8)",A2,True,drop_victim,victim_4_,"(11, 8)",4,20,0.1875,0.0,Bolt,True,True
mission_nocomm,PA37,nowill,363,1751274829,"(12, 18)",C2,True,take_victim,victim_5_,"(8, 9)",5,20,0.25,1.1529552936553955,Bolt,False,
mission_nocomm,PA37,human,398,1751274832,"(15, 7)",B1,True,take_victim,victim_7_,"(10, 9)",7,20,0.25,5.001675128936768,Bolt,False,
mission_nocomm,PA37,nowill,469,1751274840,"(8, 9)",C2,True,drop_victim,victim_5_,"(8, 9)",5,25,0.25,8.35906195640564,Bolt,True,True
mission_nocomm,PA37,nowill,485,1751274841,"(3, 8)",D1,True,take_victim,victim_6_,"(9, 9)",6,25,0.3125,8.35906195640564,Bolt,False,
mission_nocomm,PA37,nowill,501,1751274843,"(9, 9)",D1,True,drop_victim,victim_6_,"(9, 9)",6,30,0.3125,8.35906195640564,Bolt,True,True
mission_nocomm,PA37,human,516,1751274845,"(10, 9)",B1,True,drop_victim,victim_7_,"(10, 9)",7,35,0.375,8.35906195640564,Bolt,True,True
mission_nocomm,PA37,human,539,1751274847,"(10, 3)",A1,True,take_victim,victim_8_,"(11, 9)",8,35,0.4375,8.35906195640564,Bolt,False,
mission_nocomm,PA37,human,571,1751274850,"(11, 9)",A1,True,drop_victim,victim_8_,"(11, 9)",8,40,0.4375,8.35906195640564,Bolt,True,True
mission_nocomm,PA37,nowill,571,1751274850,"(9, 17)",C2,True,take_victim,victim_9_,"(8, 10)",9,40,0.4375,8.35906195640564,Bolt,False,
mission_nocomm,PA37,human,646,1751274858,"(18, 9)",B2,True,take_victim,victim_10_,"(9, 10)",10,40,0.5,14.122780084609984,Bolt,False,
mission_nocomm,PA37,nowill,661,1751274860,"(8, 10)",C2,True,drop_victim,victim_9_,"(8, 10)",9,45,0.5,15.374186038970947,Bolt,True,True
mission_nocomm,PA37,nowill,679,1751274862,"(2, 8)",D2,True,take_victim,victim_13_,"(8, 11)",13,45,0.5625,17.259761095046997,Bolt,False,
mission_nocomm,PA37,human,731,1751274867,"(9, 10)",B2,True,drop_victim,victim_10_,"(9, 10)",10,50,0.5625,20.09234929084778,Bolt,True,True
mission_nocomm,PA37,human,770,1751274871,"(7, 2)",A2,True,take_victim,victim_11_,"(10, 10)",11,50,0.625,20.09234929084778,Bolt,False,
mission_nocomm,PA37,human,812,1751274876,"(10, 10)",A2,True,drop_victim,victim_11_,"(10, 10)",11,55,0.625,20.09234929084778,Bolt,True,True
mission_nocomm,PA37,human,838,1751274878,"(8, 4)",A1,True,take_victim,victim_12_,"(11, 10)",12,55,0.6875,20.09234929084778,Bolt,False,
mission_nocomm,PA37,human,872,1751274882,"(11, 10)",A1,True,drop_victim,victim_12_,"(11, 10)",12,60,0.6875,20.09234929084778,Bolt,True,True
mission_nocomm,PA37,nowill,873,1751274882,"(8, 11)",D2,True,drop_victim,victim_13_,"(8, 11)",13,65,0.75,20.09234929084778,Bolt,True,True
mission_nocomm,PA37,nowill,893,1751274884,"(1, 7)",D2,True,take_victim,victim_16_,"(11, 11)",16,65,0.8125,20.275083303451535,Bolt,False,
mission_nocomm,PA37,human,973,1751274893,"(17, 11)",B2,True,take_victim,victim_14_,"(9, 11)",14,65,0.8125,29.28103542327881,Bolt,False,
mission_nocomm,PA37,human,1046,1751274900,"(9, 11)",B2,True,drop_victim,victim_14_,"(9, 11)",14,70,0.8125,34.503756284713745,Bolt,True,True
mission_nocomm,PA37,human,1147,1751274911,"(16, 9)",B1,True,take_victim,victim_15_,"(10, 11)",15,70,0.875,43.02858829498291,Bolt,False,
mission_nocomm,PA37,human,1214,1751274918,"(10, 11)",B1,True,drop_victim,victim_15_,"(10, 11)",15,75,0.875,47.324931383132935,Bolt,True,True
mission_nocomm,PA37,nowill,1215,1751274918,"(11, 11)",D2,True,drop_victim,victim_16_,"(11, 11)",16,80,0.9375,47.324931383132935,Bolt,True,True
mission_comm,PA30,will,59,1750320088,"(16, 9)",B1,True,take_victim,victim_2_,"(9, 8)",2,0,0.0,0.0,Argo,False,
mission_comm,PA30,human,105,1750320093,"(2, 8)",D2,True,take_victim,victim_1_,"(8, 8)",1,0,0.0,0.0,Argo,False,
mission_comm,PA30,human,128,1750320095,"(8, 8)",D2,True,drop_victim,victim_1_,"(8, 8)",1,5,0.0,0.0,Argo,True,True
mission_comm,PA30,will,137,1750320096,"(9, 8)",B1,True,drop_victim,victim_2_,"(9, 8)",2,10,0.0625,0.0,Argo,True,True
mission_comm,PA30,will,179,1750320100,"(15, 8)",B1,True,take_victim,victim_4_,"(11, 8)",4,10,0.125,0.0,Argo,False,
mission_comm,PA30,human,259,1750320109,"(1, 11)",D2,True,take_victim,victim_3_,"(10, 8)",3,10,0.125,0.0,Argo,False,
mission_comm,PA30,human,308,1750320114,"(10, 8)",D2,True,drop_victim,victim_3_,"(10, 8)",3,15,0.125,0.0,Argo,True,True
mission_comm,PA30,will,309,1750320114,"(11, 8)",B1,True,drop_victim,victim_4_,"(11, 8)",4,20,0.1875,0.0,Argo,True,True
mission_comm,PA30,will,367,1750320120,"(11, 16)",C1,True,take_victim,victim_5_,"(8, 9)",5,20,0.25,0.0,Argo,False,
mission_comm,PA30,human,444,1750320128,"(12, 1)",A2,True,take_victim,victim_8_,"(11, 9)",8,20,0.25,0.0,Argo,False,
mission_comm,PA30,will,445,1750320128,"(8, 9)",C1,True,drop_victim,victim_5_,"(8, 9)",5,25,0.25,0.0,Argo,True,True
mission_comm,PA30,will,529,1750320137,"(7, 18)",C2,True,take_victim,victim_6_,"(9, 9)",6,25,0.3125,0.0,Argo,False,
mission_comm,PA30,will,635,1750320148,"(9, 9)",C2,True,drop_victim,victim_6_,"(9, 9)",6,30,0.3125,0.0,Argo,True,True
mission_comm,PA30,will,677,1750320152,"(7, 15)",C1,True,take_victim,victim_7_,"(10, 9)",7,30,0.375,0.0,Argo,False,
mission_comm,PA30,will,741,1750320159,"(10, 9)",C1,True,drop_victim,victim_7_,"(10, 9)",7,35,0.375,0.0,Argo,True,True
mission_comm,PA30,human,786,1750320164,"(11, 9)",A2,True,drop_victim,victim_8_,"(11, 9)",8,40,0.4375,0.0,Argo,True,True
mission_comm,PA30,will,809,1750320166,"(17, 9)",B2,True,take_victim,victim_9_,"(8, 10)",9,40,0.5,0.0,Argo,False,
mission_comm,PA30,human,830,1750320168,"(8, 4)",A1,True,take_victim,victim_10_,"(9, 10)",10,40,0.5,0.0,Argo,False,
mission_comm,PA30,will,903,1750320176,"(8, 10)",B2,True,drop_victim,victim_9_,"(8, 10)",9,45,0.5,0.0,Argo,True,True
mission_comm,PA30,human,922,1750320178,"(9, 10)",A1,True,drop_victim,victim_10_,"(9, 10)",10,50,0.5625,0.0,Argo,True,True
mission_comm,PA30,human,966,1750320183,"(4, 7)",D1,True,take_victim,victim_13_,"(8, 11)",13,50,0.625,0.0,Argo,False,
mission_comm,PA30,will,971,1750320183,"(8, 17)",C2,True,take_victim,victim_11_,"(10, 10)",11,50,0.625,0.0,Argo,False,
mission_comm,PA30,will,1061,1750320193,"(10, 10)",C2,True,drop_victim,victim_11_,"(10, 10)",11,55,0.625,0.0,Argo,True,True
mission_comm,PA30,will,1143,1750320201,"(18, 12)",B2,True,take_victim,victim_12_,"(11, 10)",12,55,0.6875,0.0,Argo,False,
mission_comm,PA30,will,1245,1750320212,"(11, 10)",B2,True,drop_victim,victim_12_,"(11, 10)",12,60,0.6875,0.0,Argo,True,True
mission_comm,PA30,human,1267,1750320214,"(8, 11)",D1,True,drop_victim,victim_13_,"(8, 11)",13,65,0.75,0.0,Argo,True,True
mission_comm,PA30,human,1307,1750320218,"(11, 2)",A2,True,take_victim,victim_14_,"(9, 11)",14,65,0.8125,0.0,Argo,False,
mission_comm,PA30,human,1358,1750320224,"(9, 11)",A2,True,drop_victim,victim_14_,"(9, 11)",14,70,0.8125,0.0,Argo,True,True
mission_comm,PA30,human,1393,1750320227,"(12, 3)",A1,True,take_victim,victim_15_,"(10, 11)",15,70,0.875,0.0,Argo,False,
mission_comm,PA30,human,1427,1750320231,"(10, 11)",A1,True,drop_victim,victim_15_,"(10, 11)",15,75,0.875,0.0,Argo,True,True
mission_comm,PA30,human,1482,1750320237,"(3, 10)",D1,True,take_victim,victim_16_,"(11, 11)",16,75,0.9375,0.0,Argo,False,
mission_comm,PA30,human,1513,1750320240,"(11, 11)",D1,True,drop_victim,victim_16_,"(11, 11)",16,80,0.9375,0.0,Argo,True,True
mission_comm,PA30,nowill,17,1750320457,"(1, 10)",D2,True,take_victim,victim_3_,"(10, 8)",3,0,0.0,0.0,Bolt,False,
mission_comm,PA30,human,122,1750320468,"(7, 1)",A2,True,take_victim,victim_1_,"(8, 8)",1,0,0.0,0.0,Bolt,False,
mission_comm,PA30,human,156,1750320471,"(8, 8)",A2,True,drop_victim,victim_1_,"(8, 8)",1,5,0.0,0.0,Bolt,True,True
mission_comm,PA30,human,458,1750320503,"(17, 9)",B2,True,take_victim,victim_2_,"(9, 8)",2,5,0.0625,19.390782833099365,Bolt,False,
mission_comm,PA30,human,542,1750320512,"(9, 8)",B2,True,drop_victim,victim_2_,"(9, 8)",2,10,0.0625,25.583958625793457,Bolt,True,True
mission_comm,PA30,nowill,543,1750320512,"(10, 8)",D2,True,drop_victim,victim_3_,"(10, 8)",3,15,0.125,25.583958625793457,Bolt,True,True
mission_comm,PA30,nowill,615,1750320520,"(8, 17)",C2,True,take_victim,victim_4_,"(11, 8)",4,15,0.1875,25.583958625793457,Bolt,False,
mission_comm,PA30,human,682,1750320527,"(18, 11)",B2,True,take_victim,victim_7_,"(10, 9)",7,15,0.1875,31.320271492004395,Bolt,False,
mission_comm,PA30,nowill,709,1750320529,"(11, 8)",C2,True,drop_victim,victim_4_,"(11, 8)",4,20,0.1875,33.824238538742065,Bolt,True,True
mission_comm,PA30,nowill,753,1750320534,"(7, 15)",C1,True,take_victim,victim_5_,"(8, 9)",5,20,0.25,37.59327459335327,Bolt,False,
mission_comm,PA30,nowill,817,1750320541,"(8, 9)",C1,True,drop_victim,victim_5_,"(8, 9)",5,25,0.25,37.59327459335327,Bolt,True,True
mission_comm,PA30,nowill,873,1750320547,"(11, 16)",C1,True,take_victim,victim_6_,"(9, 9)",6,25,0.3125,37.59327459335327,Bolt,False,
mission_comm,PA30,nowill,951,1750320555,"(9, 9)",C1,True,drop_victim,victim_6_,"(9, 9)",6,30,0.3125,37.59327459335327,Bolt,True,True
mission_comm,PA30,human,963,1750320556,"(10, 9)",B2,True,drop_victim,victim_7_,"(10, 9)",7,35,0.375,37.59327459335327,Bolt,True,True
mission_comm,PA30,nowill,967,1750320556,"(4, 10)",D1,True,take_victim,victim_8_,"(11, 9)",8,35,0.4375,37.59327459335327,Bolt,False,
mission_comm,PA30,nowill,985,1750320558,"(11, 9)",D1,True,drop_victim,victim_8_,"(11, 9)",8,40,0.4375,37.59327459335327,Bolt,True,True
mission_comm,PA30,human,1007,1750320561,"(12, 4)",A1,True,take_victim,victim_9_,"(8, 10)",9,40,0.5,37.59327459335327,Bolt,False,
mission_comm,PA30,nowill,1069,1750320567,"(10, 18)",C2,True,take_victim,victim_10_,"(9, 10)",10,40,0.5,37.59327459335327,Bolt,False,
mission_comm,PA30,human,1083,1750320569,"(8, 10)",A1,True,drop_victim,victim_9_,"(8, 10)",9,45,0.5,37.59327459335327,Bolt,True,True
mission_comm,PA30,nowill,1173,1750320578,"(9, 10)",C2,True,drop_victim,victim_10_,"(9, 10)",10,50,0.5625,37.69379568099976,Bolt,True,True
mission_comm,PA30,nowill,1191,1750320580,"(3, 11)",D1,True,take_victim,victim_14_,"(9, 11)",14,50,0.625,39.58701586723328,Bolt,False,
mission_comm,PA30,human,1224,1750320583,"(16, 11)",B1,True,take_victim,victim_11_,"(10, 10)",11,50,0.625,43.76558470726013,Bolt,False,
mission_comm,PA30,human,1286,1750320590,"(10, 10)",B1,True,drop_victim,victim_11_,"(10, 10)",11,55,0.625,48.170217752456665,Bolt,True,True
mission_comm,PA30,human,1318,1750320593,"(7, 3)",A1,True,take_victim,victim_12_,"(11, 10)",12,55,0.6875,48.170217752456665,Bolt,False,
mission_comm,PA30,human,1363,1750320598,"(11, 10)",A1,True,drop_victim,victim_12_,"(11, 10)",12,60,0.6875,48.170217752456665,Bolt,True,True
mission_comm,PA30,human,1468,1750320609,"(15, 9)",B1,True,take_victim,victim_13_,"(8, 11)",13,60,0.75,57.05350208282471,Bolt,False,
mission_comm,PA30,human,1523,1750320615,"(8, 11)",B1,True,drop_victim,victim_13_,"(8, 11)",13,65,0.75,60.19246506690979,Bolt,True,True
mission_comm,PA30,nowill,1524,1750320615,"(9, 11)",D1,True,drop_victim,victim_14_,"(9, 11)",14,70,0.8125,60.19246506690979,Bolt,True,True
mission_comm,PA30,nowill,1544,1750320617,"(2, 12)",D2,True,take_victim,victim_15_,"(10, 11)",15,70,0.875,60.19246506690979,Bolt,False,
mission_comm,PA30,nowill,1564,1750320619,"(10, 11)",D2,True,drop_victim,victim_15_,"(10, 11)",15,75,0.875,60.19246506690979,Bolt,True,True
mission_comm,PA30,human,1572,1750320620,"(11, 2)",A2,True,take_victim,victim_16_,"(11, 11)",16,75,0.9375,60.19246506690979,Bolt,False,
mission_comm,PA30,human,1603,1750320623,"(11, 11)",A2,True,drop_victim,victim_16_,"(11, 11)",16,80,0.9375,60.19246506690979,Bolt,True,True
mission_comm,PA53,nowill,41,1751551459,"(7, 15)",C1,True,take_victim,victim_1_,"(8, 8)",1,0,0.0,0.0,Bolt,False,
mission_comm,PA53,nowill,107,1751551466,"(8, 8)",C1,True,drop_victim,victim_1_,"(8, 8)",1,5,0.0,0.0,Bolt,True,True
mission_comm,PA53,nowill,165,1751551472,"(9, 16)",C1,True,take_victim,victim_3_,"(10, 8)",3,5,0.0625,0.0,Bolt,False,
mission_comm,PA53,human,210,1751551477,"(7, 3)",A1,True,take_victim,victim_2_,"(9, 8)",2,5,0.0625,0.0,Bolt,False,
mission_comm,PA53,human,234,1751551480,"(9, 8)",A1,True,drop_victim,victim_2_,"(9, 8)",2,10,0.0625,0.0,Bolt,True,True
mission_comm,PA53,nowill,245,1751551481,"(10, 8)",C1,True,drop_victim,victim_3_,"(10, 8)",3,15,0.125,0.0,Bolt,True,True
mission_comm,PA53,nowill,285,1751551485,"(15, 8)",B1,True,take_victim,victim_4_,"(11, 8)",4,15,0.1875,0.0,Bolt,False,
mission_comm,PA53,human,338,1751551491,"(3, 10)",D1,False,take_victim,victim_6_,"(9, 9)",6,15,0.1875,0.0,Bolt,False,
mission_comm,PA53,nowill,345,1751551491,"(11, 8)",B1,True,drop_victim,victim_4_,"(11, 8)",4,20,0.1875,0.0,Bolt,True,True
mission_comm,PA53,nowill,411,1751551498,"(17, 11)",B2,True,take_victim,victim_5_,"(8, 9)",5,20,0.25,0.0,Bolt,False,
mission_comm,PA53,nowill,505,1751551508,"(8, 9)",B2,True,drop_victim,victim_5_,"(8, 9)",5,25,0.25,0.0,Bolt,True,True
mission_comm,PA53,human,522,1751551510,"(9, 9)",D1,False,drop_victim,victim_6_,"(9, 9)",6,30,0.3125,0.0,Bolt,True,True
mission_comm,PA53,human,561,1751551514,"(11, 2)",A2,True,take_victim,victim_7_,"(10, 9)",7,30,0.375,0.0,Bolt,False,
mission_comm,PA53,nowill,563,1751551514,"(16, 11)",B1,True,take_victim,victim_9_,"(8, 10)",9,30,0.375,0.0,Bolt,False,
mission_comm,PA53,human,587,1751551517,"(10, 9)",A2,True,drop_victim,victim_7_,"(10, 9)",7,35,0.375,0.0,Bolt,True,True
mission_comm,PA53,human,613,1751551519,"(1, 9)",D2,False,take_victim,victim_8_,"(11, 9)",8,35,0.4375,0.0,Bolt,False,
mission_comm,PA53,human,651,1751551523,"(11, 9)",D2,False,drop_victim,victim_8_,"(11, 9)",8,40,0.4375,0.0,Bolt,True,True
mission_comm,PA53,nowill,652,1751551524,"(8, 10)",B1,True,drop_victim,victim_9_,"(8, 10)",9,45,0.5,0.0,Bolt,True,True
mission_comm,PA53,human,693,1751551528,"(2, 7)",D2,False,take_victim,victim_10_,"(9, 10)",10,45,0.5625,0.0,Bolt,False,
mission_comm,PA53,human,725,1751551531,"(9, 10)",D2,False,drop_victim,victim_10_,"(9, 10)",10,50,0.5625,0.0,Bolt,True,True
mission_comm,PA53,nowill,734,1751551532,"(8, 18)",C2,True,take_victim,victim_12_,"(11, 10)",12,50,0.625,0.0,Bolt,False,
mission_comm,PA53,human,753,1751551534,"(4, 12)",D1,False,take_victim,victim_11_,"(10, 10)",11,50,0.625,0.0,Bolt,False,
mission_comm,PA53,human,779,1751551537,"(10, 10)",D1,False,drop_victim,victim_11_,"(10, 10)",11,55,0.625,0.0,Bolt,True,True
mission_comm,PA53,nowill,838,1751551543,"(11, 10)",C2,True,drop_victim,victim_12_,"(11, 10)",12,60,0.6875,0.0,Bolt,True,True
mission_comm,PA53,human,860,1751551545,"(12, 1)",A2,True,take_victim,victim_14_,"(9, 11)",14,60,0.75,0.0,Bolt,False,
mission_comm,PA53,nowill,906,1751551550,"(12, 17)",C2,True,take_victim,victim_13_,"(8, 11)",13,60,0.75,0.0,Bolt,False,
mission_comm,PA53,nowill,994,1751551559,"(8, 11)",C2,True,drop_victim,victim_13_,"(8, 11)",13,65,0.75,0.0,Bolt,True,True
mission_comm,PA53,human,1005,1751551561,"(9, 11)",A2,True,drop_victim,victim_14_,"(9, 11)",14,70,0.8125,0.0,Bolt,True,True
mission_comm,PA53,human,1034,1751551564,"(11, 4)",A1,True,take_victim,victim_16_,"(11, 11)",16,70,0.875,0.0,Bolt,False,
mission_comm,PA53,nowill,1080,1751551568,"(18, 7)",B2,True,take_victim,victim_15_,"(10, 11)",15,70,0.875,0.0,Bolt,False,
mission_comm,PA53,nowill,1184,1751551579,"(10, 11)",B2,True,drop_victim,victim_15_,"(10, 11)",15,75,0.875,0.0,Bolt,True,True
mission_comm,PA53,human,1193,1751551580,"(11, 11)",A1,True,drop_victim,victim_16_,"(11, 11)",16,80,0.9375,0.0,Bolt,True,True
mission_comm,PA53,human,35,1751551746,"(1, 8)",D2,True,take_victim,victim_1_,"(8, 8)",1,0,0.0,0.0,Argo,False,
mission_comm,PA53,will,59,1751551748,"(16, 9)",B1,True,take_victim,victim_2_,"(9, 8)",2,0,0.0,0.0,Argo,False,
mission_comm,PA53,human,64,1751551749,"(8, 8)",D2,True,drop_victim,victim_1_,"(8, 8)",1,5,0.0,0.0,Argo,True,True
mission_comm,PA53,human,132,1751551756,"(3, 9)",D1,True,take_victim,victim_4_,"(11, 8)",4,5,0.0625,0.0,Argo,False,
mission_comm,PA53,will,137,1751551756,"(9, 8)",B1,True,drop_victim,victim_2_,"(9, 8)",2,10,0.0625,0.0,Argo,True,True
mission_comm,PA53,will,179,1751551761,"(15, 11)",B1,True,take_victim,victim_3_,"(10, 8)",3,10,0.125,0.0,Argo,False,
mission_comm,PA53,will,241,1751551767,"(10, 8)",B1,True,drop_victim,victim_3_,"(10, 8)",3,15,0.125,0.0,Argo,True,True
mission_comm,PA53,human,276,1751551771,"(11, 8)",D1,True,drop_victim,victim_4_,"(11, 8)",4,20,0.1875,0.0,Argo,True,True
mission_comm,PA53,will,285,1751551772,"(11, 15)",C1,True,take_victim,victim_6_,"(9, 9)",6,20,0.25,0.0,Argo,False,
mission_comm,PA53,human,312,1751551775,"(2, 10)",D2,True,take_victim,victim_5_,"(8, 9)",5,20,0.25,0.0,Argo,False,
mission_comm,PA53,human,337,1751551778,"(8, 9)",D2,True,drop_victim,victim_5_,"(8, 9)",5,25,0.25,0.0,Argo,True,True
mission_comm,PA53,will,349,1751551779,"(9, 9)",C1,True,drop_victim,victim_6_,"(9, 9)",6,30,0.3125,0.0,Argo,True,True
mission_comm,PA53,human,378,1751551782,"(4, 12)",D1,True,take_victim,victim_7_,"(10, 9)",7,30,0.375,0.0,Argo,False,
mission_comm,PA53,will,405,1751551785,"(9, 16)",C1,True,take_victim,victim_8_,"(11, 9)",8,30,0.375,0.0,Argo,False,
mission_comm,PA53,human,412,1751551785,"(10, 9)",D1,True,drop_victim,victim_7_,"(10, 9)",7,35,0.375,0.0,Argo,True,True
mission_comm,PA53,human,450,1751551789,"(11, 4)",A1,True,take_victim,victim_9_,"(8, 10)",9,35,0.4375,0.0,Argo,False,
mission_comm,PA53,will,483,1751551793,"(11, 9)",C1,True,drop_victim,victim_8_,"(11, 9)",8,40,0.4375,0.0,Argo,True,True
mission_comm,PA53,human,494,1751551794,"(8, 10)",A1,True,drop_victim,victim_9_,"(8, 10)",9,45,0.5,0.0,Argo,True,True
mission_comm,PA53,human,517,1751551796,"(8, 3)",A1,True,take_victim,victim_10_,"(9, 10)",10,45,0.5625,0.0,Argo,False,
mission_comm,PA53,will,553,1751551800,"(12, 17)",C2,True,take_victim,victim_11_,"(10, 10)",11,45,0.5625,0.0,Argo,False,
mission_comm,PA53,human,608,1751551806,"(9, 10)",A1,True,drop_victim,victim_10_,"(9, 10)",10,50,0.5625,0.0,Argo,True,True
mission_comm,PA53,will,643,1751551810,"(10, 10)",C2,True,drop_victim,victim_11_,"(10, 10)",11,55,0.625,0.0,Argo,True,True
mission_comm,PA53,human,652,1751551811,"(12, 2)",A2,True,take_victim,victim_12_,"(11, 10)",12,55,0.6875,0.0,Argo,False,
mission_comm,PA53,human,681,1751551814,"(11, 10)",A2,True,drop_victim,victim_12_,"(11, 10)",12,60,0.6875,0.0,Argo,True,True
mission_comm,PA53,will,725,1751551818,"(8, 18)",C2,True,take_victim,victim_13_,"(8, 11)",13,60,0.75,0.0,Argo,False,
mission_comm,PA53,human,750,1751551821,"(9, 1)",A2,True,take_victim,victim_15_,"(10, 11)",15,60,0.75,0.0,Argo,False,
mission_comm,PA53,will,827,1751551829,"(8, 11)",C2,True,drop_victim,victim_13_,"(8, 11)",13,65,0.75,0.0,Argo,True,True
mission_comm,PA53,will,913,1751551838,"(18, 7)",B2,True,take_victim,victim_14_,"(9, 11)",14,65,0.8125,0.0,Argo,False,
mission_comm,PA53,will,1019,1751551849,"(9, 11)",B2,True,drop_victim,victim_14_,"(9, 11)",14,70,0.8125,0.0,Argo,True,True
mission_comm,PA53,human,1027,1751551850,"(10, 11)",A2,True,drop_victim,victim_15_,"(10, 11)",15,75,0.875,0.0,Argo,True,True
mission_comm,PA53,will,1089,1751551856,"(17, 11)",B2,True,take_victim,victim_16_,"(11, 11)",16,75,0.9375,0.0,Argo,False,
mission_comm,PA53,will,1177,1751551866,"(11, 11)",B2,True,drop_victim,victim_16_,"(11, 11)",16,80,0.9375,0.0,Argo,True,True
mission_nocomm,PA54,will,83,1751474620,"(8, 18)",C2,True,take_victim,victim_4_,"(11, 8)",4,0,0.0,0.0,Bolt,False,
mission_nocomm,PA54,human,90,1751474621,"(3, 9)",D1,True,take_victim,victim_1_,"(8, 8)",1,0,0.0,0.0,Bolt,False,
mission_nocomm,PA54,human,114,1751474623,"(8, 8)",D1,True,drop_victim,victim_1_,"(8, 8)",1,5,0.0,0.0,Bolt,True,True
mission_nocomm,PA54,human,140,1751474626,"(2, 9)",D2,True,take_victim,victim_2_,"(9, 8)",2,5,0.0625,0.0,Bolt,False,
mission_nocomm,PA54,human,157,1751474628,"(9, 8)",D2,True,drop_victim,victim_2_,"(9, 8)",2,10,0.0625,0.0,Bolt,True,True
mission_nocomm,PA54,human,172,1751474629,"(8, 3)",A1,True,take_victim,victim_3_,"(10, 8)",3,10,0.125,0.0,Bolt,False,
mission_nocomm,PA54,human,191,1751474631,"(10, 8)",A1,True,drop_victim,victim_3_,"(10, 8)",3,15,0.125,0.0,Bolt,True,True
mission_nocomm,PA54,will,192,1751474631,"(11, 8)",C2,True,drop_victim,victim_4_,"(11, 8)",4,20,0.1875,0.0,Bolt,True,True
mission_nocomm,PA54,will,230,1751474635,"(15, 7)",B1,True,take_victim,victim_5_,"(8, 9)",5,20,0.25,0.2061669826507568,Bolt,False,
mission_nocomm,PA54,human,265,1751474639,"(10, 1)",A2,True,take_victim,victim_6_,"(9, 9)",6,20,0.25,1.134580135345459,Bolt,False,
mission_nocomm,PA54,will,296,1751474642,"(8, 9)",B1,True,drop_victim,victim_5_,"(8, 9)",5,25,0.25,1.134580135345459,Bolt,True,True
mission_nocomm,PA54,human,301,1751474643,"(9, 9)",A2,True,drop_victim,victim_6_,"(9, 9)",6,30,0.3125,1.134580135345459,Bolt,True,True
mission_nocomm,PA54,human,355,1751474648,"(7, 2)",A2,True,take_victim,victim_9_,"(8, 10)",9,30,0.375,1.134580135345459,Bolt,False,
mission_nocomm,PA54,will,366,1751474650,"(9, 17)",C2,True,take_victim,victim_7_,"(10, 9)",7,30,0.375,1.134580135345459,Bolt,False,
mission_nocomm,PA54,human,451,1751474659,"(9, 4)",A1,True,take_victim,victim_13_,"(8, 11)",13,30,0.375,1.134580135345459,Bolt,False,
mission_nocomm,PA54,will,458,1751474659,"(10, 9)",C2,True,drop_victim,victim_7_,"(10, 9)",7,35,0.375,1.134580135345459,Bolt,True,True
mission_nocomm,PA54,human,504,1751474664,"(7, 10)",A1,True,take_victim,victim_13_,"(8, 11)",13,35,0.4375,1.134580135345459,Bolt,False,
mission_nocomm,PA54,will,512,1751474665,"(16, 12)",B1,True,take_victim,victim_8_,"(11, 9)",8,35,0.4375,1.134580135345459,Bolt,False,
mission_nocomm,PA54,human,520,1751474666,"(7, 9)",A2,True,take_victim,victim_9_,"(8, 10)",9,35,0.4375,1.134580135345459,Bolt,False,
mission_nocomm,PA54,human,582,1751474672,"(1, 7)",D2,True,take_victim,victim_14_,"(9, 11)",14,35,0.4375,1.134580135345459,Bolt,False,
mission_nocomm,PA54,will,586,1751474673,"(11, 9)",B1,True,drop_victim,victim_8_,"(11, 9)",8,40,0.4375,1.134580135345459,Bolt,True,True
mission_nocomm,PA54,will,628,1751474677,"(9, 15)",C1,True,take_victim,victim_10_,"(9, 10)",10,40,0.5,1.134580135345459,Bolt,False,
mission_nocomm,PA54,human,676,1751474682,"(4, 10)",D1,True,take_victim,victim_16_,"(11, 11)",16,40,0.5,1.134580135345459,Bolt,False,
mission_nocomm,PA54,human,720,1751474687,"(7, 10)",A2,True,take_victim,victim_9_,"(8, 10)",9,40,0.5,1.134580135345459,Bolt,False,
mission_nocomm,PA54,human,724,1751474687,"(8, 10)",A2,True,drop_victim,victim_9_,"(8, 10)",9,45,0.5,1.134580135345459,Bolt,True,True
mission_nocomm,PA54,will,725,1751474687,"(9, 10)",C1,True,drop_victim,victim_10_,"(9, 10)",10,50,0.5625,1.134580135345459,Bolt,True,True
mission_nocomm,PA54,human,772,1751474692,"(7, 11)",A1,True,take_victim,victim_13_,"(8, 11)",13,50,0.625,1.134580135345459,Bolt,False,
mission_nocomm,PA54,will,809,1751474696,"(18, 8)",B2,True,take_victim,victim_11_,"(10, 10)",11,50,0.625,1.134580135345459,Bolt,False,
mission_nocomm,PA54,will,913,1751474707,"(10, 10)",B2,True,drop_victim,victim_11_,"(10, 10)",11,55,0.625,11.498871088027954,Bolt,True,True
mission_nocomm,PA54,will,967,1751474713,"(8, 16)",C1,True,take_victim,victim_12_,"(11, 10)",12,55,0.6875,16.401818990707397,Bolt,False,
mission_nocomm,PA54,human,1004,1751474717,"(7, 11)",A1,True,take_victim,victim_13_,"(8, 11)",13,55,0.6875,16.401818990707397,Bolt,False,
mission_nocomm,PA54,will,1043,1751474721,"(11, 10)",C1,True,drop_victim,victim_12_,"(11, 10)",12,60,0.6875,16.401818990707397,Bolt,True,True
mission_nocomm,PA54,human,1052,1751474722,"(8, 11)",A1,True,drop_victim,victim_13_,"(8, 11)",13,65,0.75,16.401818990707397,Bolt,True,True
mission_nocomm,PA54,human,1072,1751474724,"(6, 10)",D2,True,take_victim,victim_14_,"(9, 11)",14,65,0.8125,16.401818990707397,Bolt,False,
mission_nocomm,PA54,human,1093,1751474726,"(9, 11)",D2,True,drop_victim,victim_14_,"(9, 11)",14,70,0.8125,16.401818990707397,Bolt,True,True
mission_nocomm,PA54,will,1109,1751474728,"(17, 11)",B2,True,take_victim,victim_15_,"(10, 11)",15,70,0.875,16.401818990707397,Bolt,False,
mission_nocomm,PA54,human,1120,1751474729,"(6, 9)",D1,True,take_victim,victim_16_,"(11, 11)",16,70,0.875,16.401818990707397,Bolt,False,
mission_nocomm,PA54,will,1199,1751474737,"(10, 11)",B2,True,drop_victim,victim_15_,"(10, 11)",15,75,0.875,16.401818990707397,Bolt,True,True
mission_nocomm,PA54,human,1211,1751474738,"(11, 11)",D1,True,drop_victim,victim_16_,"(11, 11)",16,80,0.9375,16.401818990707397,Bolt,True,True
mission_nocomm,PA54,nowill,11,1751475121,"(4, 12)",D1,True,take_victim,victim_1_,"(8, 8)",1,0,0.0,0.0,Argo,False,
mission_nocomm,PA54,nowill,23,1751475122,"(8, 8)",D1,True,drop_victim,victim_1_,"(8, 8)",1,5,0.0,0.0,Argo,True,True
mission_nocomm,PA54,nowill,41,1751475124,"(2, 7)",D2,True,take_victim,victim_2_,"(9, 8)",2,5,0.0625,0.0,Argo,False,
mission_nocomm,PA54,nowill,59,1751475126,"(9, 8)",D2,True,drop_victim,victim_2_,"(9, 8)",2,10,0.0625,0.0,Argo,True,True
mission_nocomm,PA54,human,109,1751475131,"(12, 2)",A2,True,take_victim,victim_5_,"(8, 9)",5,10,0.125,0.0,Argo,False,
mission_nocomm,PA54,nowill,145,1751475135,"(9, 18)",C2,True,take_victim,victim_6_,"(9, 9)",6,10,0.125,0.0,Argo,False,
mission_nocomm,PA54,human,172,1751475137,"(11, 1)",A2,True,take_victim,victim_3_,"(10, 8)",3,10,0.125,0.0,Argo,False,
mission_nocomm,PA54,human,196,1751475140,"(10, 8)",A2,True,drop_victim,victim_3_,"(10, 8)",3,15,0.125,0.0,Argo,True,True
mission_nocomm,PA54,human,288,1751475150,"(16, 8)",B1,True,take_victim,victim_4_,"(11, 8)",4,15,0.1875,7.62802004814148,Argo,False,
mission_nocomm,PA54,human,343,1751475155,"(11, 8)",B1,True,drop_victim,victim_4_,"(11, 8)",4,20,0.1875,12.134208917617798,Argo,True,True
mission_nocomm,PA54,human,360,1751475157,"(7, 9)",A2,True,take_victim,victim_5_,"(8, 9)",5,20,0.25,12.134208917617798,Argo,False,
mission_nocomm,PA54,human,369,1751475158,"(8, 9)",A2,True,drop_victim,victim_5_,"(8, 9)",5,25,0.25,12.134208917617798,Argo,True,True
mission_nocomm,PA54,nowill,370,1751475158,"(9, 9)",C2,True,drop_victim,victim_6_,"(9, 9)",6,30,0.3125,12.134208917617798,Argo,True,True
mission_nocomm,PA54,human,395,1751475161,"(8, 4)",A1,True,take_victim,victim_7_,"(10, 9)",7,30,0.375,12.134208917617798,Argo,False,
mission_nocomm,PA54,human,412,1751475162,"(10, 9)",A1,True,drop_victim,victim_7_,"(10, 9)",7,35,0.375,12.134208917617798,Argo,True,True
mission_nocomm,PA54,nowill,412,1751475162,"(8, 15)",C1,True,take_victim,victim_8_,"(11, 9)",8,35,0.375,12.134208917617798,Argo,False,
mission_nocomm,PA54,nowill,476,1751475169,"(11, 9)",C1,True,drop_victim,victim_8_,"(11, 9)",8,40,0.4375,12.140577793121338,Argo,True,True
mission_nocomm,PA54,nowill,498,1751475171,"(3, 11)",D1,True,take_victim,victim_12_,"(11, 10)",12,40,0.5,14.018008947372437,Argo,False,
mission_nocomm,PA54,human,614,1751475184,"(17, 7)",B2,True,take_victim,victim_9_,"(8, 10)",9,40,0.5,26.65921401977539,Argo,False,
mission_nocomm,PA54,human,683,1751475191,"(8, 10)",B2,True,drop_victim,victim_9_,"(8, 10)",9,45,0.5,31.925596714019775,Argo,True,True
mission_nocomm,PA54,human,716,1751475194,"(12, 3)",A1,True,take_victim,victim_10_,"(9, 10)",10,45,0.5625,31.925596714019775,Argo,False,
mission_nocomm,PA54,human,738,1751475197,"(9, 10)",A1,True,drop_victim,victim_10_,"(9, 10)",10,50,0.5625,31.925596714019775,Argo,True,True
mission_nocomm,PA54,human,853,1751475209,"(18, 12)",B2,True,take_victim,victim_11_,"(10, 10)",11,50,0.625,43.1442186832428,Argo,False,
mission_nocomm,PA54,human,951,1751475219,"(10, 10)",B2,True,drop_victim,victim_11_,"(10, 10)",11,55,0.625,52.11061382293701,Argo,True,True
mission_nocomm,PA54,nowill,952,1751475219,"(11, 10)",D1,True,drop_victim,victim_12_,"(11, 10)",12,60,0.6875,52.11061382293701,Argo,True,True
mission_nocomm,PA54,nowill,1006,1751475225,"(11, 16)",C1,True,take_victim,victim_13_,"(8, 11)",13,60,0.75,53.15335988998413,Argo,False,
mission_nocomm,PA54,human,1051,1751475229,"(15, 10)",B1,True,take_victim,victim_15_,"(10, 11)",15,60,0.75,58.37333703041077,Argo,False,
mission_nocomm,PA54,nowill,1080,1751475232,"(8, 11)",C1,True,drop_victim,victim_13_,"(8, 11)",13,65,0.75,60.89971399307251,Argo,True,True
mission_nocomm,PA54,human,1139,1751475239,"(1, 9)",D2,False,take_victim,victim_16_,"(11, 11)",16,65,0.8125,62.78633403778076,Argo,False,
mission_nocomm,PA54,nowill,1146,1751475239,"(8, 17)",C2,True,take_victim,victim_14_,"(9, 11)",14,65,0.8125,62.78633403778076,Argo,False,
mission_nocomm,PA54,human,1198,1751475245,"(12, 9)",B1,True,take_victim,victim_15_,"(10, 11)",15,65,0.8125,65.4151680469513,Argo,False,
mission_nocomm,PA54,nowill,1234,1751475249,"(9, 11)",C2,True,drop_victim,victim_14_,"(9, 11)",14,70,0.8125,65.4151680469513,Argo,True,True
mission_nocomm,PA54,human,1239,1751475249,"(10, 11)",B1,True,drop_victim,victim_15_,"(10, 11)",15,75,0.875,65.4151680469513,Argo,True,True
mission_nocomm,PA54,human,1248,1751475250,"(12, 10)",D2,False,take_victim,victim_16_,"(11, 11)",16,75,0.9375,65.4151680469513,Argo,False,
mission_nocomm,PA54,human,1255,1751475251,"(11, 11)",D2,False,drop_victim,victim_16_,"(11, 11)",16,80,0.9375,65.4151680469513,Argo,True,True
mission_nocomm,PA62,nowill,13,1752070201,"(3, 8)",D1,True,take_victim,victim_2_,"(9, 8)",2,0,0.0,0.0,Bolt,False,
mission_nocomm,PA62,human,164,1752070217,"(9, 1)",A2,True,take_victim,victim_1_,"(8, 8)",1,0,0.0,0.0,Bolt,False,
mission_nocomm,PA62,human,193,1752070220,"(8, 8)",A2,True,drop_victim,victim_1_,"(8, 8)",1,5,0.0,0.0,Bolt,True,True
mission_nocomm,PA62,nowill,194,1752070220,"(9, 8)",D1,True,drop_victim,victim_2_,"(9, 8)",2,10,0.0625,0.0,Bolt,True,True
mission_nocomm,PA62,nowill,238,1752070225,"(8, 15)",C1,True,take_victim,victim_4_,"(11, 8)",4,10,0.125,0.0,Bolt,False,
mission_nocomm,PA62,human,458,1752070248,"(10, 2)",A2,True,take_victim,victim_3_,"(10, 8)",3,10,0.125,0.0,Bolt,False,
mission_nocomm,PA62,human,476,1752070250,"(10, 8)",A2,True,drop_victim,victim_3_,"(10, 8)",3,15,0.125,0.0,Bolt,True,True
mission_nocomm,PA62,nowill,477,1752070250,"(11, 8)",C1,True,drop_victim,victim_4_,"(11, 8)",4,20,0.1875,0.0,Bolt,True,True
mission_nocomm,PA62,nowill,563,1752070259,"(12, 18)",C2,True,take_victim,victim_5_,"(8, 9)",5,20,0.25,0.0,Bolt,False,
mission_nocomm,PA62,human,603,1752070263,"(1, 7)",D2,False,take_victim,victim_6_,"(9, 9)",6,20,0.25,0.0,Bolt,False,
mission_nocomm,PA62,nowill,669,1752070270,"(8, 9)",C2,True,drop_victim,victim_5_,"(8, 9)",5,25,0.25,0.0,Bolt,True,True
mission_nocomm,PA62,human,682,1752070271,"(9, 9)",D2,False,drop_victim,victim_6_,"(9, 9)",6,30,0.3125,0.0,Bolt,True,True
mission_nocomm,PA62,nowill,683,1752070271,"(4, 9)",D1,True,take_victim,victim_8_,"(11, 9)",8,30,0.375,0.0,Bolt,False,
mission_nocomm,PA62,human,869,1752070291,"(15, 7)",B1,True,take_victim,victim_7_,"(10, 9)",7,30,0.375,10.469775915145874,Bolt,False,
mission_nocomm,PA62,human,921,1752070296,"(10, 9)",B1,True,drop_victim,victim_7_,"(10, 9)",7,35,0.375,13.716055870056152,Bolt,True,True
mission_nocomm,PA62,nowill,922,1752070296,"(11, 9)",D1,True,drop_victim,victim_8_,"(11, 9)",8,40,0.4375,13.716055870056152,Bolt,True,True
mission_nocomm,PA62,human,983,1752070303,"(11, 4)",A1,True,take_victim,victim_10_,"(9, 10)",10,40,0.5,13.716055870056152,Bolt,False,
mission_nocomm,PA62,nowill,992,1752070304,"(9, 17)",C2,True,take_victim,victim_13_,"(8, 11)",13,40,0.5,13.716055870056152,Bolt,False,
mission_nocomm,PA62,human,1051,1752070310,"(9, 10)",A1,True,drop_victim,victim_10_,"(9, 10)",10,42,0.5,13.716055870056152,Bolt,True,False
mission_nocomm,PA62,human,1205,1752070326,"(18, 8)",B2,True,take_victim,victim_9_,"(8, 10)",9,42,0.5625,27.629292011260983,Bolt,False,
mission_nocomm,PA62,human,1284,1752070334,"(8, 10)",B2,True,drop_victim,victim_9_,"(8, 10)",9,47,0.5625,33.71005582809448,Bolt,True,True
mission_nocomm,PA62,human,1379,1752070344,"(17, 9)",B2,True,take_victim,victim_11_,"(10, 10)",11,47,0.625,41.753413677215576,Bolt,False,
mission_nocomm,PA62,human,1444,1752070351,"(10, 10)",B2,True,drop_victim,victim_11_,"(10, 10)",11,52,0.625,46.986427783966064,Bolt,True,True
mission_nocomm,PA62,human,1486,1752070356,"(8, 3)",A1,True,take_victim,victim_12_,"(11, 10)",12,52,0.6875,46.986427783966064,Bolt,False,
mission_nocomm,PA62,human,1526,1752070360,"(11, 10)",A1,True,drop_victim,victim_12_,"(11, 10)",12,57,0.6875,46.986427783966064,Bolt,True,True
mission_nocomm,PA62,nowill,1527,1752070360,"(8, 11)",C2,True,drop_victim,victim_13_,"(8, 11)",13,62,0.75,46.986427783966064,Bolt,True,True
mission_nocomm,PA62,nowill,1579,1752070365,"(7, 16)",C1,True,take_victim,victim_14_,"(9, 11)",14,62,0.8125,47.08530950546265,Bolt,False,
mission_nocomm,PA62,nowill,1653,1752070373,"(9, 11)",C1,True,drop_victim,victim_14_,"(9, 11)",14,67,0.8125,55.014365434646606,Bolt,True,True
mission_nocomm,PA62,human,1655,1752070373,"(16, 12)",B1,True,take_victim,victim_15_,"(10, 11)",15,67,0.875,55.22886562347412,Bolt,False,
mission_nocomm,PA62,nowill,1673,1752070375,"(2, 10)",D2,True,take_victim,victim_16_,"(11, 11)",16,67,0.875,56.69364356994629,Bolt,False,
mission_nocomm,PA62,human,1728,1752070381,"(10, 11)",B1,True,drop_victim,victim_15_,"(10, 11)",15,72,0.875,60.45070171356201,Bolt,True,True
mission_nocomm,PA62,nowill,1729,1752070381,"(11, 11)",D2,True,drop_victim,victim_16_,"(11, 11)",16,77,0.9375,60.45070171356201,Bolt,True,True
mission_nocomm,PA62,will,15,1752070607,"(2, 7)",D2,True,take_victim,victim_1_,"(8, 8)",1,0,0.0,0.0,Argo,False,
mission_nocomm,PA62,will,31,1752070609,"(8, 8)",D2,True,drop_victim,victim_1_,"(8, 8)",1,5,0.0,0.0,Argo,True,True
mission_nocomm,PA62,will,103,1752070616,"(11, 17)",C2,True,take_victim,victim_2_,"(9, 8)",2,5,0.0625,0.0,Argo,False,
mission_nocomm,PA62,will,197,1752070626,"(9, 8)",C2,True,drop_victim,victim_2_,"(9, 8)",2,10,0.0625,0.0,Argo,True,True
mission_nocomm,PA62,human,232,1752070630,"(4, 12)",D1,False,take_victim,victim_6_,"(9, 9)",6,10,0.125,0.0,Argo,False,
mission_nocomm,PA62,will,241,1752070631,"(7, 15)",C1,True,take_victim,victim_3_,"(10, 8)",3,10,0.125,0.0,Argo,False,
mission_nocomm,PA62,human,290,1752070636,"(9, 9)",D1,False,drop_victim,victim_6_,"(9, 9)",6,12,0.125,0.0,Argo,True,False
mission_nocomm,PA62,will,307,1752070638,"(10, 8)",C1,True,drop_victim,victim_3_,"(10, 8)",3,17,0.1875,0.0,Argo,True,True
mission_nocomm,PA62,will,331,1752070640,"(1, 8)",D2,True,take_victim,victim_4_,"(11, 8)",4,17,0.25,0.0,Argo,False,
mission_nocomm,PA62,human,350,1752070642,"(9, 4)",A1,True,take_victim,victim_11_,"(10, 10)",11,17,0.25,0.0,Argo,False,
mission_nocomm,PA62,will,355,1752070643,"(11, 8)",D2,True,drop_victim,victim_4_,"(11, 8)",4,22,0.25,0.0,Argo,True,True
mission_nocomm,PA62,human,389,1752070646,"(10, 10)",A1,True,drop_victim,victim_11_,"(10, 10)",11,24,0.3125,0.0,Argo,True,False
mission_nocomm,PA62,will,413,1752070649,"(9, 16)",C1,True,take_victim,victim_8_,"(11, 9)",8,24,0.375,0.0,Argo,False,
mission_nocomm,PA62,human,558,1752070664,"(16, 7)",B1,True,take_victim,victim_5_,"(8, 9)",5,24,0.375,9.22542405128479,Argo,False,
mission_nocomm,PA62,human,620,1752070670,"(8, 9)",B1,True,drop_victim,victim_5_,"(8, 9)",5,29,0.375,13.441728115081789,Argo,True,True
mission_nocomm,PA62,human,772,1752070686,"(18, 11)",B2,True,take_victim,victim_7_,"(10, 9)",7,29,0.4375,27.378533840179443,Argo,False,
mission_nocomm,PA62,human,846,1752070694,"(10, 9)",B2,True,drop_victim,victim_7_,"(10, 9)",7,34,0.4375,33.420642137527466,Argo,True,True
mission_nocomm,PA62,will,847,1752070694,"(11, 9)",C1,True,drop_victim,victim_8_,"(11, 9)",8,39,0.5,33.420642137527466,Argo,True,True
mission_nocomm,PA62,will,931,1752070703,"(9, 18)",C2,True,take_victim,victim_10_,"(9, 10)",10,39,0.5625,40.10735702514648,Argo,False,
mission_nocomm,PA62,human,955,1752070705,"(17, 8)",B2,True,take_victim,victim_9_,"(8, 10)",9,39,0.5625,43.03960204124451,Argo,False,
mission_nocomm,PA62,human,1041,1752070714,"(8, 10)",B2,True,drop_victim,victim_9_,"(8, 10)",9,44,0.5625,48.799254179000854,Argo,True,True
mission_nocomm,PA62,will,1042,1752070715,"(9, 10)",C2,True,drop_victim,victim_10_,"(9, 10)",10,49,0.625,48.799254179000854,Argo,True,True
mission_nocomm,PA62,will,1060,1752070716,"(3, 9)",D1,True,take_victim,victim_15_,"(10, 11)",15,49,0.6875,48.799254179000854,Argo,False,
mission_nocomm,PA62,human,1120,1752070723,"(15, 10)",B1,True,take_victim,victim_12_,"(11, 10)",12,49,0.6875,53.940001249313354,Argo,False,
mission_nocomm,PA62,human,1169,1752070728,"(11, 10)",B1,True,drop_victim,victim_12_,"(11, 10)",12,54,0.6875,57.410627365112305,Argo,True,True
mission_nocomm,PA62,human,1223,1752070734,"(11, 3)",A1,True,take_victim,victim_13_,"(8, 11)",13,54,0.75,57.410627365112305,Argo,False,
mission_nocomm,PA62,human,1261,1752070738,"(8, 11)",A1,True,drop_victim,victim_13_,"(8, 11)",13,59,0.75,57.410627365112305,Argo,True,True
mission_nocomm,PA62,human,1306,1752070742,"(12, 1)",A2,True,take_victim,victim_14_,"(9, 11)",14,59,0.8125,57.410627365112305,Argo,False,
mission_nocomm,PA62,human,1372,1752070749,"(9, 11)",A2,True,drop_victim,victim_14_,"(9, 11)",14,64,0.8125,57.410627365112305,Argo,True,True
mission_nocomm,PA62,will,1373,1752070749,"(10, 11)",D1,True,drop_victim,victim_15_,"(10, 11)",15,69,0.875,57.410627365112305,Argo,True,True
mission_nocomm,PA62,human,1412,1752070753,"(8, 2)",A2,True,take_victim,victim_16_,"(11, 11)",16,69,0.9375,57.410627365112305,Argo,False,
mission_nocomm,PA62,human,1495,1752070762,"(11, 11)",A2,True,drop_victim,victim_16_,"(11, 11)",16,74,0.9375,61.18723464012146,Argo,True,True
mission_nocomm,PA65,will,15,1752086186,"(2, 12)",D2,True,take_victim,victim_2_,"(9, 8)",2,0,0.0,0.0,Bolt,False,
mission_nocomm,PA65,human,94,1752086194,"(7, 4)",A1,True,take_victim,victim_1_,"(8, 8)",1,0,0.0,0.0,Bolt,False,
mission_nocomm,PA65,human,111,1752086196,"(8, 8)",A1,True,drop_victim,victim_1_,"(8, 8)",1,5,0.0,0.0,Bolt,True,True
mission_nocomm,PA65,will,112,1752086196,"(9, 8)",D2,True,drop_victim,victim_2_,"(9, 8)",2,10,0.0625,0.0,Bolt,True,True
mission_nocomm,PA65,will,134,1752086198,"(1, 9)",D2,True,take_victim,victim_5_,"(8, 9)",5,10,0.125,0.0,Bolt,False,
mission_nocomm,PA65,human,237,1752086209,"(17, 12)",B2,True,take_victim,victim_3_,"(10, 8)",3,10,0.125,7.735276222229004,Bolt,False,
mission_nocomm,PA65,human,321,1752086218,"(10, 8)",B2,True,drop_victim,victim_3_,"(10, 8)",3,15,0.125,14.008132934570312,Bolt,True,True
mission_nocomm,PA65,human,403,1752086226,"(18, 9)",B2,True,take_victim,victim_4_,"(11, 8)",4,15,0.1875,21.03432583808899,Bolt,False,
mission_nocomm,PA65,human,479,1752086234,"(11, 8)",B2,True,drop_victim,victim_4_,"(11, 8)",4,20,0.1875,27.439002752304077,Bolt,True,True
mission_nocomm,PA65,will,480,1752086234,"(8, 9)",D2,True,drop_victim,victim_5_,"(8, 9)",5,25,0.25,27.439002752304077,Bolt,True,True
mission_nocomm,PA65,human,511,1752086238,"(8, 2)",A2,True,take_victim,victim_6_,"(9, 9)",6,25,0.3125,27.439002752304077,Bolt,False,
mission_nocomm,PA65,human,544,1752086241,"(9, 9)",A2,True,drop_victim,victim_6_,"(9, 9)",6,30,0.3125,27.439002752304077,Bolt,True,True
mission_nocomm,PA65,will,550,1752086242,"(10, 17)",C2,True,take_victim,victim_7_,"(10, 9)",7,30,0.375,27.439002752304077,Bolt,False,
mission_nocomm,PA65,human,611,1752086248,"(8, 3)",A1,True,take_victim,victim_8_,"(11, 9)",8,30,0.375,27.439002752304077,Bolt,False,
mission_nocomm,PA65,will,642,1752086251,"(10, 9)",C2,True,drop_victim,victim_7_,"(10, 9)",7,35,0.375,27.439002752304077,Bolt,True,True
mission_nocomm,PA65,human,654,1752086253,"(11, 9)",A1,True,drop_victim,victim_8_,"(11, 9)",8,40,0.4375,27.439002752304077,Bolt,True,True
mission_nocomm,PA65,will,660,1752086253,"(4, 12)",D1,True,take_victim,victim_9_,"(8, 10)",9,40,0.5,27.439002752304077,Bolt,False,
mission_nocomm,PA65,will,672,1752086254,"(8, 10)",D1,True,drop_victim,victim_9_,"(8, 10)",9,45,0.5,27.439002752304077,Bolt,True,True
mission_nocomm,PA65,will,754,1752086263,"(8, 18)",C2,True,take_victim,victim_10_,"(9, 10)",10,45,0.5625,30.253766775131226,Bolt,False,
mission_nocomm,PA65,human,782,1752086266,"(16, 12)",B1,True,take_victim,victim_11_,"(10, 10)",11,45,0.5625,33.91089677810669,Bolt,False,
mission_nocomm,PA65,will,858,1752086274,"(9, 10)",C2,True,drop_victim,victim_10_,"(9, 10)",10,50,0.5625,40.08291482925415,Bolt,True,True
mission_nocomm,PA65,human,869,1752086275,"(10, 10)",B1,True,drop_victim,victim_11_,"(10, 10)",11,55,0.625,40.08291482925415,Bolt,True,True
mission_nocomm,PA65,will,912,1752086280,"(12, 16)",C1,True,take_victim,victim_12_,"(11, 10)",12,55,0.6875,40.08291482925415,Bolt,False,
mission_nocomm,PA65,human,933,1752086282,"(7, 1)",A2,True,take_victim,victim_14_,"(9, 11)",14,55,0.6875,40.08291482925415,Bolt,False,
mission_nocomm,PA65,will,1000,1752086289,"(11, 10)",C1,True,drop_victim,victim_12_,"(11, 10)",12,60,0.6875,40.08291482925415,Bolt,True,True
mission_nocomm,PA65,will,1022,1752086291,"(3, 11)",D1,True,take_victim,victim_13_,"(8, 11)",13,60,0.75,40.08291482925415,Bolt,False,
mission_nocomm,PA65,will,1036,1752086293,"(8, 11)",D1,True,drop_victim,victim_13_,"(8, 11)",13,65,0.75,40.08291482925415,Bolt,True,True
mission_nocomm,PA65,human,1043,1752086293,"(9, 11)",A2,True,drop_victim,victim_14_,"(9, 11)",14,70,0.8125,40.08291482925415,Bolt,True,True
mission_nocomm,PA65,will,1074,1752086297,"(8, 15)",C1,True,take_victim,victim_16_,"(11, 11)",16,70,0.875,41.11005997657776,Bolt,False,
mission_nocomm,PA65,human,1111,1752086300,"(15, 10)",B1,True,take_victim,victim_15_,"(10, 11)",15,70,0.875,45.610947608947754,Bolt,False,
mission_nocomm,PA65,human,1175,1752086307,"(10, 11)",B1,True,drop_victim,victim_15_,"(10, 11)",15,75,0.875,49.17841076850891,Bolt,True,True
mission_nocomm,PA65,will,1176,1752086307,"(11, 11)",C1,True,drop_victim,victim_16_,"(11, 11)",16,80,0.9375,49.17841076850891,Bolt,True,True
mission_nocomm,PA65,nowill,13,1752086787,"(3, 12)",D1,True,take_victim,victim_1_,"(8, 8)",1,0,0.0,0.0,Argo,False,
mission_nocomm,PA65,nowill,27,1752086788,"(8, 8)",D1,True,drop_victim,victim_1_,"(8, 8)",1,5,0.0,0.0,Argo,True,True
mission_nocomm,PA65,human,111,1752086797,"(17, 9)",B2,True,take_victim,victim_2_,"(9, 8)",2,5,0.0625,5.944333076477051,Argo,False,
mission_nocomm,PA65,nowill,113,1752086797,"(10, 18)",C2,True,take_victim,victim_3_,"(10, 8)",3,5,0.0625,6.1502509117126465,Argo,False,
mission_nocomm,PA65,human,184,1752086804,"(9, 8)",B2,True,drop_victim,victim_2_,"(9, 8)",2,10,0.0625,11.612749099731444,Argo,True,True
mission_nocomm,PA65,nowill,221,1752086808,"(10, 8)",C2,True,drop_victim,victim_3_,"(10, 8)",3,15,0.125,11.612749099731444,Argo,True,True
mission_nocomm,PA65,human,222,1752086808,"(9, 4)",A1,True,take_victim,victim_4_,"(11, 8)",4,15,0.1875,11.612749099731444,Argo,False,
mission_nocomm,PA65,nowill,243,1752086811,"(2, 12)",D2,True,take_victim,victim_7_,"(10, 9)",7,15,0.1875,11.612749099731444,Argo,False,
mission_nocomm,PA65,human,250,1752086811,"(11, 8)",A1,True,drop_victim,victim_4_,"(11, 8)",4,20,0.1875,11.612749099731444,Argo,True,True
mission_nocomm,PA65,human,314,1752086818,"(16, 8)",B1,True,take_victim,victim_5_,"(8, 9)",5,20,0.25,17.46235418319702,Argo,False,
mission_nocomm,PA65,human,378,1752086825,"(8, 9)",B1,True,drop_victim,victim_5_,"(8, 9)",5,25,0.25,21.963720083236694,Argo,True,True
mission_nocomm,PA65,human,404,1752086827,"(8, 2)",A2,True,take_victim,victim_6_,"(9, 9)",6,25,0.3125,21.963720083236694,Argo,False,
mission_nocomm,PA65,human,426,1752086830,"(9, 9)",A2,True,drop_victim,victim_6_,"(9, 9)",6,30,0.3125,21.963720083236694,Argo,True,True
mission_nocomm,PA65,nowill,427,1752086830,"(10, 9)",D2,True,drop_victim,victim_7_,"(10, 9)",7,35,0.375,21.963720083236694,Argo,True,True
mission_nocomm,PA65,nowill,445,1752086832,"(4, 7)",D1,True,take_victim,victim_8_,"(11, 9)",8,35,0.4375,21.963720083236694,Argo,False,
mission_nocomm,PA65,nowill,463,1752086834,"(11, 9)",D1,True,drop_victim,victim_8_,"(11, 9)",8,40,0.4375,21.963720083236694,Argo,True,True
mission_nocomm,PA65,human,475,1752086835,"(12, 3)",A1,True,take_victim,victim_9_,"(8, 10)",9,40,0.5,21.963720083236694,Argo,False,
mission_nocomm,PA65,human,506,1752086838,"(8, 10)",A1,True,drop_victim,victim_9_,"(8, 10)",9,45,0.5,21.963720083236694,Argo,True,True
mission_nocomm,PA65,nowill,519,1752086840,"(12, 16)",C1,True,take_victim,victim_11_,"(10, 10)",11,45,0.5625,21.963720083236694,Argo,False,
mission_nocomm,PA65,human,534,1752086841,"(10, 1)",A2,True,take_victim,victim_10_,"(9, 10)",10,45,0.5625,21.963720083236694,Argo,False,
mission_nocomm,PA65,human,562,1752086844,"(9, 10)",A2,True,drop_victim,victim_10_,"(9, 10)",10,50,0.5625,21.963720083236694,Argo,True,True
mission_nocomm,PA65,nowill,595,1752086847,"(10, 10)",C1,True,drop_victim,victim_11_,"(10, 10)",11,55,0.625,21.963790893554688,Argo,True,True
mission_nocomm,PA65,nowill,635,1752086852,"(9, 15)",C1,True,take_victim,victim_13_,"(8, 11)",13,55,0.6875,26.15957617759705,Argo,False,
mission_nocomm,PA65,human,670,1752086855,"(18, 12)",B2,True,take_victim,victim_12_,"(11, 10)",12,55,0.6875,29.81063723564148,Argo,False,
mission_nocomm,PA65,human,753,1752086864,"(11, 10)",B2,True,drop_victim,victim_12_,"(11, 10)",12,60,0.6875,36.80065107345581,Argo,True,True
mission_nocomm,PA65,nowill,754,1752086864,"(8, 11)",C1,True,drop_victim,victim_13_,"(8, 11)",13,65,0.75,36.80065107345581,Argo,True,True
mission_nocomm,PA65,nowill,774,1752086866,"(1, 8)",D2,True,take_victim,victim_15_,"(10, 11)",15,65,0.8125,36.90572023391723,Argo,False,
mission_nocomm,PA65,human,837,1752086873,"(15, 7)",B1,True,take_victim,victim_14_,"(9, 11)",14,65,0.8125,43.97725319862366,Argo,False,
mission_nocomm,PA65,human,893,1752086879,"(9, 11)",B1,True,drop_victim,victim_14_,"(9, 11)",14,70,0.8125,47.1289381980896,Argo,True,True
mission_nocomm,PA65,nowill,894,1752086879,"(10, 11)",D2,True,drop_victim,victim_15_,"(10, 11)",15,75,0.875,47.1289381980896,Argo,True,True
mission_nocomm,PA65,nowill,960,1752086886,"(12, 17)",C2,True,take_victim,victim_16_,"(11, 11)",16,75,0.9375,47.1289381980896,Argo,False,
mission_nocomm,PA65,nowill,1048,1752086895,"(11, 11)",C2,True,drop_victim,victim_16_,"(11, 11)",16,80,0.9375,47.1289381980896,Argo,True,True
mission_comm,PA31,nowill,11,1750331446,"(4, 8)",D1,True,take_victim,victim_2_,"(9, 8)",2,0,0.0,0.0,Argo,False,
mission_comm,PA31,human,282,1750331474,"(18, 7)",B2,True,take_victim,victim_1_,"(8, 8)",1,0,0.0,7.463194847106934,Argo,False,
mission_comm,PA31,human,377,1750331484,"(8, 8)",B2,True,drop_victim,victim_1_,"(8, 8)",1,5,0.0,13.76035475730896,Argo,True,True
mission_comm,PA31,nowill,378,1750331484,"(9, 8)",D1,True,drop_victim,victim_2_,"(9, 8)",2,10,0.0625,13.76035475730896,Argo,True,True
mission_comm,PA31,nowill,436,1750331490,"(8, 16)",C1,True,take_victim,victim_3_,"(10, 8)",3,10,0.125,14.90383791923523,Argo,False,
mission_comm,PA31,human,496,1750331496,"(15, 12)",B1,True,take_victim,victim_4_,"(11, 8)",4,10,0.125,21.830307722091675,Argo,False,
mission_comm,PA31,nowill,516,1750331498,"(10, 8)",C1,True,drop_victim,victim_3_,"(10, 8)",3,15,0.125,23.411194801330566,Argo,True,True
mission_comm,PA31,nowill,538,1750331501,"(2, 11)",D2,True,take_victim,victim_6_,"(9, 9)",6,15,0.1875,25.90214776992798,Argo,False,
mission_comm,PA31,human,576,1750331505,"(11, 8)",B1,True,drop_victim,victim_4_,"(11, 8)",4,20,0.1875,26.832640886306763,Argo,True,True
mission_comm,PA31,human,620,1750331509,"(9, 3)",A1,True,take_victim,victim_5_,"(8, 9)",5,20,0.25,26.832640886306763,Argo,False,
mission_comm,PA31,human,654,1750331513,"(8, 9)",A1,True,drop_victim,victim_5_,"(8, 9)",5,25,0.25,26.832640886306763,Argo,True,True
mission_comm,PA31,nowill,655,1750331513,"(9, 9)",D2,True,drop_victim,victim_6_,"(9, 9)",6,30,0.3125,26.832640886306763,Argo,True,True
mission_comm,PA31,nowill,697,1750331517,"(9, 15)",C1,True,take_victim,victim_7_,"(10, 9)",7,30,0.375,27.89194893836975,Argo,False,
mission_comm,PA31,human,729,1750331521,"(17, 9)",B2,True,take_victim,victim_8_,"(11, 9)",8,30,0.375,31.750935077667236,Argo,False,
mission_comm,PA31,nowill,761,1750331524,"(10, 9)",C1,True,drop_victim,victim_7_,"(10, 9)",7,35,0.375,34.79664087295532,Argo,True,True
mission_comm,PA31,human,782,1750331526,"(11, 9)",B2,True,drop_victim,victim_8_,"(11, 9)",8,40,0.4375,36.68522381782532,Argo,True,True
mission_comm,PA31,human,829,1750331531,"(10, 4)",A1,True,take_victim,victim_10_,"(9, 10)",10,40,0.5,36.68522381782532,Argo,False,
mission_comm,PA31,nowill,845,1750331533,"(8, 18)",C2,True,take_victim,victim_9_,"(8, 10)",9,40,0.5,36.68522381782532,Argo,False,
mission_comm,PA31,nowill,949,1750331544,"(8, 10)",C2,True,drop_victim,victim_9_,"(8, 10)",9,45,0.5,36.68522381782532,Argo,True,True
mission_comm,PA31,human,957,1750331545,"(9, 10)",A1,True,drop_victim,victim_10_,"(9, 10)",10,50,0.5625,36.68522381782532,Argo,True,True
mission_comm,PA31,human,1004,1750331550,"(8, 2)",A2,True,take_victim,victim_11_,"(10, 10)",11,50,0.625,36.68522381782532,Argo,False,
mission_comm,PA31,nowill,1017,1750331551,"(11, 17)",C2,True,take_victim,victim_14_,"(9, 11)",14,50,0.625,36.68522381782532,Argo,False,
mission_comm,PA31,human,1037,1750331553,"(10, 10)",A2,True,drop_victim,victim_11_,"(10, 10)",11,55,0.625,36.68522381782532,Argo,True,True
mission_comm,PA31,human,1118,1750331561,"(16, 8)",B1,True,take_victim,victim_12_,"(11, 10)",12,55,0.6875,42.44385600090027,Argo,False,
mission_comm,PA31,human,1177,1750331568,"(11, 10)",B1,True,drop_victim,victim_12_,"(11, 10)",12,60,0.6875,46.73580694198608,Argo,True,True
mission_comm,PA31,human,1218,1750331572,"(9, 1)",A2,True,take_victim,victim_13_,"(8, 11)",13,60,0.75,46.73580694198608,Argo,False,
mission_comm,PA31,human,1253,1750331576,"(8, 11)",A2,True,drop_victim,victim_13_,"(8, 11)",13,65,0.75,46.73580694198608,Argo,True,True
mission_comm,PA31,nowill,1254,1750331576,"(9, 11)",C2,True,drop_victim,victim_14_,"(9, 11)",14,70,0.8125,46.73580694198608,Argo,True,True
mission_comm,PA31,nowill,1276,1750331578,"(1, 12)",D2,True,take_victim,victim_15_,"(10, 11)",15,70,0.875,46.73580694198608,Argo,False,
mission_comm,PA31,nowill,1298,1750331580,"(10, 11)",D2,True,drop_victim,victim_15_,"(10, 11)",15,75,0.875,46.73580694198608,Argo,True,True
mission_comm,PA31,nowill,1318,1750331582,"(3, 12)",D1,True,take_victim,victim_16_,"(11, 11)",16,75,0.9375,46.73580694198608,Argo,False,
mission_comm,PA31,nowill,1338,1750331584,"(11, 11)",D1,True,drop_victim,victim_16_,"(11, 11)",16,80,0.9375,46.73580694198608,Argo,True,True
mission_comm,PA31,will,41,1750331729,"(10, 15)",C1,True,take_victim,victim_5_,"(8, 9)",5,0,0.0,0.0,Bolt,False,
mission_comm,PA31,human,53,1750331731,"(2, 8)",D2,True,take_victim,victim_1_,"(8, 8)",1,0,0.0,0.0,Bolt,False,
mission_comm,PA31,human,79,1750331733,"(8, 8)",D2,True,drop_victim,victim_1_,"(8, 8)",1,5,0.0,0.0,Bolt,True,True
mission_comm,PA31,human,106,1750331736,"(10, 4)",A1,True,take_victim,victim_2_,"(9, 8)",2,5,0.0625,0.0,Bolt,False,
mission_comm,PA31,human,126,1750331738,"(9, 8)",A1,True,drop_victim,victim_2_,"(9, 8)",2,10,0.0625,0.0,Bolt,True,True
mission_comm,PA31,human,169,1750331743,"(4, 10)",D1,True,take_victim,victim_3_,"(10, 8)",3,10,0.125,0.0,Bolt,False,
mission_comm,PA31,human,198,1750331746,"(10, 8)",D1,True,drop_victim,victim_3_,"(10, 8)",3,15,0.125,0.0,Bolt,True,True
mission_comm,PA31,human,226,1750331749,"(8, 3)",A1,True,take_victim,victim_4_,"(11, 8)",4,15,0.1875,0.0,Bolt,False,
mission_comm,PA31,human,254,1750331752,"(11, 8)",A1,True,drop_victim,victim_4_,"(11, 8)",4,20,0.1875,0.0,Bolt,True,True
mission_comm,PA31,will,255,1750331752,"(8, 9)",C1,True,drop_victim,victim_5_,"(8, 9)",5,25,0.25,0.0,Bolt,True,True
mission_comm,PA31,human,296,1750331756,"(1, 7)",D2,True,take_victim,victim_6_,"(9, 9)",6,25,0.3125,0.0,Bolt,False,
mission_comm,PA31,human,330,1750331760,"(9, 9)",D2,True,drop_victim,victim_6_,"(9, 9)",6,30,0.3125,0.0,Bolt,True,True
mission_comm,PA31,will,339,1750331760,"(9, 18)",C2,True,take_victim,victim_7_,"(10, 9)",7,30,0.375,0.0,Bolt,False,
mission_comm,PA31,will,445,1750331772,"(10, 9)",C2,True,drop_victim,victim_7_,"(10, 9)",7,35,0.375,0.0,Bolt,True,True
mission_comm,PA31,will,527,1750331780,"(18, 7)",B2,True,take_victim,victim_8_,"(11, 9)",8,35,0.4375,0.0,Bolt,False,
mission_comm,PA31,will,629,1750331791,"(11, 9)",B2,True,drop_victim,victim_8_,"(11, 9)",8,40,0.4375,5.139796257019043,Bolt,True,True
mission_comm,PA31,human,651,1750331793,"(16, 12)",B1,False,take_victim,victim_9_,"(8, 10)",9,40,0.5,7.444523096084595,Bolt,False,
mission_comm,PA31,human,737,1750331802,"(8, 10)",B1,False,drop_victim,victim_9_,"(8, 10)",9,45,0.5,13.496284246444702,Bolt,True,True
mission_comm,PA31,will,867,1750331816,"(8, 16)",C1,True,take_victim,victim_10_,"(9, 10)",10,45,0.5625,16.4239501953125,Bolt,False,
mission_comm,PA31,human,908,1750331820,"(12, 17)",C2,False,take_victim,victim_11_,"(10, 10)",11,45,0.5625,21.227805376052856,Bolt,False,
mission_comm,PA31,will,943,1750331824,"(9, 10)",C1,True,drop_victim,victim_10_,"(9, 10)",10,50,0.5625,24.35857725143433,Bolt,True,True
mission_comm,PA31,human,983,1750331828,"(10, 10)",C2,False,drop_victim,victim_11_,"(10, 10)",11,55,0.625,27.183876276016235,Bolt,True,True
mission_comm,PA31,will,985,1750331828,"(15, 8)",B1,True,take_victim,victim_12_,"(11, 10)",12,55,0.6875,27.183876276016235,Bolt,False,
mission_comm,PA31,human,1032,1750331833,"(8, 1)",A2,True,take_victim,victim_13_,"(8, 11)",13,55,0.6875,27.183876276016235,Bolt,False,
mission_comm,PA31,will,1045,1750331835,"(11, 10)",B1,True,drop_victim,victim_12_,"(11, 10)",12,60,0.6875,27.183876276016235,Bolt,True,True
mission_comm,PA31,human,1060,1750331836,"(8, 11)",A2,True,drop_victim,victim_13_,"(8, 11)",13,65,0.75,27.183876276016235,Bolt,True,True
mission_comm,PA31,human,1101,1750331840,"(11, 2)",A2,True,take_victim,victim_14_,"(9, 11)",14,65,0.8125,27.183876276016235,Bolt,False,
mission_comm,PA31,will,1111,1750331841,"(17, 11)",B2,True,take_victim,victim_15_,"(10, 11)",15,65,0.8125,27.183876276016235,Bolt,False,
mission_comm,PA31,human,1145,1750331845,"(9, 11)",A2,True,drop_victim,victim_14_,"(9, 11)",14,70,0.8125,27.183876276016235,Bolt,True,True
mission_comm,PA31,human,1189,1750331850,"(3, 11)",D1,True,take_victim,victim_16_,"(11, 11)",16,70,0.875,27.183876276016235,Bolt,False,
mission_comm,PA31,will,1201,1750331851,"(10, 11)",B2,True,drop_victim,victim_15_,"(10, 11)",15,75,0.875,27.183876276016235,Bolt,True,True
mission_comm,PA31,human,1236,1750331855,"(11, 11)",D1,True,drop_victim,victim_16_,"(11, 11)",16,80,0.9375,27.183876276016235,Bolt,True,True
mission_comm,PA36,will,73,1751271816,"(17, 11)",B2,True,take_victim,victim_1_,"(8, 8)",1,0,0.0,0.0,Bolt,False,
mission_comm,PA36,human,116,1751271821,"(8, 2)",A2,True,take_victim,victim_2_,"(9, 8)",2,0,0.0,0.0,Bolt,False,
mission_comm,PA36,will,167,1751271826,"(8, 8)",B2,True,drop_victim,victim_1_,"(8, 8)",1,5,0.0,0.0,Bolt,True,True
mission_comm,PA36,human,184,1751271828,"(9, 8)",A2,True,drop_victim,victim_2_,"(9, 8)",2,10,0.0625,0.0,Bolt,True,True
mission_comm,PA36,will,239,1751271834,"(12, 17)",C2,True,take_victim,victim_3_,"(10, 8)",3,10,0.125,0.0,Bolt,False,
mission_comm,PA36,will,345,1751271845,"(10, 8)",C2,True,drop_victim,victim_3_,"(10, 8)",3,15,0.125,0.0,Bolt,True,True
mission_comm,PA36,will,389,1751271849,"(8, 15)",C1,True,take_victim,victim_4_,"(11, 8)",4,15,0.1875,0.0,Bolt,False,
mission_comm,PA36,human,391,1751271850,"(9, 1)",A2,True,take_victim,victim_6_,"(9, 9)",6,15,0.1875,0.0,Bolt,False,
mission_comm,PA36,will,455,1751271856,"(11, 8)",C1,True,drop_victim,victim_4_,"(11, 8)",4,20,0.1875,0.0,Bolt,True,True
mission_comm,PA36,will,513,1751271862,"(11, 16)",C1,True,take_victim,victim_5_,"(8, 9)",5,20,0.25,0.0,Bolt,False,
mission_comm,PA36,will,591,1751271871,"(8, 9)",C1,True,drop_victim,victim_5_,"(8, 9)",5,25,0.25,0.0,Bolt,True,True
mission_comm,PA36,human,645,1751271876,"(9, 9)",A2,True,drop_victim,victim_6_,"(9, 9)",6,30,0.3125,0.0,Bolt,True,True
mission_comm,PA36,will,677,1751271880,"(18, 9)",B2,True,take_victim,victim_8_,"(11, 9)",8,30,0.375,0.0,Bolt,False,
mission_comm,PA36,human,700,1751271882,"(1, 7)",D2,True,take_victim,victim_7_,"(10, 9)",7,30,0.375,0.0,Bolt,False,
mission_comm,PA36,human,748,1751271887,"(10, 9)",D2,True,drop_victim,victim_7_,"(10, 9)",7,35,0.375,0.0,Bolt,True,True
mission_comm,PA36,will,779,1751271890,"(11, 9)",B2,True,drop_victim,victim_8_,"(11, 9)",8,40,0.4375,0.0,Bolt,True,True
mission_comm,PA36,will,831,1751271896,"(16, 7)",B1,True,take_victim,victim_9_,"(8, 10)",9,40,0.5,0.0,Bolt,False,
mission_comm,PA36,human,884,1751271901,"(3, 11)",D1,True,take_victim,victim_11_,"(10, 10)",11,40,0.5,0.0,Bolt,False,
mission_comm,PA36,will,911,1751271904,"(8, 10)",B1,True,drop_victim,victim_9_,"(8, 10)",9,45,0.5,0.0,Bolt,True,True
mission_comm,PA36,will,955,1751271909,"(15, 10)",B1,True,take_victim,victim_10_,"(9, 10)",10,45,0.5625,0.0,Bolt,False,
mission_comm,PA36,will,1019,1751271915,"(9, 10)",B1,True,drop_victim,victim_10_,"(9, 10)",10,50,0.5625,0.0,Bolt,True,True
mission_comm,PA36,human,1039,1751271917,"(10, 10)",D1,True,drop_victim,victim_11_,"(10, 10)",11,55,0.625,0.0,Bolt,True,True
mission_comm,PA36,human,1095,1751271923,"(2, 8)",D2,True,take_victim,victim_12_,"(11, 10)",12,55,0.6875,0.0,Bolt,False,
mission_comm,PA36,will,1101,1751271924,"(11, 18)",C2,True,take_victim,victim_14_,"(9, 11)",14,55,0.6875,0.0,Bolt,False,
mission_comm,PA36,human,1133,1751271927,"(11, 10)",D2,True,drop_victim,victim_12_,"(11, 10)",12,60,0.6875,0.0,Bolt,True,True
mission_comm,PA36,human,1181,1751271932,"(4, 12)",D1,True,take_victim,victim_13_,"(8, 11)",13,60,0.75,0.0,Bolt,False,
mission_comm,PA36,human,1200,1751271934,"(8, 11)",D1,True,drop_victim,victim_13_,"(8, 11)",13,65,0.75,0.0,Bolt,True,True
mission_comm,PA36,will,1203,1751271935,"(9, 11)",C2,True,drop_victim,victim_14_,"(9, 11)",14,70,0.8125,0.0,Bolt,True,True
mission_comm,PA36,human,1257,1751271940,"(12, 4)",A1,True,take_victim,victim_15_,"(10, 11)",15,70,0.875,0.0,Bolt,False,
mission_comm,PA36,human,1311,1751271946,"(10, 11)",A1,True,drop_victim,victim_15_,"(10, 11)",15,75,0.875,0.0,Bolt,True,True
mission_comm,PA36,human,1353,1751271950,"(7, 3)",A1,True,take_victim,victim_16_,"(11, 11)",16,75,0.9375,0.0,Bolt,False,
mission_comm,PA36,human,1396,1751271955,"(11, 11)",A1,True,drop_victim,victim_16_,"(11, 11)",16,80,0.9375,0.0,Bolt,True,True
mission_comm,PA36,human,67,1751272169,"(8, 3)",A1,True,take_victim,victim_1_,"(8, 8)",1,0,0.0,0.0,Argo,False,
mission_comm,PA36,nowill,73,1751272170,"(17, 12)",B2,True,take_victim,victim_2_,"(9, 8)",2,0,0.0,0.0,Argo,False,
mission_comm,PA36,human,84,1751272171,"(8, 8)",A1,True,drop_victim,victim_1_,"(8, 8)",1,5,0.0,0.0,Argo,True,True
mission_comm,PA36,nowill,165,1751272179,"(9, 8)",B2,True,drop_victim,victim_2_,"(9, 8)",2,10,0.0625,0.0,Argo,True,True
mission_comm,PA36,human,181,1751272181,"(7, 2)",A2,True,take_victim,victim_4_,"(11, 8)",4,10,0.125,0.0,Argo,False,
mission_comm,PA36,human,228,1751272186,"(11, 8)",A2,True,drop_victim,victim_4_,"(11, 8)",4,12,0.125,0.0,Argo,True,False
mission_comm,PA36,nowill,251,1751272188,"(11, 18)",C2,True,take_victim,victim_3_,"(10, 8)",3,12,0.1875,0.0,Argo,False,
mission_comm,PA36,human,314,1751272195,"(11, 4)",A1,True,take_victim,victim_5_,"(8, 9)",5,12,0.1875,0.0,Argo,False,
mission_comm,PA36,nowill,359,1751272200,"(10, 8)",C2,True,drop_victim,victim_3_,"(10, 8)",3,17,0.1875,0.0,Argo,True,True
mission_comm,PA36,human,394,1751272203,"(8, 9)",A1,True,drop_victim,victim_5_,"(8, 9)",5,22,0.25,0.0,Argo,True,True
mission_comm,PA36,nowill,413,1751272205,"(16, 11)",B1,True,take_victim,victim_7_,"(10, 9)",7,22,0.3125,0.0,Argo,False,
mission_comm,PA36,human,437,1751272208,"(3, 9)",D1,False,take_victim,victim_6_,"(9, 9)",6,22,0.3125,0.0,Argo,False,
mission_comm,PA36,human,525,1751272217,"(9, 9)",D1,False,drop_victim,victim_6_,"(9, 9)",6,27,0.3125,0.0,Argo,True,True
mission_comm,PA36,nowill,526,1751272217,"(10, 9)",B1,True,drop_victim,victim_7_,"(10, 9)",7,32,0.375,0.0,Argo,True,True
mission_comm,PA36,human,565,1751272221,"(4, 7)",D1,False,take_victim,victim_8_,"(11, 9)",8,32,0.4375,0.0,Argo,False,
mission_comm,PA36,nowill,566,1751272221,"(15, 9)",B1,True,take_victim,victim_9_,"(8, 10)",9,32,0.4375,0.0,Argo,False,
mission_comm,PA36,human,597,1751272224,"(11, 9)",D1,False,drop_victim,victim_8_,"(11, 9)",8,37,0.4375,0.0,Argo,True,True
mission_comm,PA36,nowill,632,1751272228,"(8, 10)",B1,True,drop_victim,victim_9_,"(8, 10)",9,42,0.5,0.0,Argo,True,True
mission_comm,PA36,nowill,672,1751272232,"(11, 15)",C1,True,take_victim,victim_10_,"(9, 10)",10,42,0.5625,0.0,Argo,False,
mission_comm,PA36,nowill,734,1751272239,"(9, 10)",C1,True,drop_victim,victim_10_,"(9, 10)",10,47,0.5625,0.0,Argo,True,True
mission_comm,PA36,human,777,1751272243,"(12, 1)",A2,True,take_victim,victim_11_,"(10, 10)",11,47,0.625,0.0,Argo,False,
mission_comm,PA36,nowill,818,1751272248,"(18, 11)",B2,True,take_victim,victim_12_,"(11, 10)",12,47,0.625,0.0,Argo,False,
mission_comm,PA36,human,822,1751272248,"(10, 10)",A2,True,drop_victim,victim_11_,"(10, 10)",11,52,0.625,0.0,Argo,True,True
mission_comm,PA36,nowill,920,1751272258,"(11, 10)",B2,True,drop_victim,victim_12_,"(11, 10)",12,57,0.6875,0.0,Argo,True,True
mission_comm,PA36,nowill,988,1751272265,"(10, 17)",C2,True,take_victim,victim_13_,"(8, 11)",13,57,0.75,0.0,Argo,False,
mission_comm,PA36,human,999,1751272267,"(1, 11)",D2,False,take_victim,victim_16_,"(11, 11)",16,57,0.75,0.0,Argo,False,
mission_comm,PA36,human,1053,1751272272,"(2, 9)",D2,False,take_victim,victim_15_,"(10, 11)",15,57,0.75,0.0,Argo,False,
mission_comm,PA36,nowill,1076,1751272275,"(8, 11)",C2,True,drop_victim,victim_13_,"(8, 11)",13,62,0.75,0.0,Argo,True,True
mission_comm,PA36,nowill,1128,1751272280,"(8, 16)",C1,True,take_victim,victim_14_,"(9, 11)",14,62,0.8125,0.0,Argo,False,
mission_comm,PA36,nowill,1202,1751272288,"(9, 11)",C1,True,drop_victim,victim_14_,"(9, 11)",14,67,0.8125,0.0,Argo,True,True
mission_comm,PA36,human,1208,1751272289,"(10, 11)",D2,False,drop_victim,victim_15_,"(10, 11)",15,72,0.875,0.0,Argo,True,True
mission_comm,PA36,human,1273,1751272295,"(1, 11)",D2,False,take_victim,victim_16_,"(11, 11)",16,72,0.9375,0.0,Argo,False,
mission_comm,PA36,human,1354,1751272304,"(11, 11)",D2,False,drop_victim,victim_16_,"(11, 11)",16,77,0.9375,2.8375439643859863,Argo,True,True
mission_nocomm,PA38,nowill,55,1751353926,"(9, 16)",C1,True,take_victim,victim_2_,"(9, 8)",2,0,0.0,1.0531508922576904,Argo,False,
mission_nocomm,PA38,human,154,1751353936,"(18, 10)",B2,True,take_victim,victim_1_,"(8, 8)",1,0,0.0,11.418619871139526,Argo,False,
mission_nocomm,PA38,human,238,1751353945,"(8, 8)",B2,True,drop_victim,victim_1_,"(8, 8)",1,5,0.0,17.600945949554443,Argo,True,True
mission_nocomm,PA38,nowill,239,1751353945,"(9, 8)",C1,True,drop_victim,victim_2_,"(9, 8)",2,10,0.0625,17.600945949554443,Argo,True,True
mission_nocomm,PA38,nowill,255,1751353947,"(4, 10)",D1,True,take_victim,victim_4_,"(11, 8)",4,10,0.125,17.600945949554443,Argo,False,
mission_nocomm,PA38,human,277,1751353949,"(10, 1)",A2,True,take_victim,victim_3_,"(10, 8)",3,10,0.125,17.600945949554443,Argo,False,
mission_nocomm,PA38,human,302,1751353952,"(10, 9)",A2,True,take_victim,victim_3_,"(10, 8)",3,10,0.125,17.600945949554443,Argo,False,
mission_nocomm,PA38,human,310,1751353953,"(10, 8)",A2,True,drop_victim,victim_3_,"(10, 8)",3,15,0.125,17.600945949554443,Argo,True,True
mission_nocomm,PA38,nowill,311,1751353953,"(11, 8)",D1,True,drop_victim,victim_4_,"(11, 8)",4,20,0.1875,17.600945949554443,Argo,True,True
mission_nocomm,PA38,nowill,335,1751353955,"(2, 10)",D2,True,take_victim,victim_5_,"(8, 9)",5,20,0.25,17.600945949554443,Argo,False,
mission_nocomm,PA38,nowill,351,1751353957,"(8, 9)",D2,True,drop_victim,victim_5_,"(8, 9)",5,25,0.25,17.700705766677856,Argo,True,True
mission_nocomm,PA38,human,396,1751353962,"(8, 3)",A1,True,take_victim,victim_8_,"(11, 9)",8,25,0.3125,20.52562880516052,Argo,False,
mission_nocomm,PA38,nowill,421,1751353964,"(11, 17)",C2,True,take_victim,victim_6_,"(9, 9)",6,25,0.3125,20.52562880516052,Argo,False,
mission_nocomm,PA38,nowill,513,1751353974,"(9, 9)",C2,True,drop_victim,victim_6_,"(9, 9)",6,30,0.3125,20.52562880516052,Argo,True,True
mission_nocomm,PA38,nowill,535,1751353976,"(1, 8)",D2,True,take_victim,victim_7_,"(10, 9)",7,30,0.375,20.52562880516052,Argo,False,
mission_nocomm,PA38,nowill,557,1751353979,"(10, 9)",D2,True,drop_victim,victim_7_,"(10, 9)",7,35,0.375,20.52562880516052,Argo,True,True
mission_nocomm,PA38,human,565,1751353979,"(11, 9)",A1,True,drop_victim,victim_8_,"(11, 9)",8,40,0.4375,20.52562880516052,Argo,True,True
mission_nocomm,PA38,nowill,599,1751353983,"(7, 15)",C1,True,take_victim,victim_12_,"(11, 10)",12,40,0.5,22.61598777770996,Argo,False,
mission_nocomm,PA38,human,612,1751353984,"(15, 10)",B1,True,take_victim,victim_9_,"(8, 10)",9,40,0.5,24.072223901748657,Argo,False,
mission_nocomm,PA38,human,655,1751353989,"(8, 10)",B1,True,drop_victim,victim_9_,"(8, 10)",9,45,0.5,27.52646279335022,Argo,True,True
mission_nocomm,PA38,human,685,1751353992,"(12, 2)",A2,True,take_victim,victim_10_,"(9, 10)",10,45,0.5625,27.52646279335022,Argo,False,
mission_nocomm,PA38,human,715,1751353995,"(9, 10)",A2,True,drop_victim,victim_10_,"(9, 10)",10,50,0.5625,27.52646279335022,Argo,True,True
mission_nocomm,PA38,human,740,1751353998,"(7, 4)",A1,True,take_victim,victim_11_,"(10, 10)",11,50,0.625,27.52646279335022,Argo,False,
mission_nocomm,PA38,human,772,1751354001,"(10, 10)",A1,True,drop_victim,victim_11_,"(10, 10)",11,55,0.625,27.52646279335022,Argo,True,True
mission_nocomm,PA38,nowill,773,1751354001,"(11, 10)",C1,True,drop_victim,victim_12_,"(11, 10)",12,60,0.6875,27.52646279335022,Argo,True,True
mission_nocomm,PA38,human,847,1751354009,"(17, 11)",B2,True,take_victim,victim_13_,"(8, 11)",13,60,0.75,34.24005913734436,Argo,False,
mission_nocomm,PA38,nowill,855,1751354010,"(7, 18)",C2,True,take_victim,victim_14_,"(9, 11)",14,60,0.75,34.85342192649841,Argo,False,
mission_nocomm,PA38,human,908,1751354015,"(8, 11)",B2,True,drop_victim,victim_13_,"(8, 11)",13,65,0.75,39.54777216911316,Argo,True,True
mission_nocomm,PA38,nowill,957,1751354020,"(9, 11)",C2,True,drop_victim,victim_14_,"(9, 11)",14,70,0.8125,41.41025924682617,Argo,True,True
mission_nocomm,PA38,nowill,975,1751354022,"(3, 11)",D1,True,take_victim,victim_15_,"(10, 11)",15,70,0.875,43.60632920265198,Argo,False,
mission_nocomm,PA38,human,991,1751354024,"(16, 7)",B1,True,take_victim,victim_16_,"(11, 11)",16,70,0.875,45.266844034194946,Argo,False,
mission_nocomm,PA38,nowill,993,1751354024,"(10, 11)",D1,True,drop_victim,victim_15_,"(10, 11)",15,75,0.875,45.47560119628906,Argo,True,True
mission_nocomm,PA38,human,1046,1751354030,"(11, 11)",B1,True,drop_victim,victim_16_,"(11, 11)",16,80,0.9375,49.57095122337341,Argo,True,True
mission_nocomm,PA38,human,55,1751354324,"(1, 7)",D2,True,take_victim,victim_2_,"(9, 8)",2,0,0.0,0.0,Bolt,False,
mission_nocomm,PA38,will,69,1751354325,"(12, 17)",C2,True,take_victim,victim_1_,"(8, 8)",1,0,0.0,0.0,Bolt,False,
mission_nocomm,PA38,will,163,1751354335,"(8, 8)",C2,True,drop_victim,victim_1_,"(8, 8)",1,5,0.0,0.0,Bolt,True,True
mission_nocomm,PA38,human,167,1751354335,"(9, 8)",D2,True,drop_victim,victim_2_,"(9, 8)",2,10,0.0625,0.0,Bolt,True,True
mission_nocomm,PA38,human,244,1751354344,"(11, 3)",A1,True,take_victim,victim_6_,"(9, 9)",6,10,0.125,0.0,Bolt,False,
mission_nocomm,PA38,will,249,1751354344,"(8, 18)",C2,True,take_victim,victim_3_,"(10, 8)",3,10,0.125,0.0,Bolt,False,
mission_nocomm,PA38,will,357,1751354355,"(10, 8)",C2,True,drop_victim,victim_3_,"(10, 8)",3,15,0.125,0.0,Bolt,True,True
mission_nocomm,PA38,will,439,1751354364,"(18, 10)",B2,True,take_victim,victim_4_,"(11, 8)",4,15,0.1875,0.0,Bolt,False,
mission_nocomm,PA38,will,541,1751354375,"(11, 8)",B2,True,drop_victim,victim_4_,"(11, 8)",4,20,0.1875,0.0,Bolt,True,True
mission_nocomm,PA38,will,593,1751354380,"(16, 8)",B1,True,take_victim,victim_5_,"(8, 9)",5,20,0.25,0.0,Bolt,False,
mission_nocomm,PA38,will,673,1751354389,"(8, 9)",B1,True,drop_victim,victim_5_,"(8, 9)",5,25,0.25,0.0,Bolt,True,True
mission_nocomm,PA38,human,679,1751354389,"(9, 9)",A1,True,drop_victim,victim_6_,"(9, 9)",6,30,0.3125,0.0,Bolt,True,True
mission_nocomm,PA38,human,706,1751354392,"(2, 9)",D2,True,take_victim,victim_10_,"(9, 10)",10,30,0.375,0.0,Bolt,False,
mission_nocomm,PA38,will,729,1751354394,"(7, 16)",C1,True,take_victim,victim_7_,"(10, 9)",7,30,0.375,0.0,Bolt,False,
mission_nocomm,PA38,will,807,1751354403,"(10, 9)",C1,True,drop_victim,victim_7_,"(10, 9)",7,35,0.375,0.0,Bolt,True,True
mission_nocomm,PA38,will,847,1751354407,"(15, 11)",B1,True,take_victim,victim_8_,"(11, 9)",8,35,0.4375,0.0,Bolt,False,
mission_nocomm,PA38,will,907,1751354413,"(11, 9)",B1,True,drop_victim,victim_8_,"(11, 9)",8,40,0.4375,0.0,Bolt,True,True
mission_nocomm,PA38,will,973,1751354420,"(17, 12)",B2,True,take_victim,victim_9_,"(8, 10)",9,40,0.5,0.0,Bolt,False,
mission_nocomm,PA38,will,1079,1751354431,"(8, 10)",B2,True,drop_victim,victim_9_,"(8, 10)",9,45,0.5,0.0,Bolt,True,True
mission_nocomm,PA38,human,1082,1751354431,"(9, 10)",D2,True,drop_victim,victim_10_,"(9, 10)",10,50,0.5625,0.0,Bolt,True,True
mission_nocomm,PA38,human,1108,1751354434,"(7, 4)",A1,True,take_victim,victim_11_,"(10, 10)",11,50,0.625,0.0,Bolt,False,
mission_nocomm,PA38,will,1119,1751354435,"(10, 15)",C1,True,take_victim,victim_14_,"(9, 11)",14,50,0.625,0.0,Bolt,False,
mission_nocomm,PA38,human,1139,1751354437,"(11, 10)",A1,True,take_victim,victim_11_,"(10, 10)",11,50,0.625,0.0,Bolt,False,
mission_nocomm,PA38,human,1147,1751354438,"(10, 10)",A1,True,drop_victim,victim_11_,"(10, 10)",11,55,0.625,0.0,Bolt,True,True
mission_nocomm,PA38,human,1166,1751354440,"(4, 11)",D1,True,take_victim,victim_12_,"(11, 10)",12,55,0.6875,0.0,Bolt,False,
mission_nocomm,PA38,human,1206,1751354444,"(11, 10)",D1,True,drop_victim,victim_12_,"(11, 10)",12,60,0.6875,0.0,Bolt,True,True
mission_nocomm,PA38,human,1238,1751354448,"(7, 1)",A2,True,take_victim,victim_13_,"(8, 11)",13,60,0.75,0.0,Bolt,False,
mission_nocomm,PA38,human,1267,1751354451,"(8, 11)",A2,True,drop_victim,victim_13_,"(8, 11)",13,65,0.75,0.0,Bolt,True,True
mission_nocomm,PA38,will,1268,1751354451,"(9, 11)",C1,True,drop_victim,victim_14_,"(9, 11)",14,70,0.8125,0.0,Bolt,True,True
mission_nocomm,PA38,human,1289,1751354453,"(3, 9)",D1,True,take_victim,victim_15_,"(10, 11)",15,70,0.875,0.0,Bolt,False,
mission_nocomm,PA38,human,1312,1751354456,"(10, 11)",D1,True,drop_victim,victim_15_,"(10, 11)",15,75,0.875,0.0,Bolt,True,True
mission_nocomm,PA38,human,1338,1751354458,"(12, 2)",A2,True,take_victim,victim_16_,"(11, 11)",16,75,0.9375,0.0,Bolt,False,
mission_nocomm,PA38,human,1361,1751354461,"(11, 11)",A2,True,drop_victim,victim_16_,"(11, 11)",16,80,0.9375,0.0,Bolt,True,True
mission_comm,PA25,nowill,55,1750166142,"(12, 16)",C1,True,take_victim,victim_1_,"(8, 8)",1,0,0.0,0.0,Argo,False,
mission_comm,PA25,human,104,1750166147,"(8, 1)",A2,True,take_victim,victim_2_,"(9, 8)",2,0,0.0,0.0,Argo,False,
mission_comm,PA25,human,135,1750166150,"(9, 8)",A2,True,drop_victim,victim_2_,"(9, 8)",2,2,0.0,0.0,Argo,True,False
mission_comm,PA25,nowill,135,1750166150,"(8, 8)",C1,True,drop_victim,victim_1_,"(8, 8)",1,7,0.0,0.0,Argo,True,True
mission_comm,PA25,human,188,1750166155,"(11, 2)",A2,True,take_victim,victim_3_,"(10, 8)",3,7,0.125,0.0,Argo,False,
mission_comm,PA25,nowill,193,1750166156,"(16, 10)",B1,True,take_victim,victim_8_,"(11, 9)",8,7,0.125,0.0,Argo,False,
mission_comm,PA25,human,217,1750166159,"(10, 8)",A2,True,drop_victim,victim_3_,"(10, 8)",3,12,0.125,0.0,Argo,True,True
mission_comm,PA25,human,254,1750166162,"(1, 11)",D2,False,take_victim,victim_4_,"(11, 8)",4,12,0.1875,0.0,Argo,False,
mission_comm,PA25,human,290,1750166166,"(11, 8)",D2,False,drop_victim,victim_4_,"(11, 8)",4,17,0.1875,0.0,Argo,True,True
mission_comm,PA25,human,323,1750166170,"(3, 11)",D1,False,take_victim,victim_5_,"(8, 9)",5,17,0.25,0.0,Argo,False,
mission_comm,PA25,human,360,1750166173,"(9, 9)",D1,False,take_victim,victim_5_,"(8, 9)",5,17,0.25,0.0,Argo,False,
mission_comm,PA25,human,370,1750166175,"(8, 9)",D1,False,drop_victim,victim_5_,"(8, 9)",5,22,0.25,0.0,Argo,True,True
mission_comm,PA25,human,400,1750166178,"(2, 8)",D2,False,take_victim,victim_6_,"(9, 9)",6,22,0.3125,0.0,Argo,False,
mission_comm,PA25,human,423,1750166180,"(9, 9)",D2,False,drop_victim,victim_6_,"(9, 9)",6,27,0.3125,0.0,Argo,True,True
mission_comm,PA25,human,457,1750166184,"(7, 4)",A1,True,take_victim,victim_7_,"(10, 9)",7,27,0.375,0.0,Argo,False,
mission_comm,PA25,human,483,1750166186,"(10, 9)",A1,True,drop_victim,victim_7_,"(10, 9)",7,32,0.375,0.0,Argo,True,True
mission_comm,PA25,nowill,484,1750166186,"(11, 9)",B1,True,drop_victim,victim_8_,"(11, 9)",8,37,0.4375,0.0,Argo,True,True
mission_comm,PA25,human,549,1750166193,"(9, 3)",A1,True,take_victim,victim_10_,"(9, 10)",10,37,0.5,0.0,Argo,False,
mission_comm,PA25,nowill,550,1750166193,"(17, 7)",B2,True,take_victim,victim_9_,"(8, 10)",9,37,0.5,0.0,Argo,False,
mission_comm,PA25,human,581,1750166197,"(9, 10)",A1,True,drop_victim,victim_10_,"(9, 10)",10,39,0.5,0.0,Argo,True,False
mission_comm,PA25,human,611,1750166200,"(4, 8)",D1,False,take_victim,victim_11_,"(10, 10)",11,39,0.5625,0.0,Argo,False,
mission_comm,PA25,human,641,1750166203,"(10, 10)",D1,False,drop_victim,victim_11_,"(10, 10)",11,41,0.5625,0.0,Argo,True,False
mission_comm,PA25,nowill,644,1750166203,"(8, 10)",B2,True,drop_victim,victim_9_,"(8, 10)",9,46,0.625,0.0,Argo,True,True
mission_comm,PA25,nowill,730,1750166212,"(18, 10)",B2,True,take_victim,victim_12_,"(11, 10)",12,46,0.6875,0.0003819465637207,Argo,False,
mission_comm,PA25,human,789,1750166218,"(11, 15)",C1,False,take_victim,victim_14_,"(9, 11)",14,46,0.6875,6.485882997512817,Argo,False,
mission_comm,PA25,nowill,832,1750166223,"(11, 10)",B2,True,drop_victim,victim_12_,"(11, 10)",12,51,0.6875,9.638976097106934,Argo,True,True
mission_comm,PA25,human,837,1750166223,"(9, 11)",C1,False,drop_victim,victim_14_,"(9, 11)",14,53,0.75,9.638976097106934,Argo,True,False
mission_comm,PA25,nowill,914,1750166231,"(9, 18)",C2,True,take_victim,victim_13_,"(8, 11)",13,53,0.8125,15.257692098617554,Argo,False,
mission_comm,PA25,human,940,1750166234,"(15, 8)",B1,True,take_victim,victim_15_,"(10, 11)",15,53,0.8125,17.98243999481201,Argo,False,
mission_comm,PA25,human,993,1750166240,"(10, 11)",B1,True,drop_victim,victim_15_,"(10, 11)",15,55,0.8125,21.44793915748596,Argo,True,False
mission_comm,PA25,nowill,1016,1750166242,"(8, 11)",C2,True,drop_victim,victim_13_,"(8, 11)",13,60,0.875,21.44793915748596,Argo,True,True
mission_comm,PA25,nowill,1082,1750166249,"(8, 17)",C2,True,take_victim,victim_16_,"(11, 11)",16,60,0.9375,27.263076305389404,Argo,False,
mission_comm,PA25,nowill,1170,1750166258,"(11, 11)",C2,True,drop_victim,victim_16_,"(11, 11)",16,65,0.9375,32.88920831680298,Argo,True,True
mission_comm,PA25,will,87,1750166441,"(18, 8)",B2,True,take_victim,victim_1_,"(8, 8)",1,0,0.0,0.0,Bolt,False,
mission_comm,PA25,human,119,1750166445,"(4, 10)",D1,True,take_victim,victim_3_,"(10, 8)",3,0,0.0,0.0,Bolt,False,
mission_comm,PA25,human,147,1750166448,"(10, 8)",D1,True,drop_victim,victim_3_,"(10, 8)",3,2,0.0,0.0,Bolt,True,False
mission_comm,PA25,will,195,1750166453,"(8, 8)",B2,True,drop_victim,victim_1_,"(8, 8)",1,7,0.0625,0.0,Bolt,True,True
mission_comm,PA25,human,200,1750166453,"(3, 8)",D1,True,take_victim,victim_9_,"(8, 10)",9,7,0.125,0.0,Bolt,False,
mission_comm,PA25,will,215,1750166455,"(11, 1)",A2,True,take_victim,victim_2_,"(9, 8)",2,7,0.125,0.0,Bolt,False,
mission_comm,PA25,human,223,1750166456,"(8, 10)",D1,True,drop_victim,victim_9_,"(8, 10)",9,9,0.125,0.0,Bolt,True,False
mission_comm,PA25,will,233,1750166457,"(9, 8)",A2,True,drop_victim,victim_2_,"(9, 8)",2,14,0.1875,0.0,Bolt,True,True
mission_comm,PA25,human,255,1750166459,"(8, 4)",A1,True,take_victim,victim_7_,"(10, 9)",7,14,0.25,0.0,Bolt,False,
mission_comm,PA25,human,284,1750166462,"(10, 9)",A1,True,drop_victim,victim_7_,"(10, 9)",7,16,0.25,0.0,Bolt,True,False
mission_comm,PA25,will,305,1750166464,"(8, 17)",C2,True,take_victim,victim_4_,"(11, 8)",4,16,0.3125,0.0,Bolt,False,
mission_comm,PA25,human,356,1750166469,"(15, 7)",B1,False,take_victim,victim_12_,"(11, 10)",12,16,0.3125,4.787709951400757,Bolt,False,
mission_comm,PA25,will,399,1750166474,"(11, 8)",C2,True,drop_victim,victim_4_,"(11, 8)",4,21,0.3125,7.918314933776856,Bolt,True,True
mission_comm,PA25,human,403,1750166474,"(11, 10)",B1,False,drop_victim,victim_12_,"(11, 10)",12,23,0.375,7.918314933776856,Bolt,True,False
mission_comm,PA25,will,425,1750166477,"(1, 8)",D2,True,take_victim,victim_6_,"(9, 9)",6,23,0.4375,7.918314933776856,Bolt,False,
mission_comm,PA25,human,484,1750166483,"(17, 12)",B2,False,take_victim,victim_10_,"(9, 10)",10,23,0.4375,13.067988872528076,Bolt,False,
mission_comm,PA25,human,511,1750166486,"(16, 12)",B1,False,take_victim,victim_15_,"(10, 11)",15,23,0.4375,15.84857177734375,Bolt,False,
mission_comm,PA25,human,572,1750166492,"(10, 11)",B1,False,drop_victim,victim_15_,"(10, 11)",15,25,0.4375,20.774830102920532,Bolt,True,False
mission_comm,PA25,human,708,1750166506,"(11, 16)",C1,False,take_victim,victim_5_,"(8, 9)",5,25,0.5,27.6355619430542,Bolt,False,
mission_comm,PA25,human,780,1750166514,"(8, 9)",C1,False,drop_victim,victim_5_,"(8, 9)",5,30,0.5,31.95024275779724,Bolt,True,True
mission_comm,PA25,will,781,1750166514,"(9, 9)",D2,True,drop_victim,victim_6_,"(9, 9)",6,35,0.5625,31.95024275779724,Bolt,True,True
mission_comm,PA25,will,801,1750166516,"(7, 2)",A2,True,take_victim,victim_8_,"(11, 9)",8,35,0.625,31.95024275779724,Bolt,False,
mission_comm,PA25,will,819,1750166518,"(11, 9)",A2,True,drop_victim,victim_8_,"(11, 9)",8,40,0.625,31.95024275779724,Bolt,True,True
mission_comm,PA25,human,824,1750166519,"(10, 3)",A1,True,take_victim,victim_13_,"(8, 11)",13,40,0.6875,31.95024275779724,Bolt,False,
mission_comm,PA25,human,860,1750166522,"(8, 11)",A1,True,drop_victim,victim_13_,"(8, 11)",13,42,0.6875,31.95024275779724,Bolt,True,False
mission_comm,PA25,will,885,1750166525,"(17, 12)",B2,True,take_victim,victim_10_,"(9, 10)",10,42,0.75,32.05519890785217,Bolt,False,
mission_comm,PA25,human,928,1750166529,"(7, 15)",C1,False,take_victim,victim_14_,"(9, 11)",14,42,0.75,36.56067776679993,Bolt,False,
mission_comm,PA25,human,971,1750166534,"(9, 11)",C1,False,drop_victim,victim_14_,"(9, 11)",14,44,0.75,39.79773688316345,Bolt,True,False
mission_comm,PA25,will,977,1750166535,"(9, 10)",B2,True,drop_victim,victim_10_,"(9, 10)",10,49,0.8125,39.79773688316345,Bolt,True,True
mission_comm,PA25,will,997,1750166537,"(2, 12)",D2,True,take_victim,victim_11_,"(10, 10)",11,49,0.875,39.79773688316345,Bolt,False,
mission_comm,PA25,will,1017,1750166539,"(10, 10)",D2,True,drop_victim,victim_11_,"(10, 10)",11,54,0.875,39.79773688316345,Bolt,True,True
mission_comm,PA25,will,1099,1750166547,"(10, 18)",C2,True,take_victim,victim_16_,"(11, 11)",16,54,0.9375,39.79773688316345,Bolt,False,
mission_comm,PA25,will,1201,1750166558,"(11, 11)",C2,True,drop_victim,victim_16_,"(11, 11)",16,59,0.9375,39.79773688316345,Bolt,True,True
mission_comm,PA22,will,17,1750083625,"(7, 3)",A1,True,take_victim,victim_1_,"(8, 8)",1,0,0.0,0.0,Bolt,False,
mission_comm,PA22,will,31,1750083626,"(8, 8)",A1,True,drop_victim,victim_1_,"(8, 8)",1,5,0.0,0.0,Bolt,True,True
mission_comm,PA22,will,75,1750083631,"(11, 15)",C1,True,take_victim,victim_2_,"(9, 8)",2,5,0.0625,0.0,Bolt,False,
mission_comm,PA22,will,141,1750083638,"(9, 8)",C1,True,drop_victim,victim_2_,"(9, 8)",2,10,0.0625,0.0,Bolt,True,True
mission_comm,PA22,will,225,1750083646,"(18, 9)",B2,True,take_victim,victim_4_,"(11, 8)",4,10,0.125,0.0,Bolt,False,
mission_comm,PA22,human,429,1750083668,"(2, 11)",D2,True,take_victim,victim_3_,"(10, 8)",3,10,0.125,1.4678847789764404,Bolt,False,
mission_comm,PA22,human,466,1750083672,"(10, 8)",D2,True,drop_victim,victim_3_,"(10, 8)",3,15,0.125,1.4678847789764404,Bolt,True,True
mission_comm,PA22,will,467,1750083672,"(11, 8)",B2,True,drop_victim,victim_4_,"(11, 8)",4,20,0.1875,1.4678847789764404,Bolt,True,True
mission_comm,PA22,will,489,1750083674,"(3, 10)",D1,True,take_victim,victim_5_,"(8, 9)",5,20,0.25,1.4678847789764404,Bolt,False,
mission_comm,PA22,will,503,1750083676,"(8, 9)",D1,True,drop_victim,victim_5_,"(8, 9)",5,25,0.25,1.4678847789764404,Bolt,True,True
mission_comm,PA22,will,519,1750083677,"(8, 4)",A1,True,take_victim,victim_6_,"(9, 9)",6,25,0.3125,1.4678847789764404,Bolt,False,
mission_comm,PA22,will,533,1750083679,"(9, 9)",A1,True,drop_victim,victim_6_,"(9, 9)",6,30,0.3125,1.4678847789764404,Bolt,True,True
mission_comm,PA22,will,603,1750083686,"(17, 11)",B2,True,take_victim,victim_9_,"(8, 10)",9,30,0.375,5.761947870254517,Bolt,False,
mission_comm,PA22,human,663,1750083692,"(15, 10)",B1,False,take_victim,victim_7_,"(10, 9)",7,30,0.375,12.36349868774414,Bolt,False,
mission_comm,PA22,human,723,1750083699,"(10, 9)",B1,False,drop_victim,victim_7_,"(10, 9)",7,35,0.375,15.708393573760986,Bolt,True,True
mission_comm,PA22,human,790,1750083706,"(9, 1)",A2,True,take_victim,victim_8_,"(11, 9)",8,35,0.4375,15.708393573760986,Bolt,False,
mission_comm,PA22,human,843,1750083711,"(11, 9)",A2,True,drop_victim,victim_8_,"(11, 9)",8,40,0.4375,16.738669633865356,Bolt,True,True
mission_comm,PA22,will,844,1750083711,"(8, 10)",B2,True,drop_victim,victim_9_,"(8, 10)",9,45,0.5,16.738669633865356,Bolt,True,True
mission_comm,PA22,will,858,1750083713,"(4, 9)",D1,True,take_victim,victim_10_,"(9, 10)",10,45,0.5625,16.738669633865356,Bolt,False,
mission_comm,PA22,will,872,1750083714,"(9, 10)",D1,True,drop_victim,victim_10_,"(9, 10)",10,50,0.5625,16.738669633865356,Bolt,True,True
mission_comm,PA22,will,926,1750083720,"(8, 16)",C1,True,take_victim,victim_15_,"(10, 11)",15,50,0.625,16.738669633865356,Bolt,False,
mission_comm,PA22,human,963,1750083724,"(11, 2)",A2,True,take_victim,victim_12_,"(11, 10)",12,50,0.625,16.738669633865356,Bolt,False,
mission_comm,PA22,human,1266,1750083755,"(7, 17)",C2,True,take_victim,victim_11_,"(10, 10)",11,50,0.625,23.963218450546265,Bolt,False,
mission_comm,PA22,human,1344,1750083764,"(10, 10)",C2,True,drop_victim,victim_11_,"(10, 10)",11,55,0.625,28.233452558517456,Bolt,True,True
mission_comm,PA22,human,1488,1750083779,"(12, 18)",C2,True,take_victim,victim_14_,"(9, 11)",14,55,0.6875,39.78589844703674,Bolt,False,
mission_comm,PA22,human,1643,1750083795,"(8, 5)",A2,True,take_victim,victim_12_,"(11, 10)",12,55,0.6875,47.014485597610474,Bolt,False,
mission_comm,PA22,human,1673,1750083798,"(11, 10)",A2,True,drop_victim,victim_12_,"(11, 10)",12,60,0.6875,47.014485597610474,Bolt,True,True
mission_comm,PA22,human,1761,1750083807,"(16, 9)",B1,False,take_victim,victim_13_,"(8, 11)",13,60,0.75,53.714494466781616,Bolt,False,
mission_comm,PA22,human,1827,1750083814,"(8, 11)",B1,False,drop_victim,victim_13_,"(8, 11)",13,65,0.75,58.1048583984375,Bolt,True,True
mission_comm,PA22,human,1857,1750083817,"(5, 9)",C2,True,take_victim,victim_14_,"(9, 11)",14,65,0.8125,58.1048583984375,Bolt,False,
mission_comm,PA22,human,1880,1750083820,"(9, 11)",C2,True,drop_victim,victim_14_,"(9, 11)",14,70,0.8125,58.1048583984375,Bolt,True,True
mission_comm,PA22,will,1881,1750083820,"(10, 11)",C1,True,drop_victim,victim_15_,"(10, 11)",15,75,0.875,58.1048583984375,Bolt,True,True
mission_comm,PA22,human,1933,1750083825,"(1, 8)",D2,True,take_victim,victim_16_,"(11, 11)",16,75,0.9375,58.1048583984375,Bolt,False,
mission_comm,PA22,human,1968,1750083829,"(11, 11)",D2,True,drop_victim,victim_16_,"(11, 11)",16,80,0.9375,58.1048583984375,Bolt,True,True
mission_comm,PA22,nowill,41,1750084109,"(8, 15)",C1,True,take_victim,victim_1_,"(8, 8)",1,0,0.0,0.0,Argo,False,
mission_comm,PA22,nowill,107,1750084116,"(8, 8)",C1,True,drop_victim,victim_1_,"(8, 8)",1,5,0.0,0.0,Argo,True,True
mission_comm,PA22,human,121,1750084118,"(12, 3)",A1,True,take_victim,victim_2_,"(9, 8)",2,5,0.0625,0.0,Argo,False,
mission_comm,PA22,nowill,123,1750084118,"(3, 12)",D1,True,take_victim,victim_6_,"(9, 9)",6,5,0.0625,0.0,Argo,False,
mission_comm,PA22,human,150,1750084121,"(9, 8)",A1,True,drop_victim,victim_2_,"(9, 8)",2,10,0.0625,0.0,Argo,True,True
mission_comm,PA22,human,179,1750084124,"(8, 4)",A1,True,take_victim,victim_3_,"(10, 8)",3,10,0.125,0.0,Argo,False,
mission_comm,PA22,human,208,1750084127,"(10, 8)",A1,True,drop_victim,victim_3_,"(10, 8)",3,15,0.125,0.0,Argo,True,True
mission_comm,PA22,human,290,1750084135,"(17, 8)",B2,True,take_victim,victim_4_,"(11, 8)",4,15,0.1875,7.543481111526489,Argo,False,
mission_comm,PA22,human,353,1750084142,"(11, 8)",B2,True,drop_victim,victim_4_,"(11, 8)",4,20,0.1875,12.859223127365112,Argo,True,True
mission_comm,PA22,human,385,1750084145,"(10, 2)",A2,True,take_victim,victim_5_,"(8, 9)",5,20,0.25,12.859223127365112,Argo,False,
mission_comm,PA22,human,420,1750084149,"(8, 9)",A2,True,drop_victim,victim_5_,"(8, 9)",5,25,0.25,12.859223127365112,Argo,True,True
mission_comm,PA22,nowill,421,1750084149,"(9, 9)",D1,True,drop_victim,victim_6_,"(9, 9)",6,30,0.3125,12.859223127365112,Argo,True,True
mission_comm,PA22,nowill,491,1750084156,"(7, 17)",C2,True,take_victim,victim_8_,"(11, 9)",8,30,0.375,17.685718059539795,Argo,False,
mission_comm,PA22,human,531,1750084161,"(18, 11)",B2,True,take_victim,victim_7_,"(10, 9)",7,30,0.375,22.59737014770508,Argo,False,
mission_comm,PA22,human,609,1750084169,"(10, 9)",B2,True,drop_victim,victim_7_,"(10, 9)",7,35,0.375,28.64945411682129,Argo,True,True
mission_comm,PA22,nowill,610,1750084169,"(11, 9)",C2,True,drop_victim,victim_8_,"(11, 9)",8,40,0.4375,28.64945411682129,Argo,True,True
mission_comm,PA22,nowill,630,1750084171,"(4, 8)",D1,True,take_victim,victim_9_,"(8, 10)",9,40,0.5,28.64945411682129,Argo,False,
mission_comm,PA22,nowill,642,1750084172,"(8, 10)",D1,True,drop_victim,victim_9_,"(8, 10)",9,45,0.5,28.64945411682129,Argo,True,True
mission_comm,PA22,human,712,1750084180,"(15, 9)",B1,True,take_victim,victim_11_,"(10, 10)",11,45,0.5625,34.29991912841797,Argo,False,
mission_comm,PA22,nowill,724,1750084181,"(12, 18)",C2,True,take_victim,victim_10_,"(9, 10)",10,45,0.5625,34.82955002784729,Argo,False,
mission_comm,PA22,human,820,1750084191,"(12, 6)",B1,True,take_victim,victim_11_,"(10, 10)",11,45,0.5625,39.55533218383789,Argo,False,
mission_comm,PA22,nowill,828,1750084192,"(9, 10)",C2,True,drop_victim,victim_10_,"(9, 10)",10,50,0.5625,39.55533218383789,Argo,True,True
mission_comm,PA22,nowill,850,1750084194,"(1, 11)",D2,True,take_victim,victim_13_,"(8, 11)",13,50,0.625,39.55533218383789,Argo,False,
mission_comm,PA22,human,853,1750084194,"(10, 10)",B1,True,drop_victim,victim_11_,"(10, 10)",11,55,0.625,39.55533218383789,Argo,True,True
mission_comm,PA22,human,946,1750084204,"(16, 11)",B1,True,take_victim,victim_12_,"(11, 10)",12,55,0.6875,47.72152090072632,Argo,False,
mission_comm,PA22,human,1043,1750084214,"(11, 10)",B1,True,drop_victim,victim_12_,"(11, 10)",12,60,0.6875,55.46695804595947,Argo,True,True
mission_comm,PA22,nowill,1044,1750084214,"(8, 11)",D2,True,drop_victim,victim_13_,"(8, 11)",13,65,0.75,55.46695804595947,Argo,True,True
mission_comm,PA22,nowill,1096,1750084220,"(9, 16)",C1,True,take_victim,victim_15_,"(10, 11)",15,65,0.8125,55.46695804595947,Argo,False,
mission_comm,PA22,human,1100,1750084220,"(7, 1)",A2,True,take_victim,victim_14_,"(9, 11)",14,65,0.8125,55.46695804595947,Argo,False,
mission_comm,PA22,human,1164,1750084227,"(9, 11)",A2,True,drop_victim,victim_14_,"(9, 11)",14,70,0.8125,55.46695804595947,Argo,True,True
mission_comm,PA22,nowill,1170,1750084227,"(10, 11)",C1,True,drop_victim,victim_15_,"(10, 11)",15,75,0.875,55.46695804595947,Argo,True,True
mission_comm,PA22,nowill,1192,1750084230,"(2, 10)",D2,True,take_victim,victim_16_,"(11, 11)",16,75,0.9375,55.46695804595947,Argo,False,
mission_comm,PA22,nowill,1214,1750084232,"(11, 11)",D2,True,drop_victim,victim_16_,"(11, 11)",16,80,0.9375,55.46695804595947,Argo,True,True
mission_comm,PA14,nowill,69,1749821026,"(11, 17)",C2,True,take_victim,victim_1_,"(8, 8)",1,0,0.0,0.0,Argo,False,
mission_comm,PA14,nowill,163,1749821036,"(8, 8)",C2,True,drop_victim,victim_1_,"(8, 8)",1,5,0.0,0.0,Argo,True,True
mission_comm,PA14,nowill,207,1749821041,"(9, 15)",C1,True,take_victim,victim_2_,"(9, 8)",2,5,0.0625,0.0,Argo,False,
mission_comm,PA14,nowill,273,1749821048,"(9, 8)",C1,True,drop_victim,victim_2_,"(9, 8)",2,10,0.0625,0.0,Argo,True,True
mission_comm,PA14,nowill,331,1749821054,"(12, 16)",C1,True,take_victim,victim_3_,"(10, 8)",3,10,0.125,0.0,Argo,False,
mission_comm,PA14,nowill,423,1749821064,"(10, 8)",C1,True,drop_victim,victim_3_,"(10, 8)",3,15,0.125,0.0,Argo,True,True
mission_comm,PA14,nowill,491,1749821071,"(17, 7)",B2,True,take_victim,victim_4_,"(11, 8)",4,15,0.1875,0.0,Argo,False,
mission_comm,PA14,nowill,579,1749821080,"(11, 8)",B2,True,drop_victim,victim_4_,"(11, 8)",4,20,0.1875,0.0,Argo,True,True
mission_comm,PA14,nowill,617,1749821084,"(15, 10)",B1,True,take_victim,victim_5_,"(8, 9)",5,20,0.25,0.0,Argo,False,
mission_comm,PA14,nowill,683,1749821091,"(8, 9)",B1,True,drop_victim,victim_5_,"(8, 9)",5,25,0.25,0.0,Argo,True,True
mission_comm,PA14,human,709,1749821094,"(11, 1)",A2,True,take_victim,victim_6_,"(9, 9)",6,25,0.3125,0.0,Argo,False,
mission_comm,PA14,human,759,1749821099,"(9, 9)",A2,True,drop_victim,victim_6_,"(9, 9)",6,30,0.3125,0.0,Argo,True,True
mission_comm,PA14,nowill,769,1749821100,"(18, 12)",B2,True,take_victim,victim_8_,"(11, 9)",8,30,0.375,0.0,Argo,False,
mission_comm,PA14,human,803,1749821103,"(8, 4)",A1,True,take_victim,victim_7_,"(10, 9)",7,30,0.375,0.0,Argo,False,
mission_comm,PA14,human,838,1749821107,"(10, 9)",A1,True,drop_victim,victim_7_,"(10, 9)",7,35,0.375,0.0,Argo,True,True
mission_comm,PA14,nowill,871,1749821111,"(11, 9)",B2,True,drop_victim,victim_8_,"(11, 9)",8,40,0.4375,0.0,Argo,True,True
mission_comm,PA14,human,914,1749821115,"(2, 10)",D2,False,take_victim,victim_9_,"(8, 10)",9,40,0.5,0.0,Argo,False,
mission_comm,PA14,human,937,1749821117,"(8, 10)",D2,False,drop_victim,victim_9_,"(8, 10)",9,45,0.5,0.0,Argo,True,True
mission_comm,PA14,nowill,955,1749821119,"(12, 18)",C2,True,take_victim,victim_13_,"(8, 11)",13,45,0.5625,0.0,Argo,False,
mission_comm,PA14,human,985,1749821123,"(12, 3)",A1,True,take_victim,victim_10_,"(9, 10)",10,45,0.5625,0.0,Argo,False,
mission_comm,PA14,human,1028,1749821127,"(9, 10)",A1,True,drop_victim,victim_10_,"(9, 10)",10,50,0.5625,0.0,Argo,True,True
mission_comm,PA14,human,1079,1749821132,"(4, 8)",D1,False,take_victim,victim_11_,"(10, 10)",11,50,0.625,0.0,Argo,False,
mission_comm,PA14,human,1120,1749821137,"(10, 10)",D1,False,drop_victim,victim_11_,"(10, 10)",11,55,0.625,0.0,Argo,True,True
mission_comm,PA14,human,1162,1749821141,"(10, 2)",A2,True,take_victim,victim_12_,"(11, 10)",12,55,0.6875,0.0,Argo,False,
mission_comm,PA14,human,1206,1749821146,"(11, 10)",A2,True,drop_victim,victim_12_,"(11, 10)",12,60,0.6875,0.0,Argo,True,True
mission_comm,PA14,nowill,1207,1749821146,"(8, 11)",C2,True,drop_victim,victim_13_,"(8, 11)",13,65,0.75,0.0,Argo,True,True
mission_comm,PA14,nowill,1265,1749821152,"(16, 11)",B1,True,take_victim,victim_15_,"(10, 11)",15,65,0.8125,0.0,Argo,False,
mission_comm,PA14,human,1272,1749821153,"(3, 9)",D1,False,take_victim,victim_14_,"(9, 11)",14,65,0.8125,0.0,Argo,False,
mission_comm,PA14,human,1304,1749821156,"(9, 11)",D1,False,drop_victim,victim_14_,"(9, 11)",14,70,0.8125,0.0,Argo,True,True
mission_comm,PA14,nowill,1341,1749821160,"(10, 11)",B1,True,drop_victim,victim_15_,"(10, 11)",15,75,0.875,0.0,Argo,True,True
mission_comm,PA14,human,1366,1749821162,"(1, 7)",D2,False,take_victim,victim_16_,"(11, 11)",16,75,0.9375,0.0,Argo,False,
mission_comm,PA14,human,1413,1749821167,"(11, 11)",D2,False,drop_victim,victim_16_,"(11, 11)",16,80,0.9375,0.0,Argo,True,True
mission_comm,PA14,will,87,1749821357,"(18, 8)",B2,True,take_victim,victim_3_,"(10, 8)",3,0,0.0,0.0,Bolt,False,
mission_comm,PA14,human,102,1749821359,"(8, 4)",A1,True,take_victim,victim_2_,"(9, 8)",2,0,0.0,0.0,Bolt,False,
mission_comm,PA14,human,361,1749821386,"(4, 10)",D1,True,take_victim,victim_1_,"(8, 8)",1,0,0.0,0.0,Bolt,False,
mission_comm,PA14,human,388,1749821389,"(4, 10)",D1,True,take_victim,victim_1_,"(8, 8)",1,0,0.0,0.0,Bolt,False,
mission_comm,PA14,human,422,1749821392,"(8, 8)",D1,True,drop_victim,victim_1_,"(8, 8)",1,5,0.0,0.0,Bolt,True,True
mission_comm,PA14,human,447,1749821395,"(4, 9)",A1,True,take_victim,victim_2_,"(9, 8)",2,5,0.0625,0.0,Bolt,False,
mission_comm,PA14,human,482,1749821398,"(9, 8)",A1,True,drop_victim,victim_2_,"(9, 8)",2,10,0.0625,0.0,Bolt,True,True
mission_comm,PA14,will,483,1749821399,"(10, 8)",B2,True,drop_victim,victim_3_,"(10, 8)",3,15,0.125,0.0,Bolt,True,True
mission_comm,PA14,human,545,1749821405,"(1, 8)",D2,True,take_victim,victim_5_,"(8, 9)",5,15,0.1875,0.0,Bolt,False,
mission_comm,PA14,will,569,1749821408,"(7, 18)",C2,True,take_victim,victim_4_,"(11, 8)",4,15,0.1875,0.0,Bolt,False,
mission_comm,PA14,will,677,1749821419,"(11, 8)",C2,True,drop_victim,victim_4_,"(11, 8)",4,20,0.1875,0.0,Bolt,True,True
mission_comm,PA14,human,696,1749821421,"(8, 9)",D2,True,drop_victim,victim_5_,"(8, 9)",5,25,0.25,0.0,Bolt,True,True
mission_comm,PA14,will,729,1749821424,"(16, 11)",B1,True,take_victim,victim_6_,"(9, 9)",6,25,0.3125,0.0,Bolt,False,
mission_comm,PA14,human,772,1749821429,"(9, 3)",A1,True,take_victim,victim_9_,"(8, 10)",9,25,0.3125,0.0,Bolt,False,
mission_comm,PA14,will,807,1749821433,"(9, 9)",B1,True,drop_victim,victim_6_,"(9, 9)",6,30,0.3125,0.0,Bolt,True,True
mission_comm,PA14,human,813,1749821433,"(8, 10)",A1,True,drop_victim,victim_9_,"(8, 10)",9,32,0.375,0.0,Bolt,True,False
mission_comm,PA14,will,849,1749821437,"(15, 8)",B1,True,take_victim,victim_7_,"(10, 9)",7,32,0.4375,0.0,Bolt,False,
mission_comm,PA14,will,911,1749821444,"(10, 9)",B1,True,drop_victim,victim_7_,"(10, 9)",7,37,0.4375,0.0,Bolt,True,True
mission_comm,PA14,will,967,1749821449,"(10, 16)",C1,True,take_victim,victim_8_,"(11, 9)",8,37,0.5,0.0,Bolt,False,
mission_comm,PA14,will,1045,1749821458,"(11, 9)",C1,True,drop_victim,victim_8_,"(11, 9)",8,42,0.5,0.0,Bolt,True,True
mission_comm,PA14,human,1085,1749821462,"(12, 2)",A2,True,take_victim,victim_12_,"(11, 10)",12,42,0.5625,0.0,Bolt,False,
mission_comm,PA14,will,1087,1749821462,"(7, 15)",C1,True,take_victim,victim_10_,"(9, 10)",10,42,0.5625,0.0,Bolt,False,
mission_comm,PA14,human,1124,1749821466,"(11, 10)",A2,True,drop_victim,victim_12_,"(11, 10)",12,44,0.5625,0.0,Bolt,True,False
mission_comm,PA14,will,1149,1749821468,"(9, 10)",C1,True,drop_victim,victim_10_,"(9, 10)",10,49,0.625,0.0,Bolt,True,True
mission_comm,PA14,human,1174,1749821471,"(3, 7)",D1,True,take_victim,victim_13_,"(8, 11)",13,49,0.6875,0.0,Bolt,False,
mission_comm,PA14,will,1217,1749821476,"(8, 17)",C2,True,take_victim,victim_11_,"(10, 10)",11,49,0.6875,0.0,Bolt,False,
mission_comm,PA14,human,1289,1749821483,"(8, 11)",D1,True,drop_victim,victim_13_,"(8, 11)",13,51,0.6875,0.0,Bolt,True,False
mission_comm,PA14,will,1307,1749821485,"(10, 10)",C2,True,drop_victim,victim_11_,"(10, 10)",11,56,0.75,0.0,Bolt,True,True
mission_comm,PA14,human,1366,1749821491,"(2, 11)",D2,True,take_victim,victim_14_,"(9, 11)",14,56,0.8125,0.0,Bolt,False,
mission_comm,PA14,will,1375,1749821492,"(17, 12)",B2,True,take_victim,victim_16_,"(11, 11)",16,56,0.8125,0.0,Bolt,False,
mission_comm,PA14,human,1427,1749821498,"(9, 11)",D2,True,drop_victim,victim_14_,"(9, 11)",14,61,0.8125,0.0,Bolt,True,True
mission_comm,PA14,human,1463,1749821501,"(7, 1)",A2,True,take_victim,victim_15_,"(10, 11)",15,61,0.875,0.0,Bolt,False,
mission_comm,PA14,human,1522,1749821508,"(10, 12)",A2,True,take_victim,victim_15_,"(10, 11)",15,61,0.875,0.0,Bolt,False,
mission_comm,PA14,human,1528,1749821508,"(10, 11)",A2,True,drop_victim,victim_15_,"(10, 11)",15,66,0.875,0.0,Bolt,True,True
mission_comm,PA14,will,1529,1749821508,"(11, 11)",B2,True,drop_victim,victim_16_,"(11, 11)",16,71,0.9375,0.0,Bolt,True,True
mission_nocomm,PA13,nowill,69,1749816630,"(7, 17)",C2,True,take_victim,victim_1_,"(8, 8)",1,0,0.0,0.0,Bolt,False,
mission_nocomm,PA13,nowill,163,1749816640,"(8, 8)",C2,True,drop_victim,victim_1_,"(8, 8)",1,5,0.0,4.888715744018555,Bolt,True,True
mission_nocomm,PA13,nowill,207,1749816644,"(8, 15)",C1,True,take_victim,victim_2_,"(9, 8)",2,5,0.0625,8.972900867462158,Bolt,False,
mission_nocomm,PA13,nowill,273,1749816651,"(9, 8)",C1,True,drop_victim,victim_2_,"(9, 8)",2,10,0.0625,15.562360763549805,Bolt,True,True
mission_nocomm,PA13,human,311,1749816655,"(17, 12)",B2,True,take_victim,victim_4_,"(11, 8)",4,10,0.125,20.37225866317749,Bolt,False,
mission_nocomm,PA13,nowill,359,1749816660,"(12, 18)",C2,True,take_victim,victim_3_,"(10, 8)",3,10,0.125,25.38348078727722,Bolt,False,
mission_nocomm,PA13,nowill,479,1749816673,"(10, 8)",C2,True,drop_victim,victim_3_,"(10, 8)",3,15,0.125,26.318420886993408,Bolt,True,True
mission_nocomm,PA13,human,500,1749816675,"(8, 2)",A2,True,take_victim,victim_6_,"(9, 9)",6,15,0.1875,26.318420886993408,Bolt,False,
mission_nocomm,PA13,nowill,501,1749816675,"(2, 12)",D2,True,take_victim,victim_5_,"(8, 9)",5,15,0.1875,26.318420886993408,Bolt,False,
mission_nocomm,PA13,human,527,1749816678,"(11, 6)",B2,True,take_victim,victim_4_,"(11, 8)",4,15,0.1875,26.318420886993408,Bolt,False,
mission_nocomm,PA13,human,536,1749816679,"(11, 8)",B2,True,drop_victim,victim_4_,"(11, 8)",4,20,0.1875,26.318420886993408,Bolt,True,True
mission_nocomm,PA13,nowill,537,1749816679,"(8, 9)",D2,True,drop_victim,victim_5_,"(8, 9)",5,25,0.25,26.318420886993408,Bolt,True,True
mission_nocomm,PA13,human,555,1749816681,"(8, 6)",A2,True,take_victim,victim_6_,"(9, 9)",6,25,0.3125,26.318420886993408,Bolt,False,
mission_nocomm,PA13,human,567,1749816682,"(9, 9)",A2,True,drop_victim,victim_6_,"(9, 9)",6,30,0.3125,26.318420886993408,Bolt,True,True
mission_nocomm,PA13,nowill,593,1749816685,"(9, 16)",C1,True,take_victim,victim_8_,"(11, 9)",8,30,0.375,26.424538135528564,Bolt,False,
mission_nocomm,PA13,human,687,1749816694,"(18, 7)",B2,True,take_victim,victim_7_,"(10, 9)",7,30,0.375,36.79917311668396,Bolt,False,
mission_nocomm,PA13,human,762,1749816702,"(10, 9)",B2,True,drop_victim,victim_7_,"(10, 9)",7,35,0.375,42.97736310958862,Bolt,True,True
mission_nocomm,PA13,nowill,763,1749816702,"(11, 9)",C1,True,drop_victim,victim_8_,"(11, 9)",8,40,0.4375,42.97736310958862,Bolt,True,True
mission_nocomm,PA13,nowill,789,1749816705,"(1, 8)",D2,True,take_victim,victim_9_,"(8, 10)",9,40,0.5,44.01485300064087,Bolt,False,
mission_nocomm,PA13,nowill,807,1749816707,"(8, 10)",D2,True,drop_victim,victim_9_,"(8, 10)",9,45,0.5,45.9145450592041,Bolt,True,True
mission_nocomm,PA13,nowill,823,1749816709,"(3, 10)",D1,True,take_victim,victim_12_,"(11, 10)",12,45,0.5625,47.79785895347595,Bolt,False,
mission_nocomm,PA13,human,868,1749816713,"(16, 11)",B1,True,take_victim,victim_13_,"(8, 11)",13,45,0.5625,52.73257899284363,Bolt,False,
mission_nocomm,PA13,human,945,1749816721,"(9, 1)",A2,True,take_victim,victim_10_,"(9, 10)",10,45,0.5625,56.6968150138855,Bolt,False,
mission_nocomm,PA13,human,965,1749816724,"(9, 10)",A2,True,drop_victim,victim_10_,"(9, 10)",10,50,0.5625,56.6968150138855,Bolt,True,True
mission_nocomm,PA13,human,985,1749816726,"(11, 6)",B1,True,take_victim,victim_13_,"(8, 11)",13,50,0.625,56.6968150138855,Bolt,False,
mission_nocomm,PA13,human,1117,1749816739,"(15, 12)",B1,True,take_victim,victim_11_,"(10, 10)",11,50,0.625,66.17607998847961,Bolt,False,
mission_nocomm,PA13,human,1176,1749816746,"(10, 10)",B1,True,drop_victim,victim_11_,"(10, 10)",11,55,0.625,70.46132707595825,Bolt,True,True
mission_nocomm,PA13,nowill,1177,1749816746,"(11, 10)",D1,True,drop_victim,victim_12_,"(11, 10)",12,60,0.6875,70.46132707595825,Bolt,True,True
mission_nocomm,PA13,human,1196,1749816748,"(11, 6)",B1,True,take_victim,victim_13_,"(8, 11)",13,60,0.75,70.46132707595825,Bolt,False,
mission_nocomm,PA13,nowill,1197,1749816748,"(4, 9)",D1,True,take_victim,victim_16_,"(11, 11)",16,60,0.75,70.46132707595825,Bolt,False,
mission_nocomm,PA13,human,1220,1749816750,"(8, 11)",B1,True,drop_victim,victim_13_,"(8, 11)",13,65,0.75,70.46132707595825,Bolt,True,True
mission_nocomm,PA13,human,1243,1749816753,"(10, 3)",A1,True,take_victim,victim_14_,"(9, 11)",14,65,0.8125,70.46132707595825,Bolt,False,
mission_nocomm,PA13,human,1263,1749816755,"(9, 11)",A1,True,drop_victim,victim_14_,"(9, 11)",14,70,0.8125,70.46132707595825,Bolt,True,True
mission_nocomm,PA13,human,1287,1749816757,"(12, 4)",A1,True,take_victim,victim_15_,"(10, 11)",15,70,0.875,70.46132707595825,Bolt,False,
mission_nocomm,PA13,human,1311,1749816760,"(10, 11)",A1,True,drop_victim,victim_15_,"(10, 11)",15,75,0.875,70.46132707595825,Bolt,True,True
mission_nocomm,PA13,nowill,1312,1749816760,"(11, 11)",D1,True,drop_victim,victim_16_,"(11, 11)",16,80,0.9375,70.46132707595825,Bolt,True,True
mission_nocomm,PA13,will,45,1749816963,"(15, 8)",B1,True,take_victim,victim_3_,"(10, 8)",3,0,0.0,0.0,Argo,False,
mission_nocomm,PA13,human,64,1749816965,"(1, 12)",D2,True,take_victim,victim_1_,"(8, 8)",1,0,0.0,0.0,Argo,False,
mission_nocomm,PA13,human,123,1749816971,"(8, 8)",D2,True,drop_victim,victim_1_,"(8, 8)",1,5,0.0,0.0,Argo,True,True
mission_nocomm,PA13,human,142,1749816973,"(10, 3)",A1,True,take_victim,victim_2_,"(9, 8)",2,5,0.0625,0.0,Argo,False,
mission_nocomm,PA13,human,157,1749816975,"(9, 8)",A1,True,drop_victim,victim_2_,"(9, 8)",2,10,0.0625,0.0,Argo,True,True
mission_nocomm,PA13,will,158,1749816975,"(10, 8)",B1,True,drop_victim,victim_3_,"(10, 8)",3,15,0.125,0.0,Argo,True,True
mission_nocomm,PA13,human,223,1749816982,"(8, 4)",A1,True,take_victim,victim_7_,"(10, 9)",7,15,0.1875,0.0,Argo,False,
mission_nocomm,PA13,will,240,1749816983,"(18, 10)",B2,True,take_victim,victim_4_,"(11, 8)",4,15,0.1875,0.0,Argo,False,
mission_nocomm,PA13,human,326,1749816992,"(11, 1)",A2,True,take_victim,victim_8_,"(11, 9)",8,15,0.1875,0.0,Argo,False,
mission_nocomm,PA13,will,342,1749816994,"(11, 8)",B2,True,drop_victim,victim_4_,"(11, 8)",4,20,0.1875,0.0,Argo,True,True
mission_nocomm,PA13,human,391,1749816999,"(3, 8)",D1,True,take_victim,victim_9_,"(8, 10)",9,20,0.25,0.0,Argo,False,
mission_nocomm,PA13,will,414,1749817002,"(8, 17)",C2,True,take_victim,victim_5_,"(8, 9)",5,20,0.25,0.0,Argo,False,
mission_nocomm,PA13,human,441,1749817005,"(10, 2)",A2,True,take_victim,victim_11_,"(10, 10)",11,20,0.25,0.0,Argo,False,
mission_nocomm,PA13,will,506,1749817011,"(8, 9)",C2,True,drop_victim,victim_5_,"(8, 9)",5,25,0.25,0.0,Argo,True,True
mission_nocomm,PA13,human,516,1749817012,"(4, 7)",D1,True,take_victim,victim_13_,"(8, 11)",13,25,0.3125,0.0,Argo,False,
mission_nocomm,PA13,human,569,1749817018,"(2, 8)",D2,True,take_victim,victim_16_,"(11, 11)",16,25,0.3125,0.0,Argo,False,
mission_nocomm,PA13,will,578,1749817019,"(17, 8)",B2,True,take_victim,victim_6_,"(9, 9)",6,25,0.3125,0.0,Argo,False,
mission_nocomm,PA13,human,632,1749817025,"(7, 9)",A1,True,take_victim,victim_7_,"(10, 9)",7,25,0.3125,0.0,Argo,False,
mission_nocomm,PA13,will,670,1749817028,"(9, 9)",B2,True,drop_victim,victim_6_,"(9, 9)",6,30,0.3125,0.0,Argo,True,True
mission_nocomm,PA13,human,677,1749817029,"(10, 9)",A1,True,drop_victim,victim_7_,"(10, 9)",7,35,0.375,0.0,Argo,True,True
mission_nocomm,PA13,human,704,1749817032,"(6, 9)",A2,True,take_victim,victim_8_,"(11, 9)",8,35,0.4375,0.0,Argo,False,
mission_nocomm,PA13,human,719,1749817034,"(11, 9)",A2,True,drop_victim,victim_8_,"(11, 9)",8,40,0.4375,0.0,Argo,True,True
mission_nocomm,PA13,will,726,1749817034,"(16, 7)",B1,True,take_victim,victim_10_,"(9, 10)",10,40,0.5,0.0,Argo,False,
mission_nocomm,PA13,human,733,1749817035,"(6, 8)",D1,True,take_victim,victim_9_,"(8, 10)",9,40,0.5,0.0,Argo,False,
mission_nocomm,PA13,human,747,1749817037,"(8, 10)",D1,True,drop_victim,victim_9_,"(8, 10)",9,45,0.5,0.0,Argo,True,True
mission_nocomm,PA13,human,773,1749817039,"(5, 10)",A2,True,take_victim,victim_11_,"(10, 10)",11,45,0.5625,0.0,Argo,False,
mission_nocomm,PA13,will,804,1749817043,"(9, 10)",B1,True,drop_victim,victim_10_,"(9, 10)",10,50,0.5625,0.0,Argo,True,True
mission_nocomm,PA13,human,829,1749817045,"(10, 10)",A2,True,drop_victim,victim_11_,"(10, 10)",11,55,0.625,0.0,Argo,True,True
mission_nocomm,PA13,will,844,1749817047,"(7, 15)",C1,True,take_victim,victim_12_,"(11, 10)",12,55,0.6875,0.0,Argo,False,
mission_nocomm,PA13,human,882,1749817051,"(5, 12)",D1,True,take_victim,victim_13_,"(8, 11)",13,55,0.6875,0.0,Argo,False,
mission_nocomm,PA13,will,906,1749817053,"(11, 10)",C1,True,drop_victim,victim_12_,"(11, 10)",12,60,0.6875,0.0,Argo,True,True
mission_nocomm,PA13,human,927,1749817055,"(8, 11)",D1,True,drop_victim,victim_13_,"(8, 11)",13,65,0.75,0.0,Argo,True,True
mission_nocomm,PA13,human,938,1749817057,"(7, 10)",D2,True,take_victim,victim_16_,"(11, 11)",16,65,0.8125,0.0,Argo,False,
mission_nocomm,PA13,will,960,1749817059,"(9, 16)",C1,True,take_victim,victim_14_,"(9, 11)",14,65,0.8125,0.0,Argo,False,
mission_nocomm,PA13,will,1034,1749817067,"(9, 11)",C1,True,drop_victim,victim_14_,"(9, 11)",14,70,0.8125,0.0,Argo,True,True
mission_nocomm,PA13,will,1114,1749817075,"(7, 18)",C2,True,take_victim,victim_15_,"(10, 11)",15,70,0.875,0.0,Argo,False,
mission_nocomm,PA13,will,1216,1749817086,"(10, 11)",C2,True,drop_victim,victim_15_,"(10, 11)",15,75,0.875,0.0,Argo,True,True
mission_nocomm,PA13,human,1223,1749817086,"(11, 11)",D2,True,drop_victim,victim_16_,"(11, 11)",16,80,0.9375,0.0,Argo,True,True
mission_comm,PA47,nowill,17,1751462174,"(1, 9)",D2,True,take_victim,victim_1_,"(8, 8)",1,0,0.0,0.0,Argo,False,
mission_comm,PA47,nowill,35,1751462176,"(8, 8)",D2,True,drop_victim,victim_1_,"(8, 8)",1,5,0.0,0.0,Argo,True,True
mission_comm,PA47,nowill,53,1751462178,"(11, 2)",A2,True,take_victim,victim_2_,"(9, 8)",2,5,0.0625,0.0,Argo,False,
mission_comm,PA47,nowill,69,1751462180,"(9, 8)",A2,True,drop_victim,victim_2_,"(9, 8)",2,10,0.0625,0.0,Argo,True,True
mission_comm,PA47,nowill,139,1751462187,"(17, 11)",B2,True,take_victim,victim_3_,"(10, 8)",3,10,0.125,2.5005719661712646,Argo,False,
mission_comm,PA47,nowill,229,1751462197,"(10, 8)",B2,True,drop_victim,victim_3_,"(10, 8)",3,15,0.125,2.5005719661712646,Argo,True,True
mission_comm,PA47,human,311,1751462205,"(11, 4)",A1,True,take_victim,victim_4_,"(11, 8)",4,15,0.1875,2.5005719661712646,Argo,False,
mission_comm,PA47,nowill,315,1751462206,"(12, 18)",C2,True,take_victim,victim_6_,"(9, 9)",6,15,0.1875,2.5005719661712646,Argo,False,
mission_comm,PA47,human,335,1751462208,"(11, 8)",A1,True,drop_victim,victim_4_,"(11, 8)",4,20,0.1875,2.5005719661712646,Argo,True,True
mission_comm,PA47,human,379,1751462212,"(4, 8)",D1,False,take_victim,victim_5_,"(8, 9)",5,20,0.25,2.5005719661712646,Argo,False,
mission_comm,PA47,human,401,1751462215,"(8, 9)",D1,False,drop_victim,victim_5_,"(8, 9)",5,25,0.25,2.5005719661712646,Argo,True,True
mission_comm,PA47,nowill,421,1751462217,"(9, 9)",C2,True,drop_victim,victim_6_,"(9, 9)",6,30,0.3125,2.5005719661712646,Argo,True,True
mission_comm,PA47,human,484,1751462223,"(3, 10)",D1,False,take_victim,victim_7_,"(10, 9)",7,30,0.375,2.5005719661712646,Argo,False,
mission_comm,PA47,nowill,505,1751462226,"(18, 12)",B2,True,take_victim,victim_8_,"(11, 9)",8,30,0.375,2.5005719661712646,Argo,False,
mission_comm,PA47,human,727,1751462249,"(6, 9)",D1,False,take_victim,victim_7_,"(10, 9)",7,30,0.375,2.5005719661712646,Argo,False,
mission_comm,PA47,human,744,1751462251,"(10, 9)",D1,False,drop_victim,victim_7_,"(10, 9)",7,35,0.375,2.5005719661712646,Argo,True,True
mission_comm,PA47,nowill,745,1751462251,"(11, 9)",B2,True,drop_victim,victim_8_,"(11, 9)",8,40,0.4375,2.5005719661712646,Argo,True,True
mission_comm,PA47,nowill,767,1751462253,"(8, 1)",A2,True,take_victim,victim_9_,"(8, 10)",9,40,0.5,2.5005719661712646,Argo,False,
mission_comm,PA47,nowill,789,1751462255,"(8, 10)",A2,True,drop_victim,victim_9_,"(8, 10)",9,45,0.5,2.5005719661712646,Argo,True,True
mission_comm,PA47,human,855,1751462262,"(16, 9)",B1,True,take_victim,victim_10_,"(9, 10)",10,45,0.5625,5.9664177894592285,Argo,False,
mission_comm,PA47,nowill,857,1751462262,"(11, 17)",C2,True,take_victim,victim_13_,"(8, 11)",13,45,0.5625,6.173914909362793,Argo,False,
mission_comm,PA47,human,918,1751462269,"(9, 10)",B1,True,drop_victim,victim_10_,"(9, 10)",10,50,0.5625,10.482382774353027,Argo,True,True
mission_comm,PA47,human,956,1751462273,"(9, 3)",A1,True,take_victim,victim_11_,"(10, 10)",11,50,0.625,10.482382774353027,Argo,False,
mission_comm,PA47,human,985,1751462276,"(10, 10)",A1,True,drop_victim,victim_11_,"(10, 10)",11,55,0.625,10.482382774353027,Argo,True,True
mission_comm,PA47,human,1075,1751462285,"(8, 15)",C1,False,take_victim,victim_12_,"(11, 10)",12,55,0.6875,15.625780820846558,Argo,False,
mission_comm,PA47,human,1132,1751462291,"(11, 10)",C1,False,drop_victim,victim_12_,"(11, 10)",12,60,0.6875,18.66655158996582,Argo,True,True
mission_comm,PA47,nowill,1133,1751462291,"(8, 11)",C2,True,drop_victim,victim_13_,"(8, 11)",13,65,0.75,18.66655158996582,Argo,True,True
mission_comm,PA47,nowill,1151,1751462293,"(2, 10)",D2,True,take_victim,victim_14_,"(9, 11)",14,65,0.8125,18.66655158996582,Argo,False,
mission_comm,PA47,nowill,1169,1751462295,"(9, 11)",D2,True,drop_victim,victim_14_,"(9, 11)",14,70,0.8125,18.66655158996582,Argo,True,True
mission_comm,PA47,human,1339,1751462313,"(15, 8)",B1,True,take_victim,victim_15_,"(10, 11)",15,70,0.875,30.09105157852173,Argo,False,
mission_comm,PA47,human,1389,1751462318,"(10, 11)",B1,True,drop_victim,victim_15_,"(10, 11)",15,75,0.875,33.53669357299805,Argo,True,True
mission_comm,PA47,human,1535,1751462334,"(12, 16)",C1,False,take_victim,victim_16_,"(11, 11)",16,75,0.9375,47.01685547828674,Argo,False,
mission_comm,PA47,human,1757,1751462357,"(11, 11)",C1,False,drop_victim,victim_16_,"(11, 11)",16,80,0.9375,58.6500346660614,Argo,True,True
mission_comm,PA47,human,65,1751462565,"(2, 8)",D2,True,take_victim,victim_2_,"(9, 8)",2,0,0.0,0.0,Bolt,False,
mission_comm,PA47,will,87,1751462567,"(18, 9)",B2,True,take_victim,victim_3_,"(10, 8)",3,0,0.0,0.0,Bolt,False,
mission_comm,PA47,human,289,1751462588,"(12, 2)",A2,True,take_victim,victim_1_,"(8, 8)",1,0,0.0,0.0,Bolt,False,
mission_comm,PA47,human,342,1751462594,"(8, 8)",A2,True,drop_victim,victim_1_,"(8, 8)",1,5,0.0,0.0,Bolt,True,True
mission_comm,PA47,human,364,1751462596,"(6, 6)",D2,True,take_victim,victim_2_,"(9, 8)",2,5,0.0625,0.0,Bolt,False,
mission_comm,PA47,human,387,1751462598,"(9, 8)",D2,True,drop_victim,victim_2_,"(9, 8)",2,10,0.0625,0.0,Bolt,True,True
mission_comm,PA47,will,388,1751462598,"(10, 8)",B2,True,drop_victim,victim_3_,"(10, 8)",3,15,0.125,0.0,Bolt,True,True
mission_comm,PA47,will,428,1751462603,"(15, 8)",B1,True,take_victim,victim_5_,"(8, 9)",5,15,0.1875,0.0,Bolt,False,
mission_comm,PA47,human,430,1751462603,"(3, 12)",D1,True,take_victim,victim_4_,"(11, 8)",4,15,0.1875,0.0,Bolt,False,
mission_comm,PA47,human,623,1751462623,"(11, 9)",D1,True,take_victim,victim_4_,"(11, 8)",4,15,0.1875,0.0,Bolt,False,
mission_comm,PA47,human,685,1751462630,"(11, 8)",D1,True,drop_victim,victim_4_,"(11, 8)",4,20,0.1875,0.0,Bolt,True,True
mission_comm,PA47,will,686,1751462630,"(8, 9)",B1,True,drop_victim,victim_5_,"(8, 9)",5,25,0.25,0.0,Bolt,True,True
mission_comm,PA47,human,729,1751462634,"(9, 1)",A2,True,take_victim,victim_6_,"(9, 9)",6,25,0.3125,0.0,Bolt,False,
mission_comm,PA47,will,744,1751462636,"(16, 10)",B1,True,take_victim,victim_7_,"(10, 9)",7,25,0.3125,0.0,Bolt,False,
mission_comm,PA47,human,758,1751462637,"(9, 9)",A2,True,drop_victim,victim_6_,"(9, 9)",6,30,0.3125,0.0,Bolt,True,True
mission_comm,PA47,will,820,1751462644,"(10, 9)",B1,True,drop_victim,victim_7_,"(10, 9)",7,35,0.375,0.0,Bolt,True,True
mission_comm,PA47,human,841,1751462646,"(12, 4)",A1,True,take_victim,victim_9_,"(8, 10)",9,35,0.4375,0.0,Bolt,False,
mission_comm,PA47,will,890,1751462651,"(9, 17)",C2,True,take_victim,victim_8_,"(11, 9)",8,35,0.4375,0.0,Bolt,False,
mission_comm,PA47,will,982,1751462661,"(11, 9)",C2,True,drop_victim,victim_8_,"(11, 9)",8,40,0.4375,0.0,Bolt,True,True
mission_comm,PA47,human,1007,1751462664,"(8, 10)",A1,True,drop_victim,victim_9_,"(8, 10)",9,45,0.5,0.0,Bolt,True,True
mission_comm,PA47,human,1057,1751462669,"(4, 7)",D1,True,take_victim,victim_11_,"(10, 10)",11,45,0.5625,0.0,Bolt,False,
mission_comm,PA47,will,1066,1751462670,"(11, 18)",C2,True,take_victim,victim_10_,"(9, 10)",10,45,0.5625,0.0,Bolt,False,
mission_comm,PA47,will,1170,1751462681,"(9, 10)",C2,True,drop_victim,victim_10_,"(9, 10)",10,50,0.5625,0.0,Bolt,True,True
mission_comm,PA47,human,1193,1751462683,"(10, 10)",D1,True,drop_victim,victim_11_,"(10, 10)",11,55,0.625,0.0,Bolt,True,True
mission_comm,PA47,will,1240,1751462688,"(17, 11)",B2,True,take_victim,victim_12_,"(11, 10)",12,55,0.6875,0.0,Bolt,False,
mission_comm,PA47,human,1285,1751462693,"(1, 10)",D2,True,take_victim,victim_15_,"(10, 11)",15,55,0.6875,0.0,Bolt,False,
mission_comm,PA47,will,1328,1751462697,"(11, 10)",B2,True,drop_victim,victim_12_,"(11, 10)",12,60,0.6875,0.0,Bolt,True,True
mission_comm,PA47,will,1382,1751462703,"(8, 16)",C1,True,take_victim,victim_13_,"(8, 11)",13,60,0.75,0.0,Bolt,False,
mission_comm,PA47,will,1456,1751462711,"(8, 11)",C1,True,drop_victim,victim_13_,"(8, 11)",13,65,0.75,0.0,Bolt,True,True
mission_comm,PA47,will,1494,1751462715,"(11, 15)",C1,True,take_victim,victim_14_,"(9, 11)",14,65,0.8125,0.0,Bolt,False,
mission_comm,PA47,will,1554,1751462721,"(9, 11)",C1,True,drop_victim,victim_14_,"(9, 11)",14,70,0.8125,0.0,Bolt,True,True
mission_comm,PA47,human,1566,1751462722,"(10, 11)",D2,True,drop_victim,victim_15_,"(10, 11)",15,75,0.875,0.0,Bolt,True,True
mission_comm,PA47,human,1602,1751462726,"(11, 3)",A1,True,take_victim,victim_16_,"(11, 11)",16,75,0.9375,0.0,Bolt,False,
mission_comm,PA47,human,1630,1751462729,"(11, 11)",A1,True,drop_victim,victim_16_,"(11, 11)",16,80,0.9375,0.0,Bolt,True,True
mission_comm,PA40,nowill,45,1751367964,"(15, 8)",B1,True,take_victim,victim_3_,"(10, 8)",3,0,0.0,0.0,Bolt,False,
mission_comm,PA40,human,62,1751367965,"(8, 1)",A2,True,take_victim,victim_1_,"(8, 8)",1,0,0.0,0.0,Bolt,False,
mission_comm,PA40,human,88,1751367968,"(8, 8)",A2,True,drop_victim,victim_1_,"(8, 8)",1,5,0.0,0.0,Bolt,True,True
mission_comm,PA40,human,114,1751367971,"(11, 2)",A2,True,take_victim,victim_2_,"(9, 8)",2,5,0.0625,0.0,Bolt,False,
mission_comm,PA40,human,145,1751367974,"(9, 8)",A2,True,drop_victim,victim_2_,"(9, 8)",2,10,0.0625,0.0,Bolt,True,True
mission_comm,PA40,nowill,146,1751367974,"(10, 8)",B1,True,drop_victim,victim_3_,"(10, 8)",3,15,0.125,0.0,Bolt,True,True
mission_comm,PA40,human,180,1751367978,"(11, 4)",A1,True,take_victim,victim_4_,"(11, 8)",4,15,0.1875,0.0,Bolt,False,
mission_comm,PA40,human,205,1751367980,"(11, 8)",A1,True,drop_victim,victim_4_,"(11, 8)",4,20,0.1875,0.0,Bolt,True,True
mission_comm,PA40,nowill,218,1751367982,"(12, 17)",C2,True,take_victim,victim_6_,"(9, 9)",6,20,0.25,0.0,Bolt,False,
mission_comm,PA40,human,235,1751367984,"(3, 10)",D1,False,take_victim,victim_5_,"(8, 9)",5,20,0.25,0.0,Bolt,False,
mission_comm,PA40,human,260,1751367986,"(8, 9)",D1,False,drop_victim,victim_5_,"(8, 9)",5,25,0.25,0.0,Bolt,True,True
mission_comm,PA40,nowill,310,1751367991,"(9, 9)",C2,True,drop_victim,victim_6_,"(9, 9)",6,30,0.3125,0.0,Bolt,True,True
mission_comm,PA40,human,334,1751367994,"(1, 7)",D2,False,take_victim,victim_8_,"(11, 9)",8,30,0.375,0.0,Bolt,False,
mission_comm,PA40,nowill,380,1751367999,"(17, 8)",B2,True,take_victim,victim_7_,"(10, 9)",7,30,0.375,0.0,Bolt,False,
mission_comm,PA40,nowill,470,1751368008,"(10, 9)",B2,True,drop_victim,victim_7_,"(10, 9)",7,35,0.375,0.0,Bolt,True,True
mission_comm,PA40,human,489,1751368010,"(11, 9)",D2,False,drop_victim,victim_8_,"(11, 9)",8,40,0.4375,0.0,Bolt,True,True
mission_comm,PA40,nowill,526,1751368014,"(8, 16)",C1,True,take_victim,victim_9_,"(8, 10)",9,40,0.5,0.0,Bolt,False,
mission_comm,PA40,nowill,602,1751368022,"(8, 10)",C1,True,drop_victim,victim_9_,"(8, 10)",9,45,0.5,0.0,Bolt,True,True
mission_comm,PA40,human,653,1751368027,"(2, 12)",D2,False,take_victim,victim_13_,"(8, 11)",13,45,0.5625,0.0,Bolt,False,
mission_comm,PA40,nowill,660,1751368028,"(16, 9)",B1,True,take_victim,victim_10_,"(9, 10)",10,45,0.5625,0.0,Bolt,False,
mission_comm,PA40,nowill,738,1751368036,"(9, 10)",B1,True,drop_victim,victim_10_,"(9, 10)",10,50,0.5625,0.0,Bolt,True,True
mission_comm,PA40,nowill,822,1751368045,"(18, 10)",B2,True,take_victim,victim_11_,"(10, 10)",11,50,0.625,0.0,Bolt,False,
mission_comm,PA40,nowill,926,1751368056,"(10, 10)",B2,True,drop_victim,victim_11_,"(10, 10)",11,55,0.625,0.0,Bolt,True,True
mission_comm,PA40,nowill,966,1751368060,"(12, 15)",C1,True,take_victim,victim_12_,"(11, 10)",12,55,0.6875,0.0,Bolt,False,
mission_comm,PA40,nowill,1040,1751368068,"(11, 10)",C1,True,drop_victim,victim_12_,"(11, 10)",12,60,0.6875,0.0,Bolt,True,True
mission_comm,PA40,human,1052,1751368069,"(8, 11)",D2,False,drop_victim,victim_13_,"(8, 11)",13,65,0.75,0.0,Bolt,True,True
mission_comm,PA40,human,1075,1751368072,"(4, 8)",D1,False,take_victim,victim_14_,"(9, 11)",14,65,0.8125,0.0,Bolt,False,
mission_comm,PA40,human,1098,1751368074,"(9, 11)",D1,False,drop_victim,victim_14_,"(9, 11)",14,70,0.8125,0.0,Bolt,True,True
mission_comm,PA40,human,1118,1751368076,"(10, 3)",A1,True,take_victim,victim_15_,"(10, 11)",15,70,0.875,0.0,Bolt,False,
mission_comm,PA40,nowill,1122,1751368077,"(9, 18)",C2,True,take_victim,victim_16_,"(11, 11)",16,70,0.875,0.0,Bolt,False,
mission_comm,PA40,human,1143,1751368079,"(10, 11)",A1,True,drop_victim,victim_15_,"(10, 11)",15,75,0.875,0.0,Bolt,True,True
mission_comm,PA40,nowill,1224,1751368087,"(11, 11)",C2,True,drop_victim,victim_16_,"(11, 11)",16,80,0.9375,0.0,Bolt,True,True
mission_comm,PA40,will,59,1751368325,"(16, 7)",B1,True,take_victim,victim_1_,"(8, 8)",1,0,0.0,0.0,Argo,False,
mission_comm,PA40,human,118,1751368331,"(3, 11)",D1,True,take_victim,victim_2_,"(9, 8)",2,0,0.0,0.0,Argo,False,
mission_comm,PA40,will,139,1751368333,"(8, 8)",B1,True,drop_victim,victim_1_,"(8, 8)",1,5,0.0,0.0,Argo,True,True
mission_comm,PA40,human,162,1751368336,"(9, 8)",D1,True,drop_victim,victim_2_,"(9, 8)",2,10,0.0625,0.0,Argo,True,True
mission_comm,PA40,will,225,1751368342,"(18, 10)",B2,True,take_victim,victim_3_,"(10, 8)",3,10,0.125,0.0,Argo,False,
mission_comm,PA40,human,236,1751368343,"(10, 4)",A1,True,take_victim,victim_5_,"(8, 9)",5,10,0.125,0.0,Argo,False,
mission_comm,PA40,will,329,1751368353,"(10, 8)",B2,True,drop_victim,victim_3_,"(10, 8)",3,15,0.125,0.0,Argo,True,True
mission_comm,PA40,will,387,1751368359,"(12, 16)",C1,True,take_victim,victim_4_,"(11, 8)",4,15,0.1875,0.0,Argo,False,
mission_comm,PA40,will,479,1751368369,"(11, 8)",C1,True,drop_victim,victim_4_,"(11, 8)",4,20,0.1875,0.0,Argo,True,True
mission_comm,PA40,human,489,1751368370,"(8, 9)",A1,True,drop_victim,victim_5_,"(8, 9)",5,25,0.25,0.0,Argo,True,True
mission_comm,PA40,human,516,1751368373,"(8, 3)",A1,True,take_victim,victim_6_,"(9, 9)",6,25,0.3125,0.0,Argo,False,
mission_comm,PA40,human,550,1751368376,"(9, 9)",A1,True,drop_victim,victim_6_,"(9, 9)",6,30,0.3125,0.0,Argo,True,True
mission_comm,PA40,will,565,1751368378,"(12, 18)",C2,True,take_victim,victim_7_,"(10, 9)",7,30,0.375,0.0,Argo,False,
mission_comm,PA40,human,583,1751368380,"(2, 10)",D2,True,take_victim,victim_9_,"(8, 10)",9,30,0.375,0.0,Argo,False,
mission_comm,PA40,will,671,1751368389,"(10, 9)",C2,True,drop_victim,victim_7_,"(10, 9)",7,35,0.375,0.0,Argo,True,True
mission_comm,PA40,will,741,1751368396,"(10, 17)",C2,True,take_victim,victim_8_,"(11, 9)",8,35,0.4375,0.0,Argo,False,
mission_comm,PA40,will,833,1751368406,"(11, 9)",C2,True,drop_victim,victim_8_,"(11, 9)",8,40,0.4375,0.0,Argo,True,True
mission_comm,PA40,human,844,1751368407,"(8, 10)",D2,True,drop_victim,victim_9_,"(8, 10)",9,45,0.5,0.0,Argo,True,True
mission_comm,PA40,will,871,1751368410,"(15, 12)",B1,True,take_victim,victim_10_,"(9, 10)",10,45,0.5625,0.0,Argo,False,
mission_comm,PA40,human,895,1751368413,"(7, 1)",A2,True,take_victim,victim_11_,"(10, 10)",11,45,0.5625,0.0,Argo,False,
mission_comm,PA40,will,935,1751368417,"(9, 10)",B1,True,drop_victim,victim_10_,"(9, 10)",10,50,0.5625,0.0,Argo,True,True
mission_comm,PA40,human,946,1751368418,"(10, 10)",A2,True,drop_victim,victim_11_,"(10, 10)",11,55,0.625,0.0,Argo,True,True
mission_comm,PA40,human,969,1751368420,"(9, 2)",A2,True,take_victim,victim_12_,"(11, 10)",12,55,0.6875,0.0,Argo,False,
mission_comm,PA40,will,975,1751368421,"(9, 15)",C1,True,take_victim,victim_15_,"(10, 11)",15,55,0.6875,0.0,Argo,False,
mission_comm,PA40,human,995,1751368423,"(11, 10)",A2,True,drop_victim,victim_12_,"(11, 10)",12,60,0.6875,0.0,Argo,True,True
mission_comm,PA40,human,1013,1751368425,"(4, 8)",D1,True,take_victim,victim_13_,"(8, 11)",13,60,0.75,0.0,Argo,False,
mission_comm,PA40,human,1033,1751368427,"(8, 11)",D1,True,drop_victim,victim_13_,"(8, 11)",13,65,0.75,0.0,Argo,True,True
mission_comm,PA40,human,1087,1751368433,"(1, 7)",D2,True,take_victim,victim_14_,"(9, 11)",14,65,0.8125,0.0,Argo,False,
mission_comm,PA40,human,1114,1751368436,"(9, 11)",D2,True,drop_victim,victim_14_,"(9, 11)",14,70,0.8125,0.0,Argo,True,True
mission_comm,PA40,will,1115,1751368436,"(10, 11)",C1,True,drop_victim,victim_15_,"(10, 11)",15,75,0.875,0.0,Argo,True,True
mission_comm,PA40,will,1183,1751368443,"(17, 7)",B2,True,take_victim,victim_16_,"(11, 11)",16,75,0.9375,0.0,Argo,False,
mission_comm,PA40,will,1271,1751368452,"(11, 11)",B2,True,drop_victim,victim_16_,"(11, 11)",16,80,0.9375,0.0,Argo,True,True
mission_comm,PA49,will,69,1751533933,"(9, 17)",C2,True,take_victim,victim_2_,"(9, 8)",2,0,0.0,0.0,Argo,False,
mission_comm,PA49,human,158,1751533943,"(4, 11)",D1,True,take_victim,victim_1_,"(8, 8)",1,0,0.0,0.0,Argo,False,
mission_comm,PA49,human,226,1751533950,"(8, 8)",D1,True,drop_victim,victim_1_,"(8, 8)",1,5,0.0,0.0,Argo,True,True
mission_comm,PA49,will,227,1751533950,"(9, 8)",C2,True,drop_victim,victim_2_,"(9, 8)",2,10,0.0625,0.0,Argo,True,True
mission_comm,PA49,will,285,1751533956,"(11, 16)",C1,True,take_victim,victim_3_,"(10, 8)",3,10,0.125,0.0,Argo,False,
mission_comm,PA49,will,365,1751533965,"(10, 8)",C1,True,drop_victim,victim_3_,"(10, 8)",3,15,0.125,0.4185090065002441,Argo,True,True
mission_comm,PA49,will,451,1751533974,"(8, 18)",C2,True,take_victim,victim_4_,"(11, 8)",4,15,0.1875,9.795451164245604,Argo,False,
mission_comm,PA49,human,459,1751533974,"(15, 12)",B1,False,take_victim,victim_5_,"(8, 9)",5,15,0.1875,10.64224410057068,Argo,False,
mission_comm,PA49,will,559,1751533985,"(11, 8)",C2,True,drop_victim,victim_4_,"(11, 8)",4,20,0.1875,14.93332314491272,Argo,True,True
mission_comm,PA49,human,574,1751533986,"(8, 9)",B1,False,drop_victim,victim_5_,"(8, 9)",5,25,0.25,14.93332314491272,Argo,True,True
mission_comm,PA49,will,611,1751533990,"(16, 8)",B1,True,take_victim,victim_10_,"(9, 10)",10,25,0.3125,14.93332314491272,Argo,False,
mission_comm,PA49,human,640,1751533993,"(3, 7)",D1,True,take_victim,victim_6_,"(9, 9)",6,25,0.3125,14.93332314491272,Argo,False,
mission_comm,PA49,human,680,1751533998,"(9, 9)",D1,True,drop_victim,victim_6_,"(9, 9)",6,30,0.3125,14.93332314491272,Argo,True,True
mission_comm,PA49,human,740,1751534004,"(1, 10)",D2,True,take_victim,victim_7_,"(10, 9)",7,30,0.375,14.93332314491272,Argo,False,
mission_comm,PA49,human,811,1751534011,"(10, 9)",D2,True,drop_victim,victim_7_,"(10, 9)",7,35,0.375,14.93332314491272,Argo,True,True
mission_comm,PA49,human,862,1751534017,"(2, 7)",D2,True,take_victim,victim_8_,"(11, 9)",8,35,0.4375,14.93332314491272,Argo,False,
mission_comm,PA49,human,910,1751534022,"(11, 9)",D2,True,drop_victim,victim_8_,"(11, 9)",8,40,0.4375,14.93332314491272,Argo,True,True
mission_comm,PA49,human,958,1751534027,"(9, 3)",A1,True,take_victim,victim_9_,"(8, 10)",9,40,0.5,14.93332314491272,Argo,False,
mission_comm,PA49,human,1001,1751534031,"(8, 10)",A1,True,drop_victim,victim_9_,"(8, 10)",9,45,0.5,14.93332314491272,Argo,True,True
mission_comm,PA49,will,1002,1751534031,"(9, 10)",B1,True,drop_victim,victim_10_,"(9, 10)",10,50,0.5625,14.93332314491272,Argo,True,True
mission_comm,PA49,will,1042,1751534035,"(10, 15)",C1,True,take_victim,victim_11_,"(10, 10)",11,50,0.625,14.93332314491272,Argo,False,
mission_comm,PA49,will,1104,1751534042,"(10, 10)",C1,True,drop_victim,victim_11_,"(10, 10)",11,55,0.625,14.93332314491272,Argo,True,True
mission_comm,PA49,human,1131,1751534045,"(7, 2)",A2,True,take_victim,victim_16_,"(11, 11)",16,55,0.6875,14.93332314491272,Argo,False,
mission_comm,PA49,will,1172,1751534049,"(17, 8)",B2,True,take_victim,victim_14_,"(9, 11)",14,55,0.6875,14.93332314491272,Argo,False,
mission_comm,PA49,human,1214,1751534054,"(11, 1)",A2,True,take_victim,victim_13_,"(8, 11)",13,55,0.6875,14.93332314491272,Argo,False,
mission_comm,PA49,human,1252,1751534057,"(8, 11)",A2,True,drop_victim,victim_13_,"(8, 11)",13,57,0.6875,14.93332314491272,Argo,True,False
mission_comm,PA49,human,1350,1751534068,"(10, 4)",A1,True,take_victim,victim_12_,"(11, 10)",12,57,0.75,14.93332314491272,Argo,False,
mission_comm,PA49,human,1509,1751534084,"(11, 10)",A2,True,take_victim,victim_16_,"(11, 11)",16,57,0.75,17.33398413658142,Argo,False,
mission_comm,PA49,human,1561,1751534090,"(11, 11)",A1,True,take_victim,victim_12_,"(11, 10)",12,57,0.75,17.33398413658142,Argo,False,
mission_comm,PA49,human,1571,1751534091,"(11, 10)",A1,True,drop_victim,victim_12_,"(11, 10)",12,62,0.75,17.33398413658142,Argo,True,True
mission_comm,PA49,will,1572,1751534091,"(9, 11)",B2,True,drop_victim,victim_14_,"(9, 11)",14,67,0.8125,17.33398413658142,Argo,True,True
mission_comm,PA49,human,1639,1751534098,"(11, 6)",A2,True,take_victim,victim_16_,"(11, 11)",16,67,0.875,17.33398413658142,Argo,False,
mission_comm,PA49,will,1656,1751534100,"(18, 10)",B2,True,take_victim,victim_15_,"(10, 11)",15,67,0.875,17.33398413658142,Argo,False,
mission_comm,PA49,will,1760,1751534111,"(10, 11)",B2,True,drop_victim,victim_15_,"(10, 11)",15,72,0.875,17.33398413658142,Argo,True,True
mission_comm,PA49,human,1784,1751534113,"(11, 11)",A2,True,drop_victim,victim_16_,"(11, 11)",16,77,0.9375,17.33398413658142,Argo,True,True
mission_comm,PA49,nowill,73,1751534449,"(17, 7)",B2,True,take_victim,victim_1_,"(8, 8)",1,0,0.0,0.0,Bolt,False,
mission_comm,PA49,human,115,1751534454,"(9, 4)",A1,True,take_victim,victim_3_,"(10, 8)",3,0,0.0,0.0,Bolt,False,
mission_comm,PA49,nowill,167,1751534459,"(8, 8)",B2,True,drop_victim,victim_1_,"(8, 8)",1,5,0.0,0.0,Bolt,True,True
mission_comm,PA49,nowill,253,1751534468,"(18, 8)",B2,True,take_victim,victim_2_,"(9, 8)",2,5,0.0625,0.0,Bolt,False,
mission_comm,PA49,nowill,359,1751534479,"(9, 8)",B2,True,drop_victim,victim_2_,"(9, 8)",2,10,0.0625,0.0,Bolt,True,True
mission_comm,PA49,human,372,1751534481,"(10, 8)",A1,True,drop_victim,victim_3_,"(10, 8)",3,15,0.125,0.0,Bolt,True,True
mission_comm,PA49,nowill,431,1751534487,"(7, 17)",C2,True,take_victim,victim_4_,"(11, 8)",4,15,0.1875,0.0,Bolt,False,
mission_comm,PA49,human,451,1751534489,"(8, 2)",A2,True,take_victim,victim_6_,"(9, 9)",6,15,0.1875,0.0,Bolt,False,
mission_comm,PA49,nowill,525,1751534497,"(11, 8)",C2,True,drop_victim,victim_4_,"(11, 8)",4,20,0.1875,0.0,Bolt,True,True
mission_comm,PA49,nowill,577,1751534502,"(16, 10)",B1,True,take_victim,victim_5_,"(8, 9)",5,20,0.25,0.0,Bolt,False,
mission_comm,PA49,nowill,657,1751534511,"(8, 9)",B1,True,drop_victim,victim_5_,"(8, 9)",5,25,0.25,0.0,Bolt,True,True
mission_comm,PA49,human,672,1751534512,"(9, 9)",A2,True,drop_victim,victim_6_,"(9, 9)",6,30,0.3125,0.0,Bolt,True,True
mission_comm,PA49,human,719,1751534517,"(11, 3)",A1,True,take_victim,victim_7_,"(10, 9)",7,30,0.375,0.0,Bolt,False,
mission_comm,PA49,nowill,741,1751534520,"(12, 18)",C2,True,take_victim,victim_8_,"(11, 9)",8,30,0.375,0.0,Bolt,False,
mission_comm,PA49,human,748,1751534520,"(10, 9)",A1,True,drop_victim,victim_7_,"(10, 9)",7,35,0.375,0.0,Bolt,True,True
mission_comm,PA49,human,847,1751534531,"(15, 9)",B1,True,take_victim,victim_9_,"(8, 10)",9,35,0.4375,4.601958751678467,Bolt,False,
mission_comm,PA49,nowill,859,1751534532,"(11, 9)",C2,True,drop_victim,victim_8_,"(11, 9)",8,40,0.4375,5.123311996459961,Bolt,True,True
mission_comm,PA49,human,894,1751534536,"(8, 10)",B1,True,drop_victim,victim_9_,"(8, 10)",9,45,0.5,7.955120086669922,Bolt,True,True
mission_comm,PA49,nowill,915,1751534538,"(7, 16)",C1,True,take_victim,victim_14_,"(9, 11)",14,45,0.5625,7.955120086669922,Bolt,False,
mission_comm,PA49,human,920,1751534538,"(4, 12)",D1,False,take_victim,victim_10_,"(9, 10)",10,45,0.5625,7.955120086669922,Bolt,False,
mission_comm,PA49,human,949,1751534541,"(9, 10)",D1,False,drop_victim,victim_10_,"(9, 10)",10,50,0.5625,7.955120086669922,Bolt,True,True
mission_comm,PA49,human,1003,1751534547,"(11, 1)",A2,True,take_victim,victim_11_,"(10, 10)",11,50,0.625,7.955120086669922,Bolt,False,
mission_comm,PA49,human,1032,1751534550,"(10, 10)",A2,True,drop_victim,victim_11_,"(10, 10)",11,55,0.625,7.955120086669922,Bolt,True,True
mission_comm,PA49,human,1055,1751534553,"(2, 10)",D2,False,take_victim,victim_12_,"(11, 10)",12,55,0.6875,7.955120086669922,Bolt,False,
mission_comm,PA49,human,1081,1751534555,"(11, 10)",D2,False,drop_victim,victim_12_,"(11, 10)",12,60,0.6875,7.955120086669922,Bolt,True,True
mission_comm,PA49,human,1108,1751534558,"(3, 10)",D1,False,take_victim,victim_13_,"(8, 11)",13,60,0.75,7.955120086669922,Bolt,False,
mission_comm,PA49,human,1131,1751534560,"(8, 11)",D1,False,drop_victim,victim_13_,"(8, 11)",13,65,0.75,7.955120086669922,Bolt,True,True
mission_comm,PA49,nowill,1132,1751534561,"(9, 11)",C1,True,drop_victim,victim_14_,"(9, 11)",14,70,0.8125,7.955120086669922,Bolt,True,True
mission_comm,PA49,nowill,1170,1751534565,"(9, 15)",C1,True,take_victim,victim_16_,"(11, 11)",16,70,0.875,7.955120086669922,Bolt,False,
mission_comm,PA49,human,1190,1751534567,"(1, 11)",D2,False,take_victim,victim_15_,"(10, 11)",15,70,0.875,7.955120086669922,Bolt,False,
mission_comm,PA49,human,1251,1751534573,"(10, 11)",D2,False,drop_victim,victim_15_,"(10, 11)",15,75,0.875,10.040030241012571,Bolt,True,True
mission_comm,PA49,nowill,1252,1751534573,"(11, 11)",C1,True,drop_victim,victim_16_,"(11, 11)",16,80,0.9375,10.040030241012571,Bolt,True,True
mission_comm,PA71,nowill,17,1752156971,"(1, 7)",D2,True,take_victim,victim_1_,"(8, 8)",1,0,0.0,0.0,Argo,False,
mission_comm,PA71,nowill,35,1752156973,"(8, 8)",D2,True,drop_victim,victim_1_,"(8, 8)",1,5,0.0,0.0,Argo,True,True
mission_comm,PA71,nowill,79,1752156977,"(12, 15)",C1,True,take_victim,victim_2_,"(9, 8)",2,5,0.0625,0.0,Argo,False,
mission_comm,PA71,nowill,145,1752156984,"(9, 8)",C1,True,drop_victim,victim_2_,"(9, 8)",2,10,0.0625,0.0,Argo,True,True
mission_comm,PA71,nowill,163,1752156986,"(3, 8)",D1,True,take_victim,victim_3_,"(10, 8)",3,10,0.125,0.0,Argo,False,
mission_comm,PA71,nowill,181,1752156988,"(10, 8)",D1,True,drop_victim,victim_3_,"(10, 8)",3,15,0.125,0.0,Argo,True,True
mission_comm,PA71,nowill,203,1752156990,"(2, 11)",D2,True,take_victim,victim_4_,"(11, 8)",4,15,0.1875,0.0,Argo,False,
mission_comm,PA71,nowill,225,1752156993,"(11, 8)",D2,True,drop_victim,victim_4_,"(11, 8)",4,20,0.1875,0.0,Argo,True,True
mission_comm,PA71,human,274,1752156998,"(9, 2)",A2,True,take_victim,victim_7_,"(10, 9)",7,20,0.25,0.0,Argo,False,
mission_comm,PA71,nowill,297,1752157000,"(10, 17)",C2,True,take_victim,victim_5_,"(8, 9)",5,20,0.25,0.0,Argo,False,
mission_comm,PA71,nowill,389,1752157010,"(8, 9)",C2,True,drop_victim,victim_5_,"(8, 9)",5,25,0.25,0.0,Argo,True,True
mission_comm,PA71,nowill,403,1752157011,"(4, 7)",D1,True,take_victim,victim_6_,"(9, 9)",6,25,0.3125,0.0,Argo,False,
mission_comm,PA71,nowill,417,1752157013,"(9, 9)",D1,True,drop_victim,victim_6_,"(9, 9)",6,30,0.3125,0.0,Argo,True,True
mission_comm,PA71,human,433,1752157014,"(10, 1)",A2,True,take_victim,victim_8_,"(11, 9)",8,30,0.375,0.0,Argo,False,
mission_comm,PA71,human,485,1752157020,"(7, 6)",A2,True,take_victim,victim_7_,"(10, 9)",7,30,0.375,0.0,Argo,False,
mission_comm,PA71,nowill,501,1752157021,"(12, 18)",C2,True,take_victim,victim_13_,"(8, 11)",13,30,0.375,0.0,Argo,False,
mission_comm,PA71,human,522,1752157024,"(10, 9)",A2,True,drop_victim,victim_7_,"(10, 9)",7,35,0.375,0.0,Argo,True,True
mission_comm,PA71,human,540,1752157026,"(10, 6)",A2,True,take_victim,victim_8_,"(11, 9)",8,35,0.4375,0.0,Argo,False,
mission_comm,PA71,human,573,1752157029,"(11, 9)",A2,True,drop_victim,victim_8_,"(11, 9)",8,40,0.4375,0.0,Argo,True,True
mission_comm,PA71,human,665,1752157039,"(18, 11)",B2,True,take_victim,victim_9_,"(8, 10)",9,40,0.5,8.485544204711914,Argo,False,
mission_comm,PA71,human,757,1752157048,"(8, 10)",B2,True,drop_victim,victim_9_,"(8, 10)",9,45,0.5,14.550261974334717,Argo,True,True
mission_comm,PA71,human,876,1752157061,"(17, 8)",B2,True,take_victim,victim_10_,"(9, 10)",10,45,0.5625,23.77632474899292,Argo,False,
mission_comm,PA71,human,950,1752157068,"(9, 10)",B2,True,drop_victim,victim_10_,"(9, 10)",10,50,0.5625,29.09435486793518,Argo,True,True
mission_comm,PA71,human,990,1752157073,"(10, 4)",A1,True,take_victim,victim_11_,"(10, 10)",11,50,0.625,29.09435486793518,Argo,False,
mission_comm,PA71,human,1020,1752157076,"(10, 10)",A1,True,drop_victim,victim_11_,"(10, 10)",11,55,0.625,29.09435486793518,Argo,True,True
mission_comm,PA71,human,1091,1752157083,"(15, 12)",B1,True,take_victim,victim_12_,"(11, 10)",12,55,0.6875,34.82056403160095,Argo,False,
mission_comm,PA71,human,1156,1752157090,"(11, 10)",B1,True,drop_victim,victim_12_,"(11, 10)",12,60,0.6875,39.51685571670532,Argo,True,True
mission_comm,PA71,nowill,1157,1752157090,"(8, 11)",C2,True,drop_victim,victim_13_,"(8, 11)",13,65,0.75,39.51685571670532,Argo,True,True
mission_comm,PA71,nowill,1209,1752157095,"(8, 16)",C1,True,take_victim,victim_14_,"(9, 11)",14,65,0.8125,39.51685571670532,Argo,False,
mission_comm,PA71,human,1274,1752157102,"(16, 10)",B1,True,take_victim,victim_15_,"(10, 11)",15,65,0.8125,44.01107692718506,Argo,False,
mission_comm,PA71,nowill,1283,1752157103,"(9, 11)",C1,True,drop_victim,victim_14_,"(9, 11)",14,70,0.8125,44.64334988594055,Argo,True,True
mission_comm,PA71,human,1335,1752157109,"(10, 11)",B1,True,drop_victim,victim_15_,"(10, 11)",15,75,0.875,48.42447590827942,Argo,True,True
mission_comm,PA71,human,1373,1752157113,"(9, 3)",A1,True,take_victim,victim_16_,"(11, 11)",16,75,0.9375,48.42447590827942,Argo,False,
mission_comm,PA71,human,1405,1752157116,"(11, 11)",A1,True,drop_victim,victim_16_,"(11, 11)",16,80,0.9375,48.42447590827942,Argo,True,True
mission_comm,PA71,will,41,1752157325,"(12, 15)",C1,True,take_victim,victim_1_,"(8, 8)",1,0,0.0,0.0,Bolt,False,
mission_comm,PA71,will,107,1752157332,"(8, 8)",C1,True,drop_victim,victim_1_,"(8, 8)",1,5,0.0,0.0,Bolt,True,True
mission_comm,PA71,human,147,1752157336,"(10, 1)",A2,True,take_victim,victim_3_,"(10, 8)",3,5,0.0625,0.0,Bolt,False,
mission_comm,PA71,will,193,1752157341,"(18, 7)",B2,True,take_victim,victim_2_,"(9, 8)",2,5,0.0625,0.0,Bolt,False,
mission_comm,PA71,human,254,1752157347,"(3, 10)",D1,True,take_victim,victim_5_,"(8, 9)",5,5,0.0625,0.0,Bolt,False,
mission_comm,PA71,will,299,1752157352,"(9, 8)",B2,True,drop_victim,victim_2_,"(9, 8)",2,10,0.0625,0.0,Bolt,True,True
mission_comm,PA71,human,317,1752157354,"(10, 6)",A2,True,take_victim,victim_3_,"(10, 8)",3,10,0.125,0.0,Bolt,False,
mission_comm,PA71,human,332,1752157356,"(10, 8)",A2,True,drop_victim,victim_3_,"(10, 8)",3,15,0.125,0.0,Bolt,True,True
mission_comm,PA71,will,371,1752157360,"(12, 17)",C2,True,take_victim,victim_4_,"(11, 8)",4,15,0.1875,0.0,Bolt,False,
mission_comm,PA71,human,448,1752157368,"(2, 9)",D2,True,take_victim,victim_9_,"(8, 10)",9,15,0.1875,0.0,Bolt,False,
mission_comm,PA71,will,477,1752157371,"(11, 8)",C2,True,drop_victim,victim_4_,"(11, 8)",4,20,0.1875,0.0,Bolt,True,True
mission_comm,PA71,human,519,1752157375,"(8, 6)",D1,True,take_victim,victim_5_,"(8, 9)",5,20,0.25,0.0,Bolt,False,
mission_comm,PA71,will,535,1752157377,"(11, 16)",C1,True,take_victim,victim_6_,"(9, 9)",6,20,0.25,0.0,Bolt,False,
mission_comm,PA71,human,537,1752157377,"(8, 9)",D1,True,drop_victim,victim_5_,"(8, 9)",5,25,0.25,0.0,Bolt,True,True
mission_comm,PA71,will,613,1752157385,"(9, 9)",C1,True,drop_victim,victim_6_,"(9, 9)",6,30,0.3125,0.0,Bolt,True,True
mission_comm,PA71,will,655,1752157389,"(15, 10)",B1,True,take_victim,victim_7_,"(10, 9)",7,30,0.375,0.0,Bolt,False,
mission_comm,PA71,human,707,1752157395,"(11, 4)",A1,True,take_victim,victim_12_,"(11, 10)",12,30,0.375,0.0,Bolt,False,
mission_comm,PA71,will,717,1752157396,"(10, 9)",B1,True,drop_victim,victim_7_,"(10, 9)",7,35,0.375,0.0,Bolt,True,True
mission_comm,PA71,will,771,1752157401,"(16, 12)",B1,True,take_victim,victim_8_,"(11, 9)",8,35,0.4375,0.0,Bolt,False,
mission_comm,PA71,human,823,1752157407,"(12, 3)",A1,True,take_victim,victim_13_,"(8, 11)",13,35,0.4375,0.0,Bolt,False,
mission_comm,PA71,will,845,1752157409,"(11, 9)",B1,True,drop_victim,victim_8_,"(11, 9)",8,40,0.4375,0.0,Bolt,True,True
mission_comm,PA71,human,895,1752157414,"(6, 9)",D2,True,take_victim,victim_9_,"(8, 10)",9,40,0.5,0.0,Bolt,False,
mission_comm,PA71,human,925,1752157418,"(8, 10)",D2,True,drop_victim,victim_9_,"(8, 10)",9,45,0.5,0.0,Bolt,True,True
mission_comm,PA71,will,929,1752157418,"(9, 18)",C2,True,take_victim,victim_10_,"(9, 10)",10,45,0.5625,0.0,Bolt,False,
mission_comm,PA71,human,1017,1752157427,"(1, 8)",D2,True,take_victim,victim_14_,"(9, 11)",14,45,0.5625,0.0,Bolt,False,
mission_comm,PA71,will,1033,1752157429,"(9, 10)",C2,True,drop_victim,victim_10_,"(9, 10)",10,50,0.5625,0.0,Bolt,True,True
mission_comm,PA71,will,1103,1752157436,"(17, 10)",B2,True,take_victim,victim_11_,"(10, 10)",11,50,0.625,0.0,Bolt,False,
mission_comm,PA71,human,1138,1752157440,"(11, 2)",A2,True,take_victim,victim_16_,"(11, 11)",16,50,0.625,0.0,Bolt,False,
mission_comm,PA71,will,1193,1752157446,"(10, 10)",B2,True,drop_victim,victim_11_,"(10, 10)",11,55,0.625,0.0,Bolt,True,True
mission_comm,PA71,human,1365,1752157464,"(6, 8)",A1,True,take_victim,victim_12_,"(11, 10)",12,55,0.6875,0.0,Bolt,False,
mission_comm,PA71,human,1404,1752157468,"(11, 10)",A1,True,drop_victim,victim_12_,"(11, 10)",12,60,0.6875,0.0,Bolt,True,True
mission_comm,PA71,human,1437,1752157471,"(6, 7)",A1,True,take_victim,victim_13_,"(8, 11)",13,60,0.75,0.0,Bolt,False,
mission_comm,PA71,human,1475,1752157475,"(8, 11)",A1,True,drop_victim,victim_13_,"(8, 11)",13,65,0.75,0.0,Bolt,True,True
mission_comm,PA71,human,1508,1752157478,"(6, 9)",D2,True,take_victim,victim_14_,"(9, 11)",14,65,0.8125,0.0,Bolt,False,
mission_comm,PA71,human,1531,1752157481,"(9, 11)",D2,True,drop_victim,victim_14_,"(9, 11)",14,70,0.8125,0.0,Bolt,True,True
mission_comm,PA71,human,1557,1752157484,"(4, 9)",D1,True,take_victim,victim_15_,"(10, 11)",15,70,0.875,0.0,Bolt,False,
mission_comm,PA71,human,1584,1752157486,"(10, 11)",D1,True,drop_victim,victim_15_,"(10, 11)",15,75,0.875,0.0,Bolt,True,True
mission_comm,PA71,human,1617,1752157490,"(7, 12)",A2,True,take_victim,victim_16_,"(11, 11)",16,75,0.9375,0.0,Bolt,False,
mission_comm,PA71,human,1650,1752157493,"(11, 11)",A2,True,drop_victim,victim_16_,"(11, 11)",16,80,0.9375,0.0,Bolt,True,True
mission_nocomm,PA12,will,87,1749813808,"(18, 11)",B2,True,take_victim,victim_1_,"(8, 8)",1,0,0.0,0.0,Argo,False,
mission_nocomm,PA12,human,111,1749813811,"(3, 7)",D1,True,take_victim,victim_3_,"(10, 8)",3,0,0.0,0.0,Argo,False,
mission_nocomm,PA12,will,195,1749813820,"(8, 8)",B2,True,drop_victim,victim_1_,"(8, 8)",1,5,0.0,0.0,Argo,True,True
mission_nocomm,PA12,will,239,1749813824,"(11, 15)",C1,True,take_victim,victim_2_,"(9, 8)",2,5,0.0625,0.0,Argo,False,
mission_nocomm,PA12,will,305,1749813831,"(9, 8)",C1,True,drop_victim,victim_2_,"(9, 8)",2,10,0.0625,0.0,Argo,True,True
mission_nocomm,PA12,human,324,1749813833,"(10, 8)",D1,True,drop_victim,victim_3_,"(10, 8)",3,15,0.125,0.0,Argo,True,True
mission_nocomm,PA12,human,363,1749813837,"(12, 1)",A2,True,take_victim,victim_4_,"(11, 8)",4,15,0.1875,0.0,Argo,False,
mission_nocomm,PA12,will,363,1749813837,"(12, 16)",C1,True,take_victim,victim_9_,"(8, 10)",9,15,0.1875,0.0,Argo,False,
mission_nocomm,PA12,human,388,1749813840,"(11, 8)",A2,True,drop_victim,victim_4_,"(11, 8)",4,20,0.1875,0.0,Argo,True,True
mission_nocomm,PA12,human,428,1749813844,"(7, 2)",A2,True,take_victim,victim_6_,"(9, 9)",6,20,0.25,0.0,Argo,False,
mission_nocomm,PA12,human,565,1749813858,"(12, 3)",A1,True,take_victim,victim_5_,"(8, 9)",5,20,0.25,0.0,Argo,False,
mission_nocomm,PA12,human,595,1749813861,"(8, 9)",A1,True,drop_victim,victim_5_,"(8, 9)",5,25,0.25,0.0,Argo,True,True
mission_nocomm,PA12,human,613,1749813863,"(9, 3)",A2,True,take_victim,victim_6_,"(9, 9)",6,25,0.3125,0.0,Argo,False,
mission_nocomm,PA12,human,628,1749813865,"(9, 9)",A2,True,drop_victim,victim_6_,"(9, 9)",6,30,0.3125,0.0,Argo,True,True
mission_nocomm,PA12,human,654,1749813868,"(11, 4)",A1,True,take_victim,victim_7_,"(10, 9)",7,30,0.375,0.0,Argo,False,
mission_nocomm,PA12,human,672,1749813870,"(11, 4)",A1,True,take_victim,victim_7_,"(10, 9)",7,30,0.375,0.0,Argo,False,
mission_nocomm,PA12,human,691,1749813872,"(10, 9)",A1,True,drop_victim,victim_7_,"(10, 9)",7,35,0.375,0.0,Argo,True,True
mission_nocomm,PA12,human,743,1749813877,"(1, 7)",D2,True,take_victim,victim_8_,"(11, 9)",8,35,0.4375,0.0,Argo,False,
mission_nocomm,PA12,human,776,1749813880,"(11, 9)",D2,True,drop_victim,victim_8_,"(11, 9)",8,40,0.4375,0.0,Argo,True,True
mission_nocomm,PA12,will,777,1749813881,"(8, 10)",C1,True,drop_victim,victim_9_,"(8, 10)",9,45,0.5,0.0,Argo,True,True
mission_nocomm,PA12,human,815,1749813885,"(4, 8)",D1,True,take_victim,victim_10_,"(9, 10)",10,45,0.5625,0.0,Argo,False,
mission_nocomm,PA12,will,835,1749813887,"(16, 12)",B1,True,take_victim,victim_12_,"(11, 10)",12,45,0.5625,0.0,Argo,False,
mission_nocomm,PA12,human,841,1749813887,"(9, 10)",D1,True,drop_victim,victim_10_,"(9, 10)",10,50,0.5625,0.0,Argo,True,True
mission_nocomm,PA12,human,860,1749813889,"(2, 9)",D2,True,take_victim,victim_11_,"(10, 10)",11,50,0.625,0.0,Argo,False,
mission_nocomm,PA12,human,888,1749813892,"(10, 10)",D2,True,drop_victim,victim_11_,"(10, 10)",11,55,0.625,0.0,Argo,True,True
mission_nocomm,PA12,will,909,1749813894,"(11, 10)",B1,True,drop_victim,victim_12_,"(11, 10)",12,60,0.6875,0.0,Argo,True,True
mission_nocomm,PA12,will,975,1749813901,"(17, 10)",B2,True,take_victim,victim_13_,"(8, 11)",13,60,0.75,0.0,Argo,False,
mission_nocomm,PA12,will,1069,1749813911,"(8, 11)",B2,True,drop_victim,victim_13_,"(8, 11)",13,65,0.75,0.0,Argo,True,True
mission_nocomm,PA12,will,1135,1749813918,"(10, 17)",C2,True,take_victim,victim_14_,"(9, 11)",14,65,0.8125,0.0,Argo,False,
mission_nocomm,PA12,will,1223,1749813927,"(9, 11)",C2,True,drop_victim,victim_14_,"(9, 11)",14,70,0.8125,0.0,Argo,True,True
mission_nocomm,PA12,will,1303,1749813936,"(9, 18)",C2,True,take_victim,victim_15_,"(10, 11)",15,70,0.875,0.0,Argo,False,
mission_nocomm,PA12,will,1405,1749813946,"(10, 11)",C2,True,drop_victim,victim_15_,"(10, 11)",15,75,0.875,0.0,Argo,True,True
mission_nocomm,PA12,will,1445,1749813950,"(15, 7)",B1,True,take_victim,victim_16_,"(11, 11)",16,75,0.9375,0.0,Argo,False,
mission_nocomm,PA12,will,1505,1749813957,"(11, 11)",B1,True,drop_victim,victim_16_,"(11, 11)",16,80,0.9375,0.0,Argo,True,True
mission_nocomm,PA12,nowill,69,1749814260,"(10, 17)",C2,True,take_victim,victim_1_,"(8, 8)",1,0,0.0,0.0,Bolt,False,
mission_nocomm,PA12,human,100,1749814264,"(9, 4)",A1,True,take_victim,victim_2_,"(9, 8)",2,0,0.0,0.0,Bolt,False,
mission_nocomm,PA12,nowill,163,1749814270,"(8, 8)",C2,True,drop_victim,victim_1_,"(8, 8)",1,5,0.0,0.0,Bolt,True,True
mission_nocomm,PA12,human,169,1749814271,"(9, 8)",A1,True,drop_victim,victim_2_,"(9, 8)",2,10,0.0625,0.0,Bolt,True,True
mission_nocomm,PA12,nowill,221,1749814276,"(7, 16)",C1,True,take_victim,victim_3_,"(10, 8)",3,10,0.125,0.0,Bolt,False,
mission_nocomm,PA12,nowill,301,1749814285,"(10, 8)",C1,True,drop_victim,victim_3_,"(10, 8)",3,15,0.125,0.0,Bolt,True,True
mission_nocomm,PA12,nowill,325,1749814287,"(1, 11)",D2,True,take_victim,victim_4_,"(11, 8)",4,15,0.1875,0.0,Bolt,False,
mission_nocomm,PA12,nowill,349,1749814290,"(11, 8)",D2,True,drop_victim,victim_4_,"(11, 8)",4,20,0.1875,0.0,Bolt,True,True
mission_nocomm,PA12,nowill,371,1749814292,"(3, 9)",D1,True,take_victim,victim_5_,"(8, 9)",5,20,0.25,0.0,Bolt,False,
mission_nocomm,PA12,human,378,1749814293,"(9, 1)",A2,True,take_victim,victim_7_,"(10, 9)",7,20,0.25,0.0,Bolt,False,
mission_nocomm,PA12,nowill,385,1749814293,"(8, 9)",D1,True,drop_victim,victim_5_,"(8, 9)",5,25,0.25,0.0,Bolt,True,True
mission_nocomm,PA12,nowill,427,1749814298,"(9, 15)",C1,True,take_victim,victim_6_,"(9, 9)",6,25,0.3125,0.0,Bolt,False,
mission_nocomm,PA12,nowill,491,1749814305,"(9, 9)",C1,True,drop_victim,victim_6_,"(9, 9)",6,30,0.3125,0.0,Bolt,True,True
mission_nocomm,PA12,human,494,1749814305,"(10, 9)",A2,True,drop_victim,victim_7_,"(10, 9)",7,35,0.375,0.0,Bolt,True,True
mission_nocomm,PA12,nowill,507,1749814306,"(4, 7)",D1,True,take_victim,victim_8_,"(11, 9)",8,35,0.4375,0.0001218318939208,Bolt,False,
mission_nocomm,PA12,nowill,525,1749814308,"(11, 9)",D1,True,drop_victim,victim_8_,"(11, 9)",8,40,0.4375,1.8928346633911133,Bolt,True,True
mission_nocomm,PA12,human,590,1749814315,"(18, 12)",B2,True,take_victim,victim_9_,"(8, 10)",9,40,0.5,8.780038833618164,Bolt,False,
mission_nocomm,PA12,nowill,609,1749814317,"(9, 18)",C2,True,take_victim,victim_11_,"(10, 10)",11,40,0.5,10.241439819335938,Bolt,False,
mission_nocomm,PA12,human,700,1749814326,"(8, 10)",B2,True,drop_victim,victim_9_,"(8, 10)",9,45,0.5,18.7046639919281,Bolt,True,True
mission_nocomm,PA12,human,732,1749814330,"(8, 2)",A2,True,take_victim,victim_10_,"(9, 10)",10,45,0.5625,18.7046639919281,Bolt,False,
mission_nocomm,PA12,human,752,1749814332,"(9, 10)",A2,True,drop_victim,victim_10_,"(9, 10)",10,50,0.5625,18.7046639919281,Bolt,True,True
mission_nocomm,PA12,nowill,753,1749814332,"(10, 10)",C2,True,drop_victim,victim_11_,"(10, 10)",11,55,0.625,18.7046639919281,Bolt,True,True
mission_nocomm,PA12,nowill,775,1749814334,"(2, 8)",D2,True,take_victim,victim_15_,"(10, 11)",15,55,0.6875,18.7046639919281,Bolt,False,
mission_nocomm,PA12,human,782,1749814335,"(12, 3)",A1,True,take_victim,victim_12_,"(11, 10)",12,55,0.6875,18.7046639919281,Bolt,False,
mission_nocomm,PA12,human,802,1749814337,"(11, 10)",A1,True,drop_victim,victim_12_,"(11, 10)",12,60,0.6875,18.7046639919281,Bolt,True,True
mission_nocomm,PA12,human,889,1749814346,"(16, 12)",B1,True,take_victim,victim_13_,"(8, 11)",13,60,0.75,26.004255056381226,Bolt,False,
mission_nocomm,PA12,human,984,1749814356,"(8, 11)",B1,True,drop_victim,victim_13_,"(8, 11)",13,65,0.75,33.9588680267334,Bolt,True,True
mission_nocomm,PA12,human,1048,1749814363,"(15, 8)",B1,True,take_victim,victim_14_,"(9, 11)",14,65,0.8125,38.01018190383911,Bolt,False,
mission_nocomm,PA12,human,1100,1749814368,"(9, 11)",B1,True,drop_victim,victim_14_,"(9, 11)",14,70,0.8125,41.44766592979431,Bolt,True,True
mission_nocomm,PA12,nowill,1101,1749814368,"(10, 11)",D2,True,drop_victim,victim_15_,"(10, 11)",15,75,0.875,41.44766592979431,Bolt,True,True
mission_nocomm,PA12,human,1187,1749814377,"(17, 11)",B2,True,take_victim,victim_16_,"(11, 11)",16,75,0.9375,48.967082023620605,Bolt,False,
mission_nocomm,PA12,human,1280,1749814387,"(11, 11)",B2,True,drop_victim,victim_16_,"(11, 11)",16,80,0.9375,57.02032017707825,Bolt,True,True
mission_comm,PA15,will,73,1749824038,"(17, 12)",B2,True,take_victim,victim_1_,"(8, 8)",1,0,0.0,0.0,Bolt,False,
mission_comm,PA15,human,103,1749824041,"(10, 3)",A1,True,take_victim,victim_2_,"(9, 8)",2,0,0.0,0.0,Bolt,False,
mission_comm,PA15,will,167,1749824048,"(8, 8)",B2,True,drop_victim,victim_1_,"(8, 8)",1,5,0.0,0.0,Bolt,True,True
mission_comm,PA15,human,178,1749824049,"(9, 8)",A1,True,drop_victim,victim_2_,"(9, 8)",2,10,0.0625,0.0,Bolt,True,True
mission_comm,PA15,will,225,1749824054,"(7, 16)",C1,True,take_victim,victim_3_,"(10, 8)",3,10,0.125,1.9794390201568604,Bolt,False,
mission_comm,PA15,human,299,1749824061,"(1, 8)",D2,True,take_victim,victim_4_,"(11, 8)",4,10,0.125,6.962626934051514,Bolt,False,
mission_comm,PA15,will,305,1749824062,"(10, 8)",C1,True,drop_victim,victim_3_,"(10, 8)",3,15,0.125,6.962626934051514,Bolt,True,True
mission_comm,PA15,human,330,1749824065,"(11, 8)",D2,True,drop_victim,victim_4_,"(11, 8)",4,20,0.1875,6.962626934051514,Bolt,True,True
mission_comm,PA15,will,349,1749824067,"(11, 15)",C1,True,take_victim,victim_5_,"(8, 9)",5,20,0.25,6.962626934051514,Bolt,False,
mission_comm,PA15,will,413,1749824073,"(8, 9)",C1,True,drop_victim,victim_5_,"(8, 9)",5,25,0.25,8.949753046035767,Bolt,True,True
mission_comm,PA15,human,440,1749824076,"(16, 8)",B1,False,take_victim,victim_6_,"(9, 9)",6,25,0.3125,12.155604124069214,Bolt,False,
mission_comm,PA15,human,504,1749824083,"(9, 9)",B1,False,drop_victim,victim_6_,"(9, 9)",6,30,0.3125,16.34828519821167,Bolt,True,True
mission_comm,PA15,human,537,1749824086,"(2, 12)",D2,True,take_victim,victim_7_,"(10, 9)",7,30,0.375,16.34828519821167,Bolt,False,
mission_comm,PA15,will,550,1749824088,"(18, 8)",B2,True,take_victim,victim_9_,"(8, 10)",9,30,0.375,16.34828519821167,Bolt,False,
mission_comm,PA15,human,559,1749824089,"(10, 9)",D2,True,drop_victim,victim_7_,"(10, 9)",7,35,0.375,16.34828519821167,Bolt,True,True
mission_comm,PA15,human,576,1749824090,"(9, 4)",A1,True,take_victim,victim_8_,"(11, 9)",8,35,0.4375,16.34828519821167,Bolt,False,
mission_comm,PA15,human,598,1749824093,"(11, 9)",A1,True,drop_victim,victim_8_,"(11, 9)",8,40,0.4375,16.34828519821167,Bolt,True,True
mission_comm,PA15,will,658,1749824099,"(8, 10)",B2,True,drop_victim,victim_9_,"(8, 10)",9,45,0.5,16.34828519821167,Bolt,True,True
mission_comm,PA15,will,702,1749824103,"(15, 12)",B1,True,take_victim,victim_10_,"(9, 10)",10,45,0.5625,16.34828519821167,Bolt,False,
mission_comm,PA15,will,766,1749824110,"(9, 10)",B1,True,drop_victim,victim_10_,"(9, 10)",10,50,0.5625,22.09737229347229,Bolt,True,True
mission_comm,PA15,human,803,1749824114,"(11, 17)",C2,False,take_victim,victim_11_,"(10, 10)",11,50,0.625,26.09295344352722,Bolt,False,
mission_comm,PA15,human,861,1749824120,"(10, 10)",C2,False,drop_victim,victim_11_,"(10, 10)",11,55,0.625,30.917956352233887,Bolt,True,True
mission_comm,PA15,will,893,1749824124,"(10, 18)",C2,True,take_victim,victim_12_,"(11, 10)",12,55,0.6875,30.917956352233887,Bolt,False,
mission_comm,PA15,human,919,1749824126,"(12, 1)",A2,True,take_victim,victim_13_,"(8, 11)",13,55,0.6875,30.917956352233887,Bolt,False,
mission_comm,PA15,will,997,1749824134,"(11, 10)",C2,True,drop_victim,victim_12_,"(11, 10)",12,60,0.6875,30.917956352233887,Bolt,True,True
mission_comm,PA15,human,1003,1749824135,"(8, 11)",A2,True,drop_victim,victim_13_,"(8, 11)",13,65,0.75,30.917956352233887,Bolt,True,True
mission_comm,PA15,human,1018,1749824137,"(4, 9)",D1,True,take_victim,victim_14_,"(9, 11)",14,65,0.8125,30.917956352233887,Bolt,False,
mission_comm,PA15,human,1035,1749824138,"(9, 11)",D1,True,drop_victim,victim_14_,"(9, 11)",14,70,0.8125,30.917956352233887,Bolt,True,True
mission_comm,PA15,human,1049,1749824140,"(3, 10)",D1,True,take_victim,victim_15_,"(10, 11)",15,70,0.875,30.917956352233887,Bolt,False,
mission_comm,PA15,human,1065,1749824142,"(10, 11)",D1,True,drop_victim,victim_15_,"(10, 11)",15,75,0.875,30.917956352233887,Bolt,True,True
mission_comm,PA15,human,1085,1749824144,"(10, 2)",A2,True,take_victim,victim_16_,"(11, 11)",16,75,0.9375,30.917956352233887,Bolt,False,
mission_comm,PA15,human,1111,1749824146,"(11, 11)",A2,True,drop_victim,victim_16_,"(11, 11)",16,80,0.9375,30.917956352233887,Bolt,True,True
mission_comm,PA15,nowill,17,1749824425,"(1, 7)",D2,True,take_victim,victim_1_,"(8, 8)",1,0,0.0,0.0,Argo,False,
mission_comm,PA15,nowill,35,1749824427,"(8, 8)",D2,True,drop_victim,victim_1_,"(8, 8)",1,5,0.0,0.0,Argo,True,True
mission_comm,PA15,nowill,93,1749824433,"(10, 16)",C1,True,take_victim,victim_3_,"(10, 8)",3,5,0.0625,3.1247241497039795,Argo,False,
mission_comm,PA15,human,104,1749824434,"(17, 10)",B2,True,take_victim,victim_2_,"(9, 8)",2,5,0.0625,4.386175155639648,Argo,False,
mission_comm,PA15,human,170,1749824441,"(9, 8)",B2,True,drop_victim,victim_2_,"(9, 8)",2,10,0.0625,9.39669108390808,Argo,True,True
mission_comm,PA15,nowill,173,1749824442,"(10, 8)",C1,True,drop_victim,victim_3_,"(10, 8)",3,15,0.125,9.39669108390808,Argo,True,True
mission_comm,PA15,nowill,193,1749824444,"(3, 8)",D1,True,take_victim,victim_5_,"(8, 9)",5,15,0.1875,9.39669108390808,Argo,False,
mission_comm,PA15,human,202,1749824445,"(8, 1)",A2,True,take_victim,victim_4_,"(11, 8)",4,15,0.1875,9.39669108390808,Argo,False,
mission_comm,PA15,human,223,1749824447,"(11, 8)",A2,True,drop_victim,victim_4_,"(11, 8)",4,20,0.1875,9.39669108390808,Argo,True,True
mission_comm,PA15,nowill,224,1749824447,"(8, 9)",D1,True,drop_victim,victim_5_,"(8, 9)",5,25,0.25,9.39669108390808,Argo,True,True
mission_comm,PA15,nowill,242,1749824449,"(2, 9)",D2,True,take_victim,victim_6_,"(9, 9)",6,25,0.3125,9.39669108390808,Argo,False,
mission_comm,PA15,nowill,260,1749824451,"(9, 9)",D2,True,drop_victim,victim_6_,"(9, 9)",6,30,0.3125,9.39669108390808,Argo,True,True
mission_comm,PA15,human,321,1749824457,"(18, 7)",B2,True,take_victim,victim_7_,"(10, 9)",7,30,0.375,15.1561381816864,Argo,False,
mission_comm,PA15,nowill,344,1749824460,"(10, 18)",C2,True,take_victim,victim_9_,"(8, 10)",9,30,0.375,17.250439405441284,Argo,False,
mission_comm,PA15,human,392,1749824465,"(10, 9)",B2,True,drop_victim,victim_7_,"(10, 9)",7,35,0.375,21.02055931091309,Argo,True,True
mission_comm,PA15,human,443,1749824470,"(16, 7)",B1,True,take_victim,victim_8_,"(11, 9)",8,35,0.4375,24.152059078216553,Argo,False,
mission_comm,PA15,human,495,1749824475,"(11, 9)",B1,True,drop_victim,victim_8_,"(11, 9)",8,40,0.4375,28.101191997528076,Argo,True,True
mission_comm,PA15,nowill,496,1749824475,"(8, 10)",C2,True,drop_victim,victim_9_,"(8, 10)",9,45,0.5,28.101191997528076,Argo,True,True
mission_comm,PA15,nowill,510,1749824477,"(4, 11)",D1,True,take_victim,victim_12_,"(11, 10)",12,45,0.5625,28.101191997528076,Argo,False,
mission_comm,PA15,human,524,1749824478,"(12, 2)",A2,True,take_victim,victim_10_,"(9, 10)",10,45,0.5625,28.101191997528076,Argo,False,
mission_comm,PA15,human,550,1749824481,"(9, 10)",A2,True,drop_victim,victim_10_,"(9, 10)",10,50,0.5625,28.101191997528076,Argo,True,True
mission_comm,PA15,human,596,1749824486,"(15, 12)",B1,True,take_victim,victim_11_,"(10, 10)",11,50,0.625,31.433011054992676,Argo,False,
mission_comm,PA15,human,654,1749824492,"(10, 10)",B1,True,drop_victim,victim_11_,"(10, 10)",11,55,0.625,36.35406804084778,Argo,True,True
mission_comm,PA15,nowill,655,1749824492,"(11, 10)",D1,True,drop_victim,victim_12_,"(11, 10)",12,60,0.6875,36.35406804084778,Argo,True,True
mission_comm,PA15,nowill,695,1749824496,"(9, 15)",C1,True,take_victim,victim_13_,"(8, 11)",13,60,0.75,36.35406804084778,Argo,False,
mission_comm,PA15,human,702,1749824497,"(11, 3)",A1,True,take_victim,victim_14_,"(9, 11)",14,60,0.75,36.35406804084778,Argo,False,
mission_comm,PA15,nowill,755,1749824502,"(8, 11)",C1,True,drop_victim,victim_13_,"(8, 11)",13,65,0.75,36.35406804084778,Argo,True,True
mission_comm,PA15,human,761,1749824503,"(9, 11)",A1,True,drop_victim,victim_14_,"(9, 11)",14,70,0.8125,36.35406804084778,Argo,True,True
mission_comm,PA15,human,778,1749824505,"(8, 4)",A1,True,take_victim,victim_15_,"(10, 11)",15,70,0.875,36.35406804084778,Argo,False,
mission_comm,PA15,human,807,1749824508,"(10, 11)",A1,True,drop_victim,victim_15_,"(10, 11)",15,75,0.875,36.35406804084778,Argo,True,True
mission_comm,PA15,nowill,821,1749824509,"(7, 17)",C2,True,take_victim,victim_16_,"(11, 11)",16,75,0.9375,36.35406804084778,Argo,False,
mission_comm,PA15,nowill,909,1749824519,"(11, 11)",C2,True,drop_victim,victim_16_,"(11, 11)",16,80,0.9375,36.35406804084778,Argo,True,True
mission_nocomm,PA23,nowill,13,1750158528,"(3, 7)",D1,True,take_victim,victim_1_,"(8, 8)",1,0,0.0,0.0,Argo,False,
mission_nocomm,PA23,nowill,27,1750158529,"(8, 8)",D1,True,drop_victim,victim_1_,"(8, 8)",1,5,0.0,0.0,Argo,True,True
mission_nocomm,PA23,nowill,99,1750158537,"(12, 17)",C2,True,take_victim,victim_2_,"(9, 8)",2,5,0.0625,0.0,Argo,False,
mission_nocomm,PA23,human,118,1750158539,"(8, 4)",A1,True,take_victim,victim_4_,"(11, 8)",4,5,0.0625,0.0,Argo,False,
mission_nocomm,PA23,nowill,193,1750158547,"(9, 8)",C2,True,drop_victim,victim_2_,"(9, 8)",2,10,0.0625,0.0,Argo,True,True
mission_nocomm,PA23,nowill,215,1750158549,"(1, 9)",D2,True,take_victim,victim_3_,"(10, 8)",3,10,0.125,0.0,Argo,False,
mission_nocomm,PA23,nowill,237,1750158551,"(10, 8)",D2,True,drop_victim,victim_3_,"(10, 8)",3,15,0.125,0.0,Argo,True,True
mission_nocomm,PA23,human,252,1750158553,"(11, 8)",A1,True,drop_victim,victim_4_,"(11, 8)",4,20,0.1875,0.0,Argo,True,True
mission_nocomm,PA23,nowill,281,1750158556,"(12, 15)",C1,True,take_victim,victim_7_,"(10, 9)",7,20,0.25,0.0,Argo,False,
mission_nocomm,PA23,human,286,1750158557,"(12, 2)",A2,True,take_victim,victim_5_,"(8, 9)",5,20,0.25,0.0,Argo,False,
mission_nocomm,PA23,human,325,1750158561,"(8, 9)",A2,True,drop_victim,victim_5_,"(8, 9)",5,25,0.25,0.0,Argo,True,True
mission_nocomm,PA23,human,387,1750158567,"(15, 11)",B1,True,take_victim,victim_6_,"(9, 9)",6,25,0.3125,4.824890851974487,Argo,False,
mission_nocomm,PA23,human,440,1750158573,"(9, 9)",B1,True,drop_victim,victim_6_,"(9, 9)",6,30,0.3125,8.065712928771973,Argo,True,True
mission_nocomm,PA23,nowill,441,1750158573,"(10, 9)",C1,True,drop_victim,victim_7_,"(10, 9)",7,35,0.375,8.065712928771973,Argo,True,True
mission_nocomm,PA23,nowill,525,1750158582,"(10, 18)",C2,True,take_victim,victim_9_,"(8, 10)",9,35,0.4375,15.120702028274536,Argo,False,
mission_nocomm,PA23,human,534,1750158583,"(17, 7)",B2,True,take_victim,victim_8_,"(11, 9)",8,35,0.4375,16.544859886169434,Argo,False,
mission_nocomm,PA23,human,607,1750158590,"(11, 9)",B2,True,drop_victim,victim_8_,"(11, 9)",8,40,0.4375,21.7636559009552,Argo,True,True
mission_nocomm,PA23,nowill,629,1750158592,"(8, 10)",C2,True,drop_victim,victim_9_,"(8, 10)",9,45,0.5,21.7636559009552,Argo,True,True
mission_nocomm,PA23,human,647,1750158594,"(12, 3)",A1,True,take_victim,victim_10_,"(9, 10)",10,45,0.5625,21.7636559009552,Argo,False,
mission_nocomm,PA23,nowill,647,1750158594,"(2, 10)",D2,True,take_victim,victim_12_,"(11, 10)",12,45,0.5625,21.7636559009552,Argo,False,
mission_nocomm,PA23,human,690,1750158599,"(9, 10)",A1,True,drop_victim,victim_10_,"(9, 10)",10,50,0.5625,21.7636559009552,Argo,True,True
mission_nocomm,PA23,human,778,1750158608,"(18, 11)",B2,True,take_victim,victim_11_,"(10, 10)",11,50,0.625,27.538331747055057,Argo,False,
mission_nocomm,PA23,human,866,1750158617,"(10, 10)",B2,True,drop_victim,victim_11_,"(10, 10)",11,55,0.625,33.81749773025513,Argo,True,True
mission_nocomm,PA23,nowill,867,1750158617,"(11, 10)",D2,True,drop_victim,victim_12_,"(11, 10)",12,60,0.6875,33.81749773025513,Argo,True,True
mission_nocomm,PA23,nowill,921,1750158623,"(8, 16)",C1,True,take_victim,victim_14_,"(9, 11)",14,60,0.75,35.79802870750427,Argo,False,
mission_nocomm,PA23,human,954,1750158626,"(16, 10)",B1,True,take_victim,victim_13_,"(8, 11)",13,60,0.75,39.98245573043823,Argo,False,
mission_nocomm,PA23,human,1024,1750158634,"(8, 11)",B1,True,drop_victim,victim_13_,"(8, 11)",13,65,0.75,44.377110719680786,Argo,True,True
mission_nocomm,PA23,nowill,1025,1750158634,"(9, 11)",C1,True,drop_victim,victim_14_,"(9, 11)",14,70,0.8125,44.377110719680786,Argo,True,True
mission_nocomm,PA23,nowill,1041,1750158636,"(4, 10)",D1,True,take_victim,victim_15_,"(10, 11)",15,70,0.875,44.377110719680786,Argo,False,
mission_nocomm,PA23,nowill,1057,1750158637,"(10, 11)",D1,True,drop_victim,victim_15_,"(10, 11)",15,75,0.875,44.377110719680786,Argo,True,True
mission_nocomm,PA23,human,1059,1750158637,"(10, 1)",A2,True,take_victim,victim_16_,"(11, 11)",16,75,0.9375,44.377110719680786,Argo,False,
mission_nocomm,PA23,human,1095,1750158641,"(11, 11)",A2,True,drop_victim,victim_16_,"(11, 11)",16,80,0.9375,44.377110719680786,Argo,True,True
mission_nocomm,PA23,will,73,1750158896,"(17, 11)",B2,True,take_victim,victim_1_,"(8, 8)",1,0,0.0,0.0,Bolt,False,
mission_nocomm,PA23,human,105,1750158899,"(9, 2)",A2,True,take_victim,victim_3_,"(10, 8)",3,0,0.0,0.0,Bolt,False,
mission_nocomm,PA23,will,167,1750158905,"(8, 8)",B2,True,drop_victim,victim_1_,"(8, 8)",1,5,0.0,0.0,Bolt,True,True
mission_nocomm,PA23,will,211,1750158910,"(15, 10)",B1,True,take_victim,victim_2_,"(9, 8)",2,5,0.0625,0.0,Bolt,False,
mission_nocomm,PA23,will,275,1750158917,"(9, 8)",B1,True,drop_victim,victim_2_,"(9, 8)",2,10,0.0625,0.0,Bolt,True,True
mission_nocomm,PA23,human,288,1750158918,"(10, 8)",A2,True,drop_victim,victim_3_,"(10, 8)",3,15,0.125,0.0,Bolt,True,True
mission_nocomm,PA23,human,344,1750158924,"(2, 11)",D2,True,take_victim,victim_6_,"(9, 9)",6,15,0.1875,0.0,Bolt,False,
mission_nocomm,PA23,will,359,1750158926,"(18, 9)",B2,True,take_victim,victim_4_,"(11, 8)",4,15,0.1875,0.0,Bolt,False,
mission_nocomm,PA23,will,461,1750158936,"(11, 8)",B2,True,drop_victim,victim_4_,"(11, 8)",4,20,0.1875,0.0,Bolt,True,True
mission_nocomm,PA23,will,513,1750158942,"(16, 11)",B1,True,take_victim,victim_5_,"(8, 9)",5,20,0.25,0.0,Bolt,False,
mission_nocomm,PA23,will,593,1750158950,"(8, 9)",B1,True,drop_victim,victim_5_,"(8, 9)",5,25,0.25,0.0,Bolt,True,True
mission_nocomm,PA23,human,609,1750158952,"(9, 9)",D2,True,drop_victim,victim_6_,"(9, 9)",6,30,0.3125,0.0,Bolt,True,True
mission_nocomm,PA23,human,637,1750158955,"(11, 1)",A2,True,take_victim,victim_7_,"(10, 9)",7,30,0.375,0.0,Bolt,False,
mission_nocomm,PA23,will,663,1750158958,"(12, 17)",C2,True,take_victim,victim_9_,"(8, 10)",9,30,0.375,0.0,Bolt,False,
mission_nocomm,PA23,human,664,1750158958,"(10, 9)",A2,True,drop_victim,victim_7_,"(10, 9)",7,35,0.375,0.0,Bolt,True,True
mission_nocomm,PA23,human,691,1750158960,"(3, 7)",D1,True,take_victim,victim_8_,"(11, 9)",8,35,0.4375,0.0,Bolt,False,
mission_nocomm,PA23,human,721,1750158964,"(11, 9)",D1,True,drop_victim,victim_8_,"(11, 9)",8,40,0.4375,0.0,Bolt,True,True
mission_nocomm,PA23,will,753,1750158967,"(8, 10)",C2,True,drop_victim,victim_9_,"(8, 10)",9,45,0.5,0.0,Bolt,True,True
mission_nocomm,PA23,human,769,1750158969,"(7, 4)",A1,True,take_victim,victim_11_,"(10, 10)",11,45,0.5625,0.0,Bolt,False,
mission_nocomm,PA23,will,793,1750158971,"(11, 15)",C1,True,take_victim,victim_10_,"(9, 10)",10,45,0.5625,0.0,Bolt,False,
mission_nocomm,PA23,will,855,1750158978,"(9, 10)",C1,True,drop_victim,victim_10_,"(9, 10)",10,50,0.5625,0.0,Bolt,True,True
mission_nocomm,PA23,human,868,1750158979,"(10, 10)",A1,True,drop_victim,victim_11_,"(10, 10)",11,55,0.625,0.0,Bolt,True,True
mission_nocomm,PA23,human,900,1750158982,"(1, 12)",D2,True,take_victim,victim_13_,"(8, 11)",13,55,0.6875,0.0,Bolt,False,
mission_nocomm,PA23,will,909,1750158983,"(10, 16)",C1,True,take_victim,victim_12_,"(11, 10)",12,55,0.6875,0.0,Bolt,False,
mission_nocomm,PA23,will,985,1750158991,"(11, 10)",C1,True,drop_victim,victim_12_,"(11, 10)",12,60,0.6875,0.0,Bolt,True,True
mission_nocomm,PA23,human,1000,1750158993,"(8, 11)",D2,True,drop_victim,victim_13_,"(8, 11)",13,65,0.75,0.0,Bolt,True,True
mission_nocomm,PA23,human,1030,1750158996,"(4, 10)",D1,True,take_victim,victim_14_,"(9, 11)",14,65,0.8125,0.0,Bolt,False,
mission_nocomm,PA23,human,1054,1750158998,"(9, 11)",D1,True,drop_victim,victim_14_,"(9, 11)",14,70,0.8125,0.0,Bolt,True,True
mission_nocomm,PA23,will,1067,1750159000,"(7, 18)",C2,True,take_victim,victim_16_,"(11, 11)",16,70,0.875,0.0,Bolt,False,
mission_nocomm,PA23,human,1091,1750159002,"(12, 3)",A1,True,take_victim,victim_15_,"(10, 11)",15,70,0.875,0.0,Bolt,False,
mission_nocomm,PA23,human,1191,1750159013,"(10, 11)",A1,True,drop_victim,victim_15_,"(10, 11)",15,75,0.875,0.0,Bolt,True,True
mission_nocomm,PA23,will,1192,1750159013,"(11, 11)",C2,True,drop_victim,victim_16_,"(11, 11)",16,80,0.9375,0.0,Bolt,True,True
mission_nocomm,PA24,nowill,55,1750161983,"(7, 16)",C1,True,take_victim,victim_4_,"(11, 8)",4,0,0.0,0.0,Bolt,False,
mission_nocomm,PA24,human,59,1750161983,"(11, 2)",A2,True,take_victim,victim_1_,"(8, 8)",1,0,0.0,0.0,Bolt,False,
mission_nocomm,PA24,human,84,1750161986,"(8, 8)",A2,True,drop_victim,victim_1_,"(8, 8)",1,5,0.0,0.0,Bolt,True,True
mission_nocomm,PA24,human,122,1750161990,"(12, 4)",A1,True,take_victim,victim_2_,"(9, 8)",2,5,0.0625,0.0,Bolt,False,
mission_nocomm,PA24,human,145,1750161992,"(9, 8)",A1,True,drop_victim,victim_2_,"(9, 8)",2,10,0.0625,0.0,Bolt,True,True
mission_nocomm,PA24,human,250,1750162003,"(17, 11)",B2,True,take_victim,victim_3_,"(10, 8)",3,10,0.125,9.632926940917969,Bolt,False,
mission_nocomm,PA24,human,318,1750162010,"(10, 8)",B2,True,drop_victim,victim_3_,"(10, 8)",3,15,0.125,14.651533842086792,Bolt,True,True
mission_nocomm,PA24,nowill,319,1750162010,"(11, 8)",C1,True,drop_victim,victim_4_,"(11, 8)",4,20,0.1875,14.651533842086792,Bolt,True,True
mission_nocomm,PA24,nowill,339,1750162012,"(4, 7)",D1,True,take_victim,victim_8_,"(11, 9)",8,20,0.25,14.651533842086792,Bolt,False,
mission_nocomm,PA24,human,347,1750162013,"(8, 1)",A2,True,take_victim,victim_5_,"(8, 9)",5,20,0.25,14.651533842086792,Bolt,False,
mission_nocomm,PA24,human,364,1750162015,"(8, 9)",A2,True,drop_victim,victim_5_,"(8, 9)",5,25,0.25,14.651533842086792,Bolt,True,True
mission_nocomm,PA24,human,493,1750162028,"(16, 8)",B1,True,take_victim,victim_6_,"(9, 9)",6,25,0.3125,23.76266074180603,Bolt,False,
mission_nocomm,PA24,human,546,1750162034,"(9, 9)",B1,True,drop_victim,victim_6_,"(9, 9)",6,30,0.3125,27.843678951263428,Bolt,True,True
mission_nocomm,PA24,human,603,1750162040,"(15, 10)",B1,True,take_victim,victim_7_,"(10, 9)",7,30,0.375,32.97457671165466,Bolt,False,
mission_nocomm,PA24,human,659,1750162046,"(10, 9)",B1,True,drop_victim,victim_7_,"(10, 9)",7,35,0.375,36.311845779418945,Bolt,True,True
mission_nocomm,PA24,nowill,660,1750162046,"(11, 9)",D1,True,drop_victim,victim_8_,"(11, 9)",8,40,0.4375,36.311845779418945,Bolt,True,True
mission_nocomm,PA24,nowill,684,1750162048,"(2, 10)",D2,True,take_victim,victim_9_,"(8, 10)",9,40,0.5,36.311845779418945,Bolt,False,
mission_nocomm,PA24,nowill,700,1750162050,"(8, 10)",D2,True,drop_victim,victim_9_,"(8, 10)",9,45,0.5,36.311845779418945,Bolt,True,True
mission_nocomm,PA24,human,736,1750162054,"(11, 3)",A1,True,take_victim,victim_11_,"(10, 10)",11,45,0.5625,36.311845779418945,Bolt,False,
mission_nocomm,PA24,human,770,1750162057,"(10, 10)",A1,True,drop_victim,victim_11_,"(10, 10)",11,47,0.5625,36.311845779418945,Bolt,True,False
mission_nocomm,PA24,nowill,782,1750162059,"(8, 18)",C2,True,take_victim,victim_10_,"(9, 10)",10,47,0.625,36.311845779418945,Bolt,False,
mission_nocomm,PA24,nowill,886,1750162069,"(9, 10)",C2,True,drop_victim,victim_10_,"(9, 10)",10,52,0.625,44.12421464920044,Bolt,True,True
mission_nocomm,PA24,human,904,1750162071,"(18, 12)",B2,True,take_victim,victim_13_,"(8, 11)",13,52,0.6875,46.007240772247314,Bolt,False,
mission_nocomm,PA24,nowill,926,1750162074,"(10, 15)",C1,True,take_victim,victim_12_,"(11, 10)",12,52,0.6875,48.32513880729675,Bolt,False,
mission_nocomm,PA24,nowill,988,1750162080,"(11, 10)",C1,True,drop_victim,victim_12_,"(11, 10)",12,57,0.6875,53.01210069656372,Bolt,True,True
mission_nocomm,PA24,human,994,1750162081,"(8, 11)",B2,True,drop_victim,victim_13_,"(8, 11)",13,62,0.75,53.01210069656372,Bolt,True,True
mission_nocomm,PA24,nowill,1014,1750162083,"(1, 7)",D2,True,take_victim,victim_14_,"(9, 11)",14,62,0.8125,53.01210069656372,Bolt,False,
mission_nocomm,PA24,human,1032,1750162085,"(3, 10)",D1,False,take_victim,victim_15_,"(10, 11)",15,62,0.8125,53.01210069656372,Bolt,False,
mission_nocomm,PA24,nowill,1034,1750162085,"(9, 11)",D2,True,drop_victim,victim_14_,"(9, 11)",14,67,0.8125,53.01210069656372,Bolt,True,True
mission_nocomm,PA24,human,1051,1750162087,"(10, 11)",D1,False,drop_victim,victim_15_,"(10, 11)",15,72,0.875,53.01210069656372,Bolt,True,True
mission_nocomm,PA24,nowill,1100,1750162092,"(9, 17)",C2,True,take_victim,victim_16_,"(11, 11)",16,72,0.9375,53.01210069656372,Bolt,False,
mission_nocomm,PA24,nowill,1188,1750162101,"(11, 11)",C2,True,drop_victim,victim_16_,"(11, 11)",16,77,0.9375,53.01210069656372,Bolt,True,True
mission_nocomm,PA24,human,51,1750162343,"(1, 12)",D2,True,take_victim,victim_1_,"(8, 8)",1,0,0.0,0.0,Argo,False,
mission_nocomm,PA24,will,59,1750162344,"(16, 12)",B1,True,take_victim,victim_2_,"(9, 8)",2,0,0.0,0.0,Argo,False,
mission_nocomm,PA24,human,81,1750162347,"(8, 8)",D2,True,drop_victim,victim_1_,"(8, 8)",1,5,0.0,0.0,Argo,True,True
mission_nocomm,PA24,human,134,1750162352,"(2, 11)",D2,True,take_victim,victim_3_,"(10, 8)",3,5,0.0625,0.0,Argo,False,
mission_nocomm,PA24,will,137,1750162352,"(9, 8)",B1,True,drop_victim,victim_2_,"(9, 8)",2,10,0.0625,0.0,Argo,True,True
mission_nocomm,PA24,human,164,1750162355,"(10, 8)",D2,True,drop_victim,victim_3_,"(10, 8)",3,15,0.125,0.0,Argo,True,True
mission_nocomm,PA24,will,179,1750162357,"(15, 9)",B1,True,take_victim,victim_5_,"(8, 9)",5,15,0.1875,0.0,Argo,False,
mission_nocomm,PA24,human,183,1750162357,"(7, 1)",A2,True,take_victim,victim_4_,"(11, 8)",4,15,0.1875,0.0,Argo,False,
mission_nocomm,PA24,human,207,1750162360,"(11, 8)",A2,True,drop_victim,victim_4_,"(11, 8)",4,20,0.1875,0.0,Argo,True,True
mission_nocomm,PA24,will,245,1750162364,"(8, 9)",B1,True,drop_victim,victim_5_,"(8, 9)",5,25,0.25,0.0,Argo,True,True
mission_nocomm,PA24,human,289,1750162368,"(11, 2)",A2,True,take_victim,victim_7_,"(10, 9)",7,25,0.3125,0.0,Argo,False,
mission_nocomm,PA24,will,315,1750162371,"(10, 17)",C2,True,take_victim,victim_6_,"(9, 9)",6,25,0.3125,0.0,Argo,False,
mission_nocomm,PA24,will,407,1750162381,"(9, 9)",C2,True,drop_victim,victim_6_,"(9, 9)",6,30,0.3125,5.734681844711304,Argo,True,True
mission_nocomm,PA24,human,451,1750162385,"(17, 12)",B2,False,take_victim,victim_8_,"(11, 9)",8,30,0.375,10.302365064620972,Argo,False,
mission_nocomm,PA24,human,539,1750162395,"(10, 6)",A2,True,take_victim,victim_7_,"(10, 9)",7,30,0.375,16.252372980117798,Argo,False,
mission_nocomm,PA24,human,551,1750162396,"(10, 9)",A2,True,drop_victim,victim_7_,"(10, 9)",7,35,0.375,16.252372980117798,Argo,True,True
mission_nocomm,PA24,human,564,1750162397,"(11, 6)",B2,False,take_victim,victim_8_,"(11, 9)",8,35,0.4375,16.252372980117798,Argo,False,
mission_nocomm,PA24,human,578,1750162399,"(11, 9)",B2,False,drop_victim,victim_8_,"(11, 9)",8,40,0.4375,16.252372980117798,Argo,True,True
mission_nocomm,PA24,human,619,1750162403,"(3, 12)",D1,True,take_victim,victim_9_,"(8, 10)",9,40,0.5,16.252372980117798,Argo,False,
mission_nocomm,PA24,human,639,1750162405,"(8, 10)",D1,True,drop_victim,victim_9_,"(8, 10)",9,45,0.5,16.252372980117798,Argo,True,True
mission_nocomm,PA24,will,688,1750162410,"(7, 15)",C1,True,take_victim,victim_10_,"(9, 10)",10,45,0.5625,16.252372980117798,Argo,False,
mission_nocomm,PA24,human,698,1750162411,"(12, 4)",A1,True,take_victim,victim_11_,"(10, 10)",11,45,0.5625,16.252372980117798,Argo,False,
mission_nocomm,PA24,human,743,1750162416,"(10, 10)",A1,True,drop_victim,victim_11_,"(10, 10)",11,47,0.5625,16.252372980117798,Argo,True,False
mission_nocomm,PA24,will,750,1750162417,"(9, 10)",C1,True,drop_victim,victim_10_,"(9, 10)",10,52,0.625,16.252372980117798,Argo,True,True
mission_nocomm,PA24,human,770,1750162419,"(10, 3)",A1,True,take_victim,victim_12_,"(11, 10)",12,52,0.6875,16.252372980117798,Argo,False,
mission_nocomm,PA24,human,793,1750162421,"(11, 10)",A1,True,drop_victim,victim_12_,"(11, 10)",12,57,0.6875,16.252372980117798,Argo,True,True
mission_nocomm,PA24,will,804,1750162422,"(12, 16)",C1,True,take_victim,victim_13_,"(8, 11)",13,57,0.75,16.252372980117798,Argo,False,
mission_nocomm,PA24,human,830,1750162425,"(4, 7)",D1,True,take_victim,victim_14_,"(9, 11)",14,57,0.75,16.252372980117798,Argo,False,
mission_nocomm,PA24,will,878,1750162430,"(8, 11)",C1,True,drop_victim,victim_13_,"(8, 11)",13,62,0.75,16.252372980117798,Argo,True,True
mission_nocomm,PA24,human,903,1750162433,"(9, 11)",D1,True,drop_victim,victim_14_,"(9, 11)",14,67,0.8125,16.252372980117798,Argo,True,True
mission_nocomm,PA24,will,964,1750162439,"(18, 8)",B2,True,take_victim,victim_15_,"(10, 11)",15,67,0.875,21.888521194458008,Argo,False,
mission_nocomm,PA24,human,1021,1750162445,"(8, 18)",C2,False,take_victim,victim_16_,"(11, 11)",16,67,0.875,28.1454918384552,Argo,False,
mission_nocomm,PA24,will,1068,1750162450,"(10, 11)",B2,True,drop_victim,victim_15_,"(10, 11)",15,72,0.875,32.41693305969238,Argo,True,True
mission_nocomm,PA24,human,1101,1750162453,"(11, 11)",C2,False,drop_victim,victim_16_,"(11, 11)",16,77,0.9375,34.279582023620605,Argo,True,True
mission_comm,PA70,human,61,1752153183,"(11, 2)",A2,True,take_victim,victim_1_,"(8, 8)",1,0,0.0,0.0,Bolt,False,
mission_comm,PA70,nowill,69,1752153184,"(10, 17)",C2,True,take_victim,victim_6_,"(9, 9)",6,0,0.0,0.0,Bolt,False,
mission_comm,PA70,human,94,1752153186,"(8, 8)",A2,True,drop_victim,victim_1_,"(8, 8)",1,5,0.0,0.0,Bolt,True,True
mission_comm,PA70,human,139,1752153191,"(1, 10)",D2,False,take_victim,victim_2_,"(9, 8)",2,5,0.0625,0.0,Bolt,False,
mission_comm,PA70,human,179,1752153195,"(9, 8)",D2,False,drop_victim,victim_2_,"(9, 8)",2,10,0.0625,0.0,Bolt,True,True
mission_comm,PA70,human,248,1752153202,"(2, 11)",D2,False,take_victim,victim_3_,"(10, 8)",3,10,0.125,0.0,Bolt,False,
mission_comm,PA70,human,287,1752153207,"(10, 8)",D2,False,drop_victim,victim_3_,"(10, 8)",3,15,0.125,0.0,Bolt,True,True
mission_comm,PA70,human,300,1752153208,"(10, 4)",A1,True,take_victim,victim_5_,"(8, 9)",5,15,0.1875,0.0,Bolt,False,
mission_comm,PA70,human,336,1752153212,"(8, 9)",A1,True,drop_victim,victim_5_,"(8, 9)",5,17,0.1875,0.0,Bolt,True,False
mission_comm,PA70,human,355,1752153214,"(8, 3)",A1,True,take_victim,victim_4_,"(11, 8)",4,17,0.25,0.0,Bolt,False,
mission_comm,PA70,human,378,1752153216,"(11, 8)",A1,True,drop_victim,victim_4_,"(11, 8)",4,22,0.25,0.0,Bolt,True,True
mission_comm,PA70,nowill,379,1752153216,"(9, 9)",C2,True,drop_victim,victim_6_,"(9, 9)",6,27,0.3125,0.0,Bolt,True,True
mission_comm,PA70,human,418,1752153220,"(3, 8)",D1,False,take_victim,victim_7_,"(10, 9)",7,27,0.375,0.0,Bolt,False,
mission_comm,PA70,nowill,421,1752153221,"(15, 9)",B1,True,take_victim,victim_8_,"(11, 9)",8,27,0.375,0.0,Bolt,False,
mission_comm,PA70,human,446,1752153223,"(10, 9)",D1,False,drop_victim,victim_7_,"(10, 9)",7,32,0.375,0.0,Bolt,True,True
mission_comm,PA70,nowill,481,1752153227,"(11, 9)",B1,True,drop_victim,victim_8_,"(11, 9)",8,37,0.4375,0.0,Bolt,True,True
mission_comm,PA70,human,497,1752153229,"(7, 1)",A2,True,take_victim,victim_10_,"(9, 10)",10,37,0.5,0.0,Bolt,False,
mission_comm,PA70,nowill,533,1752153232,"(16, 8)",B1,True,take_victim,victim_9_,"(8, 10)",9,37,0.5,0.0,Bolt,False,
mission_comm,PA70,nowill,613,1752153241,"(8, 10)",B1,True,drop_victim,victim_9_,"(8, 10)",9,42,0.5,0.0,Bolt,True,True
mission_comm,PA70,human,622,1752153242,"(9, 10)",A2,True,drop_victim,victim_10_,"(9, 10)",10,47,0.5625,0.0,Bolt,True,True
mission_comm,PA70,human,652,1752153245,"(4, 9)",D1,False,take_victim,victim_12_,"(11, 10)",12,47,0.625,0.0,Bolt,False,
mission_comm,PA70,nowill,685,1752153248,"(17, 9)",B2,True,take_victim,victim_11_,"(10, 10)",11,47,0.625,0.0,Bolt,False,
mission_comm,PA70,nowill,775,1752153258,"(10, 10)",B2,True,drop_victim,victim_11_,"(10, 10)",11,52,0.625,0.0,Bolt,True,True
mission_comm,PA70,human,782,1752153259,"(11, 10)",D1,False,drop_victim,victim_12_,"(11, 10)",12,57,0.6875,0.0,Bolt,True,True
mission_comm,PA70,nowill,857,1752153266,"(18, 11)",B2,True,take_victim,victim_13_,"(8, 11)",13,57,0.75,0.0,Bolt,False,
mission_comm,PA70,nowill,965,1752153278,"(8, 11)",B2,True,drop_victim,victim_13_,"(8, 11)",13,62,0.75,0.0,Bolt,True,True
mission_comm,PA70,nowill,1045,1752153286,"(9, 18)",C2,True,take_victim,victim_14_,"(9, 11)",14,62,0.8125,0.0,Bolt,False,
mission_comm,PA70,nowill,1147,1752153297,"(9, 11)",C2,True,drop_victim,victim_14_,"(9, 11)",14,67,0.8125,0.0,Bolt,True,True
mission_comm,PA70,nowill,1185,1752153301,"(11, 15)",C1,True,take_victim,victim_15_,"(10, 11)",15,67,0.875,0.0,Bolt,False,
mission_comm,PA70,nowill,1245,1752153307,"(10, 11)",C1,True,drop_victim,victim_15_,"(10, 11)",15,72,0.875,0.0,Bolt,True,True
mission_comm,PA70,nowill,1297,1752153313,"(8, 16)",C1,True,take_victim,victim_16_,"(11, 11)",16,72,0.9375,0.0,Bolt,False,
mission_comm,PA70,nowill,1371,1752153320,"(11, 11)",C1,True,drop_victim,victim_16_,"(11, 11)",16,77,0.9375,0.0,Bolt,True,True
mission_comm,PA70,will,17,1752153532,"(1, 11)",D2,True,take_victim,victim_1_,"(8, 8)",1,0,0.0,0.0,Argo,False,
mission_comm,PA70,will,35,1752153534,"(8, 8)",D2,True,drop_victim,victim_1_,"(8, 8)",1,5,0.0,0.0,Argo,True,True
mission_comm,PA70,human,103,1752153541,"(16, 7)",B1,False,take_victim,victim_2_,"(9, 8)",2,5,0.0625,5.775214910507202,Argo,False,
mission_comm,PA70,will,107,1752153542,"(9, 17)",C2,True,take_victim,victim_3_,"(10, 8)",3,5,0.0625,6.184602975845337,Argo,False,
mission_comm,PA70,human,162,1752153548,"(9, 8)",B1,False,drop_victim,victim_2_,"(9, 8)",2,10,0.0625,9.951154947280884,Argo,True,True
mission_comm,PA70,human,196,1752153551,"(11, 3)",A1,True,take_victim,victim_4_,"(11, 8)",4,10,0.125,9.951154947280884,Argo,False,
mission_comm,PA70,will,201,1752153552,"(10, 8)",C2,True,drop_victim,victim_3_,"(10, 8)",3,15,0.125,9.951154947280884,Argo,True,True
mission_comm,PA70,human,213,1752153553,"(11, 8)",A1,True,drop_victim,victim_4_,"(11, 8)",4,20,0.1875,9.951154947280884,Argo,True,True
mission_comm,PA70,will,287,1752153561,"(8, 18)",C2,True,take_victim,victim_5_,"(8, 9)",5,20,0.25,14.37811803817749,Argo,False,
mission_comm,PA70,human,354,1752153568,"(18, 11)",B2,False,take_victim,victim_6_,"(9, 9)",6,20,0.25,21.412472009658813,Argo,False,
mission_comm,PA70,will,393,1752153572,"(8, 9)",C2,True,drop_victim,victim_5_,"(8, 9)",5,25,0.25,25.396257162094116,Argo,True,True
mission_comm,PA70,will,449,1752153578,"(7, 16)",C1,True,take_victim,victim_8_,"(11, 9)",8,25,0.3125,28.8351891040802,Argo,False,
mission_comm,PA70,human,458,1752153579,"(9, 9)",B2,False,drop_victim,victim_6_,"(9, 9)",6,30,0.3125,28.8351891040802,Argo,True,True
mission_comm,PA70,human,519,1752153585,"(15, 8)",B1,False,take_victim,victim_7_,"(10, 9)",7,30,0.375,33.662006855010986,Argo,False,
mission_comm,PA70,human,564,1752153590,"(10, 9)",B1,False,drop_victim,victim_7_,"(10, 9)",7,35,0.375,36.92687392234802,Argo,True,True
mission_comm,PA70,will,565,1752153590,"(11, 9)",C1,True,drop_victim,victim_8_,"(11, 9)",8,40,0.4375,36.92687392234802,Argo,True,True
mission_comm,PA70,will,607,1752153594,"(12, 15)",C1,True,take_victim,victim_9_,"(8, 10)",9,40,0.5,37.031407833099365,Argo,False,
mission_comm,PA70,will,669,1752153601,"(8, 10)",C1,True,drop_victim,victim_9_,"(8, 10)",9,45,0.5,43.11771178245544,Argo,True,True
mission_comm,PA70,human,679,1752153602,"(17, 10)",B2,False,take_victim,victim_10_,"(9, 10)",10,45,0.5625,44.58463382720947,Argo,False,
mission_comm,PA70,will,685,1752153602,"(3, 9)",D1,True,take_victim,victim_11_,"(10, 10)",11,45,0.5625,45.003663778305054,Argo,False,
mission_comm,PA70,human,744,1752153609,"(9, 10)",B2,False,drop_victim,victim_10_,"(9, 10)",10,50,0.5625,49.70868897438049,Argo,True,True
mission_comm,PA70,will,745,1752153609,"(10, 10)",D1,True,drop_victim,victim_11_,"(10, 10)",11,55,0.625,49.70868897438049,Argo,True,True
mission_comm,PA70,will,767,1752153611,"(2, 7)",D2,True,take_victim,victim_13_,"(8, 11)",13,55,0.6875,49.70868897438049,Argo,False,
mission_comm,PA70,human,773,1752153612,"(8, 1)",A2,True,take_victim,victim_12_,"(11, 10)",12,55,0.6875,49.70868897438049,Argo,False,
mission_comm,PA70,human,805,1752153615,"(11, 10)",A2,True,drop_victim,victim_12_,"(11, 10)",12,60,0.6875,49.70868897438049,Argo,True,True
mission_comm,PA70,will,806,1752153615,"(8, 11)",D2,True,drop_victim,victim_13_,"(8, 11)",13,65,0.75,49.70868897438049,Argo,True,True
mission_comm,PA70,will,820,1752153617,"(4, 7)",D1,True,take_victim,victim_14_,"(9, 11)",14,65,0.8125,49.70868897438049,Argo,False,
mission_comm,PA70,will,834,1752153618,"(9, 11)",D1,True,drop_victim,victim_14_,"(9, 11)",14,70,0.8125,49.70868897438049,Argo,True,True
mission_comm,PA70,human,846,1752153619,"(7, 2)",A2,True,take_victim,victim_15_,"(10, 11)",15,70,0.875,49.70868897438049,Argo,False,
mission_comm,PA70,human,877,1752153623,"(10, 11)",A2,True,drop_victim,victim_15_,"(10, 11)",15,75,0.875,49.70868897438049,Argo,True,True
mission_comm,PA70,human,913,1752153626,"(7, 4)",A1,True,take_victim,victim_16_,"(11, 11)",16,75,0.9375,49.70868897438049,Argo,False,
mission_comm,PA70,human,943,1752153629,"(11, 11)",A1,True,drop_victim,victim_16_,"(11, 11)",16,80,0.9375,49.70868897438049,Argo,True,True
mission_nocomm,PA48,nowill,69,1751530376,"(8, 17)",C2,True,take_victim,victim_1_,"(8, 8)",1,0,0.0,0.0,Bolt,False,
mission_nocomm,PA48,human,103,1751530380,"(10, 4)",A1,True,take_victim,victim_12_,"(11, 10)",12,0,0.0,0.0,Bolt,False,
mission_nocomm,PA48,nowill,163,1751530386,"(8, 8)",C2,True,drop_victim,victim_1_,"(8, 8)",1,5,0.0,0.0,Bolt,True,True
mission_nocomm,PA48,human,182,1751530388,"(7, 3)",A1,True,take_victim,victim_8_,"(11, 9)",8,5,0.0625,0.0,Bolt,False,
mission_nocomm,PA48,nowill,221,1751530392,"(7, 16)",C1,True,take_victim,victim_4_,"(11, 8)",4,5,0.0625,0.0,Bolt,False,
mission_nocomm,PA48,human,277,1751530398,"(10, 1)",A2,True,take_victim,victim_2_,"(9, 8)",2,5,0.0625,0.0,Bolt,False,
mission_nocomm,PA48,human,305,1751530401,"(9, 8)",A2,True,drop_victim,victim_2_,"(9, 8)",2,10,0.0625,0.0,Bolt,True,True
mission_nocomm,PA48,human,419,1751530413,"(16, 12)",B1,True,take_victim,victim_3_,"(10, 8)",3,10,0.125,9.137385845184326,Bolt,False,
mission_nocomm,PA48,human,511,1751530423,"(10, 8)",B1,True,drop_victim,victim_3_,"(10, 8)",3,15,0.125,15.9356050491333,Bolt,True,True
mission_nocomm,PA48,nowill,512,1751530423,"(11, 8)",C1,True,drop_victim,victim_4_,"(11, 8)",4,20,0.1875,15.9356050491333,Bolt,True,True
mission_nocomm,PA48,nowill,532,1751530425,"(4, 11)",D1,True,take_victim,victim_5_,"(8, 9)",5,20,0.25,15.9356050491333,Bolt,False,
mission_nocomm,PA48,nowill,544,1751530426,"(8, 9)",D1,True,drop_victim,victim_5_,"(8, 9)",5,25,0.25,15.9356050491333,Bolt,True,True
mission_nocomm,PA48,nowill,564,1751530428,"(1, 11)",D2,True,take_victim,victim_7_,"(10, 9)",7,25,0.3125,17.076828002929688,Bolt,False,
mission_nocomm,PA48,human,616,1751530434,"(15, 10)",B1,True,take_victim,victim_6_,"(9, 9)",6,25,0.3125,23.142353057861328,Bolt,False,
mission_nocomm,PA48,human,667,1751530439,"(9, 9)",B1,True,drop_victim,victim_6_,"(9, 9)",6,30,0.3125,26.395188093185425,Bolt,True,True
mission_nocomm,PA48,nowill,668,1751530439,"(10, 9)",D2,True,drop_victim,victim_7_,"(10, 9)",7,35,0.375,26.395188093185425,Bolt,True,True
mission_nocomm,PA48,human,689,1751530441,"(8, 5)",A1,True,take_victim,victim_8_,"(11, 9)",8,35,0.4375,26.395188093185425,Bolt,False,
mission_nocomm,PA48,human,719,1751530444,"(11, 9)",A1,True,drop_victim,victim_8_,"(11, 9)",8,40,0.4375,26.395188093185425,Bolt,True,True
mission_nocomm,PA48,nowill,752,1751530448,"(7, 18)",C2,True,take_victim,victim_9_,"(8, 10)",9,40,0.5,26.395188093185425,Bolt,False,
mission_nocomm,PA48,human,817,1751530455,"(12, 2)",A2,True,take_victim,victim_13_,"(8, 11)",13,40,0.5,26.395188093185425,Bolt,False,
mission_nocomm,PA48,nowill,856,1751530459,"(8, 10)",C2,True,drop_victim,victim_9_,"(8, 10)",9,45,0.5,26.395188093185425,Bolt,True,True
mission_nocomm,PA48,nowill,874,1751530461,"(2, 12)",D2,True,take_victim,victim_10_,"(9, 10)",10,45,0.5625,26.395188093185425,Bolt,False,
mission_nocomm,PA48,nowill,892,1751530463,"(9, 10)",D2,True,drop_victim,victim_10_,"(9, 10)",10,50,0.5625,27.439240217208862,Bolt,True,True
mission_nocomm,PA48,human,931,1751530467,"(18, 7)",B2,True,take_victim,victim_14_,"(9, 11)",14,50,0.625,32.16208028793335,Bolt,False,
mission_nocomm,PA48,nowill,932,1751530467,"(11, 15)",C1,True,take_victim,victim_11_,"(10, 10)",11,50,0.625,32.26562023162842,Bolt,False,
mission_nocomm,PA48,nowill,994,1751530473,"(10, 10)",C1,True,drop_victim,victim_11_,"(10, 10)",11,55,0.625,38.54429030418396,Bolt,True,True
mission_nocomm,PA48,nowill,1014,1751530475,"(3, 9)",D1,True,take_victim,victim_16_,"(11, 11)",16,55,0.6875,38.54429030418396,Bolt,False,
mission_nocomm,PA48,human,1090,1751530483,"(7, 6)",A1,True,take_victim,victim_12_,"(11, 10)",12,55,0.6875,38.54429030418396,Bolt,False,
mission_nocomm,PA48,human,1126,1751530487,"(11, 10)",A1,True,drop_victim,victim_12_,"(11, 10)",12,60,0.6875,38.54429030418396,Bolt,True,True
mission_nocomm,PA48,human,1168,1751530492,"(11, 6)",A2,True,take_victim,victim_13_,"(8, 11)",13,60,0.75,38.54429030418396,Bolt,False,
mission_nocomm,PA48,human,1202,1751530495,"(7, 11)",A2,True,take_victim,victim_13_,"(8, 11)",13,60,0.75,38.54429030418396,Bolt,False,
mission_nocomm,PA48,human,1210,1751530496,"(8, 11)",A2,True,drop_victim,victim_13_,"(8, 11)",13,65,0.75,38.54429030418396,Bolt,True,True
mission_nocomm,PA48,human,1240,1751530499,"(12, 6)",B2,True,take_victim,victim_14_,"(9, 11)",14,65,0.8125,38.54429030418396,Bolt,False,
mission_nocomm,PA48,human,1261,1751530501,"(9, 11)",B2,True,drop_victim,victim_14_,"(9, 11)",14,70,0.8125,38.54429030418396,Bolt,True,True
mission_nocomm,PA48,human,1348,1751530510,"(17, 12)",B2,True,take_victim,victim_15_,"(10, 11)",15,70,0.875,46.21062636375427,Bolt,False,
mission_nocomm,PA48,human,1424,1751530518,"(10, 11)",B2,True,drop_victim,victim_15_,"(10, 11)",15,75,0.875,52.692071199417114,Bolt,True,True
mission_nocomm,PA48,nowill,1425,1751530519,"(11, 11)",D1,True,drop_victim,victim_16_,"(11, 11)",16,80,0.9375,52.692071199417114,Bolt,True,True
mission_nocomm,PA48,will,83,1751530675,"(11, 18)",C2,True,take_victim,victim_1_,"(8, 8)",1,0,0.0,0.0,Argo,False,
mission_nocomm,PA48,will,191,1751530686,"(8, 8)",C2,True,drop_victim,victim_1_,"(8, 8)",1,5,0.0,5.430573225021362,Argo,True,True
mission_nocomm,PA48,human,194,1751530686,"(15, 10)",B1,True,take_victim,victim_3_,"(10, 8)",3,5,0.0625,5.746520280838013,Argo,False,
mission_nocomm,PA48,will,209,1751530688,"(2, 10)",D2,True,take_victim,victim_5_,"(8, 9)",5,5,0.0625,7.111064195632935,Argo,False,
mission_nocomm,PA48,human,302,1751530697,"(12, 4)",A1,True,take_victim,victim_2_,"(9, 8)",2,5,0.0625,11.08556604385376,Argo,False,
mission_nocomm,PA48,human,331,1751530700,"(9, 8)",A1,True,drop_victim,victim_2_,"(9, 8)",2,10,0.0625,11.08556604385376,Argo,True,True
mission_nocomm,PA48,human,345,1751530702,"(10, 7)",B1,True,take_victim,victim_3_,"(10, 8)",3,10,0.125,11.08556604385376,Argo,False,
mission_nocomm,PA48,human,353,1751530703,"(10, 8)",B1,True,drop_victim,victim_3_,"(10, 8)",3,15,0.125,11.08556604385376,Argo,True,True
mission_nocomm,PA48,human,377,1751530705,"(4, 9)",D1,True,take_victim,victim_4_,"(11, 8)",4,15,0.1875,11.08556604385376,Argo,False,
mission_nocomm,PA48,human,411,1751530709,"(11, 8)",D1,True,drop_victim,victim_4_,"(11, 8)",4,20,0.1875,11.08556604385376,Argo,True,True
mission_nocomm,PA48,will,412,1751530709,"(8, 9)",D2,True,drop_victim,victim_5_,"(8, 9)",5,25,0.25,11.08556604385376,Argo,True,True
mission_nocomm,PA48,will,484,1751530716,"(17, 12)",B2,True,take_victim,victim_6_,"(9, 9)",6,25,0.3125,11.08556604385376,Argo,False,
mission_nocomm,PA48,will,576,1751530726,"(9, 9)",B2,True,drop_victim,victim_6_,"(9, 9)",6,30,0.3125,11.08556604385376,Argo,True,True
mission_nocomm,PA48,will,598,1751530728,"(10, 1)",A2,True,take_victim,victim_7_,"(10, 9)",7,30,0.375,11.08556604385376,Argo,False,
mission_nocomm,PA48,will,618,1751530731,"(10, 9)",A2,True,drop_victim,victim_7_,"(10, 9)",7,35,0.375,11.08556604385376,Argo,True,True
mission_nocomm,PA48,human,635,1751530732,"(3, 11)",D1,True,take_victim,victim_10_,"(9, 10)",10,35,0.4375,11.08556604385376,Argo,False,
mission_nocomm,PA48,will,700,1751530739,"(18, 7)",B2,True,take_victim,victim_8_,"(11, 9)",8,35,0.4375,11.08556604385376,Argo,False,
mission_nocomm,PA48,human,703,1751530739,"(7, 3)",A1,True,take_victim,victim_11_,"(10, 10)",11,35,0.4375,11.08556604385376,Argo,False,
mission_nocomm,PA48,will,802,1751530750,"(11, 9)",B2,True,drop_victim,victim_8_,"(11, 9)",8,40,0.4375,14.216994762420654,Argo,True,True
mission_nocomm,PA48,human,813,1751530751,"(8, 15)",C1,True,take_victim,victim_15_,"(10, 11)",15,40,0.5,15.798975944519045,Argo,False,
mission_nocomm,PA48,will,822,1751530752,"(12, 2)",A2,True,take_victim,victim_9_,"(8, 10)",9,40,0.5,16.325779914855957,Argo,False,
mission_nocomm,PA48,will,842,1751530754,"(8, 10)",A2,True,drop_victim,victim_9_,"(8, 10)",9,45,0.5,18.207794904708862,Argo,True,True
mission_nocomm,PA48,human,909,1751530761,"(6, 10)",D1,True,take_victim,victim_10_,"(9, 10)",10,45,0.5625,19.146177768707275,Argo,False,
mission_nocomm,PA48,will,910,1751530761,"(7, 17)",C2,True,take_victim,victim_14_,"(9, 11)",14,45,0.5625,19.146177768707275,Argo,False,
mission_nocomm,PA48,human,924,1751530763,"(9, 10)",D1,True,drop_victim,victim_10_,"(9, 10)",10,50,0.5625,19.146177768707275,Argo,True,True
mission_nocomm,PA48,human,945,1751530765,"(6, 9)",A1,True,take_victim,victim_11_,"(10, 10)",11,50,0.625,19.146177768707275,Argo,False,
mission_nocomm,PA48,human,977,1751530768,"(10, 10)",A1,True,drop_victim,victim_11_,"(10, 10)",11,55,0.625,19.146177768707275,Argo,True,True
mission_nocomm,PA48,human,1061,1751530777,"(16, 7)",B1,True,take_victim,victim_12_,"(11, 10)",12,55,0.6875,26.901689767837524,Argo,False,
mission_nocomm,PA48,human,1118,1751530783,"(11, 10)",B1,True,drop_victim,victim_12_,"(11, 10)",12,60,0.6875,31.098970651626587,Argo,True,True
mission_nocomm,PA48,human,1213,1751530793,"(9, 16)",C1,True,take_victim,victim_13_,"(8, 11)",13,60,0.75,37.80455946922302,Argo,False,
mission_nocomm,PA48,human,1274,1751530799,"(8, 11)",C1,True,drop_victim,victim_13_,"(8, 11)",13,65,0.75,42.11824035644531,Argo,True,True
mission_nocomm,PA48,will,1275,1751530799,"(9, 11)",C2,True,drop_victim,victim_14_,"(9, 11)",14,70,0.8125,42.11824035644531,Argo,True,True
mission_nocomm,PA48,human,1286,1751530801,"(7, 11)",C1,True,take_victim,victim_15_,"(10, 11)",15,70,0.875,42.11824035644531,Argo,False,
mission_nocomm,PA48,will,1297,1751530802,"(1, 9)",D2,True,take_victim,victim_16_,"(11, 11)",16,70,0.875,42.11824035644531,Argo,False,
mission_nocomm,PA48,human,1302,1751530802,"(10, 11)",C1,True,drop_victim,victim_15_,"(10, 11)",15,75,0.875,42.11824035644531,Argo,True,True
mission_nocomm,PA48,will,1321,1751530804,"(11, 11)",D2,True,drop_victim,victim_16_,"(11, 11)",16,80,0.9375,42.11824035644531,Argo,True,True
mission_comm,PA41,will,41,1751371996,"(10, 15)",C1,True,take_victim,victim_3_,"(10, 8)",3,0,0.0,0.0,Bolt,False,
mission_comm,PA41,human,121,1751372005,"(4, 10)",D1,False,take_victim,victim_2_,"(9, 8)",2,0,0.0,0.0,Bolt,False,
mission_comm,PA41,human,219,1751372015,"(1, 12)",D2,False,take_victim,victim_1_,"(8, 8)",1,0,0.0,0.0,Bolt,False,
mission_comm,PA41,human,256,1751372019,"(8, 8)",D2,False,drop_victim,victim_1_,"(8, 8)",1,5,0.0,0.0,Bolt,True,True
mission_comm,PA41,human,294,1751372023,"(3, 10)",D1,False,take_victim,victim_2_,"(9, 8)",2,5,0.0625,0.0,Bolt,False,
mission_comm,PA41,human,330,1751372027,"(9, 8)",D1,False,drop_victim,victim_2_,"(9, 8)",2,10,0.0625,0.0,Bolt,True,True
mission_comm,PA41,will,331,1751372027,"(10, 8)",C1,True,drop_victim,victim_3_,"(10, 8)",3,15,0.125,0.0,Bolt,True,True
mission_comm,PA41,human,370,1751372031,"(10, 3)",A1,True,take_victim,victim_4_,"(11, 8)",4,15,0.1875,0.0,Bolt,False,
mission_comm,PA41,will,385,1751372032,"(16, 10)",B1,True,take_victim,victim_5_,"(8, 9)",5,15,0.1875,0.0,Bolt,False,
mission_comm,PA41,human,395,1751372033,"(11, 8)",A1,True,drop_victim,victim_4_,"(11, 8)",4,20,0.1875,0.0,Bolt,True,True
mission_comm,PA41,human,463,1751372040,"(2, 7)",D2,False,take_victim,victim_6_,"(9, 9)",6,20,0.25,0.0,Bolt,False,
mission_comm,PA41,will,465,1751372041,"(8, 9)",B1,True,drop_victim,victim_5_,"(8, 9)",5,25,0.25,0.0,Bolt,True,True
mission_comm,PA41,human,497,1751372044,"(9, 9)",D2,False,drop_victim,victim_6_,"(9, 9)",6,30,0.3125,0.0,Bolt,True,True
mission_comm,PA41,human,541,1751372049,"(12, 1)",A2,True,take_victim,victim_7_,"(10, 9)",7,30,0.375,0.0,Bolt,False,
mission_comm,PA41,will,551,1751372050,"(18, 9)",B2,True,take_victim,victim_8_,"(11, 9)",8,30,0.375,0.0,Bolt,False,
mission_comm,PA41,human,574,1751372052,"(10, 9)",A2,True,drop_victim,victim_7_,"(10, 9)",7,35,0.375,0.0,Bolt,True,True
mission_comm,PA41,human,637,1751372059,"(3, 9)",D1,False,take_victim,victim_10_,"(9, 10)",10,35,0.4375,0.0,Bolt,False,
mission_comm,PA41,will,653,1751372060,"(11, 9)",B2,True,drop_victim,victim_8_,"(11, 9)",8,40,0.4375,0.0,Bolt,True,True
mission_comm,PA41,will,719,1751372067,"(17, 12)",B2,True,take_victim,victim_9_,"(8, 10)",9,40,0.5,0.0,Bolt,False,
mission_comm,PA41,will,825,1751372078,"(8, 10)",B2,True,drop_victim,victim_9_,"(8, 10)",9,45,0.5,0.0,Bolt,True,True
mission_comm,PA41,human,843,1751372080,"(9, 10)",D1,False,drop_victim,victim_10_,"(9, 10)",10,50,0.5625,0.0,Bolt,True,True
mission_comm,PA41,will,869,1751372083,"(15, 11)",B1,True,take_victim,victim_11_,"(10, 10)",11,50,0.625,0.0,Bolt,False,
mission_comm,PA41,human,895,1751372086,"(11, 2)",A2,True,take_victim,victim_12_,"(11, 10)",12,50,0.625,0.0,Bolt,False,
mission_comm,PA41,will,931,1751372090,"(10, 10)",B1,True,drop_victim,victim_11_,"(10, 10)",11,55,0.625,0.0,Bolt,True,True
mission_comm,PA41,human,946,1751372091,"(11, 10)",A2,True,drop_victim,victim_12_,"(11, 10)",12,60,0.6875,0.0,Bolt,True,True
mission_comm,PA41,human,995,1751372096,"(7, 4)",A1,True,take_victim,victim_15_,"(10, 11)",15,60,0.75,0.0,Bolt,False,
mission_comm,PA41,will,1013,1751372098,"(7, 18)",C2,True,take_victim,victim_13_,"(8, 11)",13,60,0.75,0.0,Bolt,False,
mission_comm,PA41,will,1115,1751372109,"(8, 11)",C2,True,drop_victim,victim_13_,"(8, 11)",13,65,0.75,0.0,Bolt,True,True
mission_comm,PA41,will,1181,1751372116,"(11, 17)",C2,True,take_victim,victim_14_,"(9, 11)",14,65,0.8125,0.0,Bolt,False,
mission_comm,PA41,will,1269,1751372125,"(9, 11)",C2,True,drop_victim,victim_14_,"(9, 11)",14,70,0.8125,0.0,Bolt,True,True
mission_comm,PA41,human,1281,1751372126,"(10, 11)",A1,True,drop_victim,victim_15_,"(10, 11)",15,75,0.875,0.0,Bolt,True,True
mission_comm,PA41,will,1321,1751372131,"(7, 16)",C1,True,take_victim,victim_16_,"(11, 11)",16,75,0.9375,0.0,Bolt,False,
mission_comm,PA41,will,1395,1751372138,"(11, 11)",C1,True,drop_victim,victim_16_,"(11, 11)",16,80,0.9375,0.0,Bolt,True,True
mission_comm,PA41,nowill,69,1751372470,"(12, 17)",C2,True,take_victim,victim_1_,"(8, 8)",1,0,0.0,0.0,Argo,False,
mission_comm,PA41,human,128,1751372477,"(7, 1)",A2,True,take_victim,victim_3_,"(10, 8)",3,0,0.0,0.0,Argo,False,
mission_comm,PA41,nowill,163,1751372480,"(8, 8)",C2,True,drop_victim,victim_1_,"(8, 8)",1,5,0.0,0.0,Argo,True,True
mission_comm,PA41,nowill,235,1751372488,"(17, 12)",B2,True,take_victim,victim_2_,"(9, 8)",2,5,0.0625,0.0,Argo,False,
mission_comm,PA41,nowill,327,1751372497,"(9, 8)",B2,True,drop_victim,victim_2_,"(9, 8)",2,10,0.0625,0.0,Argo,True,True
mission_comm,PA41,human,345,1751372499,"(10, 8)",A2,True,drop_victim,victim_3_,"(10, 8)",3,15,0.125,0.0,Argo,True,True
mission_comm,PA41,nowill,385,1751372504,"(9, 16)",C1,True,take_victim,victim_4_,"(11, 8)",4,15,0.1875,0.0,Argo,False,
mission_comm,PA41,human,425,1751372508,"(3, 9)",D1,False,take_victim,victim_6_,"(9, 9)",6,15,0.1875,0.0,Argo,False,
mission_comm,PA41,nowill,465,1751372512,"(11, 8)",C1,True,drop_victim,victim_4_,"(11, 8)",4,20,0.1875,0.0,Argo,True,True
mission_comm,PA41,nowill,551,1751372521,"(11, 18)",C2,True,take_victim,victim_5_,"(8, 9)",5,20,0.25,0.0,Argo,False,
mission_comm,PA41,nowill,657,1751372532,"(8, 9)",C2,True,drop_victim,victim_5_,"(8, 9)",5,25,0.25,0.0,Argo,True,True
mission_comm,PA41,human,685,1751372535,"(9, 9)",D1,False,drop_victim,victim_6_,"(9, 9)",6,30,0.3125,0.0,Argo,True,True
mission_comm,PA41,nowill,715,1751372538,"(16, 9)",B1,True,take_victim,victim_8_,"(11, 9)",8,30,0.375,0.0,Argo,False,
mission_comm,PA41,human,723,1751372539,"(12, 2)",A2,True,take_victim,victim_7_,"(10, 9)",7,30,0.375,0.0,Argo,False,
mission_comm,PA41,human,758,1751372543,"(10, 9)",A2,True,drop_victim,victim_7_,"(10, 9)",7,35,0.375,0.0,Argo,True,True
mission_comm,PA41,nowill,789,1751372546,"(11, 9)",B1,True,drop_victim,victim_8_,"(11, 9)",8,40,0.4375,0.0,Argo,True,True
mission_comm,PA41,human,822,1751372549,"(4, 10)",D1,False,take_victim,victim_10_,"(9, 10)",10,40,0.5,0.0,Argo,False,
mission_comm,PA41,nowill,869,1751372554,"(18, 9)",B2,True,take_victim,victim_9_,"(8, 10)",9,40,0.5,0.0,Argo,False,
mission_comm,PA41,nowill,977,1751372566,"(8, 10)",B2,True,drop_victim,victim_9_,"(8, 10)",9,45,0.5,0.0,Argo,True,True
mission_comm,PA41,human,990,1751372567,"(9, 10)",D1,False,drop_victim,victim_10_,"(9, 10)",10,50,0.5625,0.0,Argo,True,True
mission_comm,PA41,human,1018,1751372570,"(8, 3)",A1,True,take_victim,victim_11_,"(10, 10)",11,50,0.625,0.0,Argo,False,
mission_comm,PA41,nowill,1021,1751372570,"(15, 11)",B1,True,take_victim,victim_12_,"(11, 10)",12,50,0.625,0.0,Argo,False,
mission_comm,PA41,human,1055,1751372574,"(10, 10)",A1,True,drop_victim,victim_11_,"(10, 10)",11,55,0.625,0.0,Argo,True,True
mission_comm,PA41,nowill,1081,1751372577,"(11, 10)",B1,True,drop_victim,victim_12_,"(11, 10)",12,60,0.6875,0.0,Argo,True,True
mission_comm,PA41,human,1110,1751372580,"(1, 8)",D2,False,take_victim,victim_13_,"(8, 11)",13,60,0.75,0.0,Argo,False,
mission_comm,PA41,nowill,1121,1751372581,"(8, 15)",C1,True,take_victim,victim_15_,"(10, 11)",15,60,0.75,0.0,Argo,False,
mission_comm,PA41,human,1151,1751372584,"(8, 11)",D2,False,drop_victim,victim_13_,"(8, 11)",13,65,0.75,0.0,Argo,True,True
mission_comm,PA41,human,1204,1751372590,"(9, 4)",A1,True,take_victim,victim_14_,"(9, 11)",14,65,0.8125,0.0,Argo,False,
mission_comm,PA41,human,1224,1751372592,"(9, 11)",A1,True,drop_victim,victim_14_,"(9, 11)",14,70,0.8125,0.0,Argo,True,True
mission_comm,PA41,nowill,1225,1751372592,"(10, 11)",C1,True,drop_victim,victim_15_,"(10, 11)",15,75,0.875,0.0,Argo,True,True
mission_comm,PA41,human,1272,1751372597,"(2, 12)",D2,False,take_victim,victim_16_,"(11, 11)",16,75,0.9375,0.0,Argo,False,
mission_comm,PA41,human,1310,1751372601,"(11, 11)",D2,False,drop_victim,victim_16_,"(11, 11)",16,80,0.9375,0.0,Argo,True,True
mission_nocomm,PA46,will,73,1751458398,"(17, 10)",B2,True,take_victim,victim_3_,"(10, 8)",3,0,0.0,0.0,Argo,False,
mission_nocomm,PA46,human,270,1751458418,"(10, 2)",A2,True,take_victim,victim_1_,"(8, 8)",1,0,0.0,0.0,Argo,False,
mission_nocomm,PA46,human,314,1751458423,"(8, 8)",A2,True,drop_victim,victim_1_,"(8, 8)",1,5,0.0,0.0,Argo,True,True
mission_nocomm,PA46,human,352,1751458427,"(2, 9)",D2,True,take_victim,victim_2_,"(9, 8)",2,5,0.0625,0.0,Argo,False,
mission_nocomm,PA46,human,378,1751458430,"(9, 8)",D2,True,drop_victim,victim_2_,"(9, 8)",2,10,0.0625,0.0,Argo,True,True
mission_nocomm,PA46,will,379,1751458430,"(10, 8)",B2,True,drop_victim,victim_3_,"(10, 8)",3,15,0.125,0.0,Argo,True,True
mission_nocomm,PA46,will,419,1751458434,"(15, 12)",B1,True,take_victim,victim_7_,"(10, 9)",7,15,0.1875,0.0,Argo,False,
mission_nocomm,PA46,human,479,1751458440,"(11, 3)",A1,True,take_victim,victim_4_,"(11, 8)",4,15,0.1875,0.0,Argo,False,
mission_nocomm,PA46,human,501,1751458442,"(11, 8)",A1,True,drop_victim,victim_4_,"(11, 8)",4,20,0.1875,0.0,Argo,True,True
mission_nocomm,PA46,human,530,1751458446,"(9, 1)",A2,True,take_victim,victim_5_,"(8, 9)",5,20,0.25,0.0,Argo,False,
mission_nocomm,PA46,human,556,1751458448,"(8, 9)",A2,True,drop_victim,victim_5_,"(8, 9)",5,25,0.25,0.0,Argo,True,True
mission_nocomm,PA46,human,588,1751458452,"(4, 11)",D1,True,take_victim,victim_6_,"(9, 9)",6,25,0.3125,0.0,Argo,False,
mission_nocomm,PA46,human,607,1751458454,"(9, 9)",D1,True,drop_victim,victim_6_,"(9, 9)",6,30,0.3125,0.0,Argo,True,True
mission_nocomm,PA46,will,608,1751458454,"(10, 9)",B1,True,drop_victim,victim_7_,"(10, 9)",7,35,0.375,0.0,Argo,True,True
mission_nocomm,PA46,human,661,1751458459,"(9, 4)",A1,True,take_victim,victim_8_,"(11, 9)",8,35,0.4375,0.0,Argo,False,
mission_nocomm,PA46,will,662,1751458459,"(16, 11)",B1,True,take_victim,victim_9_,"(8, 10)",9,35,0.4375,0.0,Argo,False,
mission_nocomm,PA46,human,758,1751458469,"(11, 9)",A1,True,drop_victim,victim_8_,"(11, 9)",8,40,0.4375,0.0,Argo,True,True
mission_nocomm,PA46,will,759,1751458470,"(8, 10)",B1,True,drop_victim,victim_9_,"(8, 10)",9,45,0.5,0.0,Argo,True,True
mission_nocomm,PA46,human,801,1751458474,"(1, 11)",D2,True,take_victim,victim_10_,"(9, 10)",10,45,0.5625,0.0,Argo,False,
mission_nocomm,PA46,will,813,1751458475,"(7, 16)",C1,True,take_victim,victim_11_,"(10, 10)",11,45,0.5625,0.0,Argo,False,
mission_nocomm,PA46,human,832,1751458477,"(9, 10)",D2,True,drop_victim,victim_10_,"(9, 10)",10,50,0.5625,0.0,Argo,True,True
mission_nocomm,PA46,will,889,1751458483,"(10, 10)",C1,True,drop_victim,victim_11_,"(10, 10)",11,55,0.625,0.0,Argo,True,True
mission_nocomm,PA46,human,908,1751458485,"(3, 9)",D1,True,take_victim,victim_16_,"(11, 11)",16,55,0.6875,0.0,Argo,False,
mission_nocomm,PA46,will,971,1751458492,"(18, 12)",B2,True,take_victim,victim_12_,"(11, 10)",12,55,0.6875,0.0,Argo,False,
mission_nocomm,PA46,will,1073,1751458502,"(11, 10)",B2,True,drop_victim,victim_12_,"(11, 10)",12,60,0.6875,0.0,Argo,True,True
mission_nocomm,PA46,will,1155,1751458511,"(11, 18)",C2,True,take_victim,victim_13_,"(8, 11)",13,60,0.75,0.0,Argo,False,
mission_nocomm,PA46,will,1257,1751458522,"(8, 11)",C2,True,drop_victim,victim_13_,"(8, 11)",13,65,0.75,0.0,Argo,True,True
mission_nocomm,PA46,will,1323,1751458529,"(7, 17)",C2,True,take_victim,victim_14_,"(9, 11)",14,65,0.8125,0.0,Argo,False,
mission_nocomm,PA46,will,1411,1751458538,"(9, 11)",C2,True,drop_victim,victim_14_,"(9, 11)",14,70,0.8125,0.0,Argo,True,True
mission_nocomm,PA46,will,1449,1751458542,"(10, 15)",C1,True,take_victim,victim_15_,"(10, 11)",15,70,0.875,0.0,Argo,False,
mission_nocomm,PA46,will,1509,1751458548,"(10, 11)",C1,True,drop_victim,victim_15_,"(10, 11)",15,75,0.875,0.0,Argo,True,True
mission_nocomm,PA46,human,1525,1751458550,"(11, 11)",D1,True,drop_victim,victim_16_,"(11, 11)",16,80,0.9375,0.0,Argo,True,True
mission_nocomm,PA46,nowill,69,1751458777,"(8, 17)",C2,True,take_victim,victim_1_,"(8, 8)",1,0,0.0,0.0,Bolt,False,
mission_nocomm,PA46,human,100,1751458780,"(10, 3)",A1,True,take_victim,victim_2_,"(9, 8)",2,0,0.0,0.0,Bolt,False,
mission_nocomm,PA46,nowill,163,1751458786,"(8, 8)",C2,True,drop_victim,victim_1_,"(8, 8)",1,5,0.0,0.0,Bolt,True,True
mission_nocomm,PA46,human,171,1751458787,"(9, 8)",A1,True,drop_victim,victim_2_,"(9, 8)",2,10,0.0625,0.0,Bolt,True,True
mission_nocomm,PA46,nowill,179,1751458788,"(3, 7)",D1,True,take_victim,victim_3_,"(10, 8)",3,10,0.125,0.0,Bolt,False,
mission_nocomm,PA46,nowill,197,1751458790,"(10, 8)",D1,True,drop_victim,victim_3_,"(10, 8)",3,15,0.125,0.0,Bolt,True,True
mission_nocomm,PA46,nowill,221,1751458793,"(1, 11)",D2,True,take_victim,victim_6_,"(9, 9)",6,15,0.1875,0.6266140937805176,Bolt,False,
mission_nocomm,PA46,human,311,1751458802,"(17, 10)",B2,True,take_victim,victim_4_,"(11, 8)",4,15,0.1875,10.641350269317629,Bolt,False,
mission_nocomm,PA46,human,393,1751458810,"(11, 8)",B2,True,drop_victim,victim_4_,"(11, 8)",4,20,0.1875,17.609316110610962,Bolt,True,True
mission_nocomm,PA46,human,418,1751458813,"(11, 2)",A2,True,take_victim,victim_5_,"(8, 9)",5,20,0.25,17.609316110610962,Bolt,False,
mission_nocomm,PA46,human,451,1751458817,"(8, 9)",A2,True,drop_victim,victim_5_,"(8, 9)",5,25,0.25,17.609316110610962,Bolt,True,True
mission_nocomm,PA46,nowill,452,1751458817,"(9, 9)",D2,True,drop_victim,victim_6_,"(9, 9)",6,30,0.3125,17.609316110610962,Bolt,True,True
mission_nocomm,PA46,nowill,472,1751458819,"(2, 12)",D2,True,take_victim,victim_7_,"(10, 9)",7,30,0.375,17.609316110610962,Bolt,False,
mission_nocomm,PA46,nowill,492,1751458821,"(10, 9)",D2,True,drop_victim,victim_7_,"(10, 9)",7,35,0.375,17.609316110610962,Bolt,True,True
mission_nocomm,PA46,human,527,1751458825,"(7, 1)",A2,True,take_victim,victim_9_,"(8, 10)",9,35,0.4375,17.609316110610962,Bolt,False,
mission_nocomm,PA46,nowill,534,1751458825,"(11, 15)",C1,True,take_victim,victim_8_,"(11, 9)",8,35,0.4375,17.609316110610962,Bolt,False,
mission_nocomm,PA46,nowill,598,1751458832,"(11, 9)",C1,True,drop_victim,victim_8_,"(11, 9)",8,40,0.4375,17.609316110610962,Bolt,True,True
mission_nocomm,PA46,human,605,1751458833,"(8, 10)",A2,True,drop_victim,victim_9_,"(8, 10)",9,45,0.5,17.609316110610962,Bolt,True,True
mission_nocomm,PA46,nowill,618,1751458834,"(4, 11)",D1,True,take_victim,victim_11_,"(10, 10)",11,45,0.5625,17.609316110610962,Bolt,False,
mission_nocomm,PA46,human,633,1751458836,"(11, 4)",A1,True,take_victim,victim_10_,"(9, 10)",10,45,0.5625,17.609316110610962,Bolt,False,
mission_nocomm,PA46,human,660,1751458838,"(9, 10)",A1,True,drop_victim,victim_10_,"(9, 10)",10,50,0.5625,17.609316110610962,Bolt,True,True
mission_nocomm,PA46,nowill,661,1751458839,"(10, 10)",D1,True,drop_victim,victim_11_,"(10, 10)",11,55,0.625,17.609316110610962,Bolt,True,True
mission_nocomm,PA46,human,723,1751458845,"(15, 10)",B1,True,take_victim,victim_14_,"(9, 11)",14,55,0.6875,22.75181984901428,Bolt,False,
mission_nocomm,PA46,nowill,743,1751458847,"(10, 18)",C2,True,take_victim,victim_12_,"(11, 10)",12,55,0.6875,24.22037100791931,Bolt,False,
mission_nocomm,PA46,nowill,847,1751458858,"(11, 10)",C2,True,drop_victim,victim_12_,"(11, 10)",12,60,0.6875,26.09091281890869,Bolt,True,True
mission_nocomm,PA46,nowill,901,1751458864,"(8, 16)",C1,True,take_victim,victim_13_,"(8, 11)",13,60,0.75,28.90952205657959,Bolt,False,
mission_nocomm,PA46,human,948,1751458869,"(8, 11)",B1,True,take_victim,victim_14_,"(9, 11)",14,60,0.75,32.65743398666382,Bolt,False,
mission_nocomm,PA46,nowill,975,1751458871,"(8, 11)",C1,True,drop_victim,victim_13_,"(8, 11)",13,65,0.75,32.65743398666382,Bolt,True,True
mission_nocomm,PA46,human,981,1751458872,"(9, 11)",B1,True,drop_victim,victim_14_,"(9, 11)",14,70,0.8125,32.65743398666382,Bolt,True,True
mission_nocomm,PA46,human,1057,1751458880,"(16, 12)",B1,True,take_victim,victim_15_,"(10, 11)",15,70,0.875,39.35143303871155,Bolt,False,
mission_nocomm,PA46,human,1120,1751458887,"(10, 11)",B1,True,drop_victim,victim_15_,"(10, 11)",15,75,0.875,44.55990219116211,Bolt,True,True
mission_nocomm,PA46,human,1212,1751458896,"(18, 9)",B2,True,take_victim,victim_16_,"(11, 11)",16,75,0.9375,53.03107309341431,Bolt,False,
mission_nocomm,PA46,human,1286,1751458904,"(11, 11)",B2,True,drop_victim,victim_16_,"(11, 11)",16,80,0.9375,59.20617437362671,Bolt,True,True
mission_nocomm,PA5,nowill,41,1749564448,"(12, 15)",C1,True,take_victim,victim_2_,"(9, 8)",2,0,0.0,0.0,Argo,False,
mission_nocomm,PA5,human,294,1749564475,"(16, 11)",B1,True,take_victim,victim_1_,"(8, 8)",1,0,0.0,7.552347898483276,Argo,False,
mission_nocomm,PA5,human,366,1749564482,"(8, 7)",B1,True,take_victim,victim_1_,"(8, 8)",1,0,0.0,11.648085117340088,Argo,False,
mission_nocomm,PA5,human,377,1749564483,"(8, 8)",B1,True,drop_victim,victim_1_,"(8, 8)",1,5,0.0,11.648085117340088,Argo,True,True
mission_nocomm,PA5,nowill,378,1749564483,"(9, 8)",C1,True,drop_victim,victim_2_,"(9, 8)",2,10,0.0625,11.648085117340088,Argo,True,True
mission_nocomm,PA5,nowill,450,1749564491,"(8, 17)",C2,True,take_victim,victim_3_,"(10, 8)",3,10,0.125,11.648085117340088,Argo,False,
mission_nocomm,PA5,nowill,544,1749564501,"(10, 8)",C2,True,drop_victim,victim_3_,"(10, 8)",3,15,0.125,11.648085117340088,Argo,True,True
mission_nocomm,PA5,nowill,566,1749564503,"(2, 7)",D2,True,take_victim,victim_7_,"(10, 9)",7,15,0.1875,11.648085117340088,Argo,False,
mission_nocomm,PA5,human,588,1749564505,"(7, 1)",A2,True,take_victim,victim_4_,"(11, 8)",4,15,0.1875,11.648085117340088,Argo,False,
mission_nocomm,PA5,human,625,1749564509,"(11, 8)",A2,True,drop_victim,victim_4_,"(11, 8)",4,20,0.1875,12.80165410041809,Argo,True,True
mission_nocomm,PA5,human,650,1749564512,"(12, 4)",A1,True,take_victim,victim_5_,"(8, 9)",5,20,0.25,12.80165410041809,Argo,False,
mission_nocomm,PA5,human,675,1749564515,"(8, 9)",A1,True,drop_victim,victim_5_,"(8, 9)",5,25,0.25,12.80165410041809,Argo,True,True
mission_nocomm,PA5,human,705,1749564518,"(8, 2)",A2,True,take_victim,victim_6_,"(9, 9)",6,25,0.3125,12.80165410041809,Argo,False,
mission_nocomm,PA5,human,728,1749564520,"(9, 9)",A2,True,drop_victim,victim_6_,"(9, 9)",6,30,0.3125,12.80165410041809,Argo,True,True
mission_nocomm,PA5,nowill,729,1749564520,"(10, 9)",D2,True,drop_victim,victim_7_,"(10, 9)",7,35,0.375,12.80165410041809,Argo,True,True
mission_nocomm,PA5,nowill,749,1749564522,"(3, 9)",D1,True,take_victim,victim_10_,"(9, 10)",10,35,0.4375,12.80165410041809,Argo,False,
mission_nocomm,PA5,human,755,1749564523,"(11, 3)",A1,True,take_victim,victim_8_,"(11, 9)",8,35,0.4375,12.80165410041809,Argo,False,
mission_nocomm,PA5,human,777,1749564525,"(11, 9)",A1,True,drop_victim,victim_8_,"(11, 9)",8,40,0.4375,12.80165410041809,Argo,True,True
mission_nocomm,PA5,human,864,1749564534,"(18, 12)",B2,True,take_victim,victim_9_,"(8, 10)",9,40,0.5,19.93877005577087,Argo,False,
mission_nocomm,PA5,human,946,1749564543,"(8, 10)",B2,True,drop_victim,victim_9_,"(8, 10)",9,45,0.5,26.85402822494507,Argo,True,True
mission_nocomm,PA5,nowill,947,1749564543,"(9, 10)",D1,True,drop_victim,victim_10_,"(9, 10)",10,50,0.5625,26.85402822494507,Argo,True,True
mission_nocomm,PA5,nowill,969,1749564545,"(1, 10)",D2,True,take_victim,victim_12_,"(11, 10)",12,50,0.625,27.998390197753903,Argo,False,
mission_nocomm,PA5,human,1115,1749564561,"(17, 8)",B2,True,take_victim,victim_11_,"(10, 10)",11,50,0.625,43.41826009750366,Argo,False,
mission_nocomm,PA5,human,1234,1749564573,"(8, 11)",B2,True,take_victim,victim_11_,"(10, 10)",11,50,0.625,48.65823912620544,Argo,False,
mission_nocomm,PA5,human,1246,1749564574,"(10, 10)",B2,True,drop_victim,victim_11_,"(10, 10)",11,55,0.625,48.65823912620544,Argo,True,True
mission_nocomm,PA5,nowill,1247,1749564575,"(11, 10)",D2,True,drop_victim,victim_12_,"(11, 10)",12,60,0.6875,48.65823912620544,Argo,True,True
mission_nocomm,PA5,nowill,1301,1749564580,"(11, 16)",C1,True,take_victim,victim_13_,"(8, 11)",13,60,0.75,52.979536056518555,Argo,False,
mission_nocomm,PA5,human,1303,1749564580,"(15, 7)",B1,True,take_victim,victim_14_,"(9, 11)",14,60,0.75,53.15695929527283,Argo,False,
mission_nocomm,PA5,human,1361,1749564586,"(8, 12)",B1,True,take_victim,victim_14_,"(9, 11)",14,60,0.75,56.19553303718567,Argo,False,
mission_nocomm,PA5,nowill,1375,1749564588,"(8, 11)",C1,True,drop_victim,victim_13_,"(8, 11)",13,65,0.75,56.19553303718567,Argo,True,True
mission_nocomm,PA5,human,1381,1749564589,"(9, 11)",B1,True,drop_victim,victim_14_,"(9, 11)",14,70,0.8125,56.19553303718567,Argo,True,True
mission_nocomm,PA5,nowill,1389,1749564589,"(4, 8)",D1,True,take_victim,victim_15_,"(10, 11)",15,70,0.875,56.19553303718567,Argo,False,
mission_nocomm,PA5,nowill,1405,1749564591,"(10, 11)",D1,True,drop_victim,victim_15_,"(10, 11)",15,75,0.875,56.19553303718567,Argo,True,True
mission_nocomm,PA5,nowill,1485,1749564600,"(12, 18)",C2,True,take_victim,victim_16_,"(11, 11)",16,75,0.9375,56.19553303718567,Argo,False,
mission_nocomm,PA5,nowill,1587,1749564610,"(11, 11)",C2,True,drop_victim,victim_16_,"(11, 11)",16,80,0.9375,56.19553303718567,Argo,True,True
mission_nocomm,PA5,will,59,1749565453,"(16, 12)",B1,True,take_victim,victim_1_,"(8, 8)",1,0,0.0,0.0,Bolt,False,
mission_nocomm,PA5,human,72,1749565454,"(8, 1)",A2,True,take_victim,victim_3_,"(10, 8)",3,0,0.0,0.0,Bolt,False,
mission_nocomm,PA5,will,139,1749565461,"(8, 8)",B1,True,drop_victim,victim_1_,"(8, 8)",1,5,0.0,0.0,Bolt,True,True
mission_nocomm,PA5,will,225,1749565470,"(18, 9)",B2,True,take_victim,victim_2_,"(9, 8)",2,5,0.0625,0.0,Bolt,False,
mission_nocomm,PA5,human,226,1749565470,"(10, 8)",A2,True,drop_victim,victim_3_,"(10, 8)",3,7,0.0625,0.0,Bolt,True,False
mission_nocomm,PA5,will,331,1749565481,"(9, 8)",B2,True,drop_victim,victim_2_,"(9, 8)",2,12,0.125,0.0,Bolt,True,True
mission_nocomm,PA5,human,369,1749565485,"(3, 9)",D1,True,take_victim,victim_6_,"(9, 9)",6,12,0.1875,0.0,Bolt,False,
mission_nocomm,PA5,will,417,1749565490,"(8, 18)",C2,True,take_victim,victim_4_,"(11, 8)",4,12,0.1875,0.0,Bolt,False,
mission_nocomm,PA5,will,525,1749565502,"(11, 8)",C2,True,drop_victim,victim_4_,"(11, 8)",4,17,0.1875,0.0,Bolt,True,True
mission_nocomm,PA5,will,583,1749565508,"(11, 16)",C1,True,take_victim,victim_5_,"(8, 9)",5,17,0.25,0.0,Bolt,False,
mission_nocomm,PA5,will,661,1749565516,"(8, 9)",C1,True,drop_victim,victim_5_,"(8, 9)",5,22,0.25,0.0,Bolt,True,True
mission_nocomm,PA5,human,669,1749565517,"(9, 9)",D1,True,drop_victim,victim_6_,"(9, 9)",6,27,0.3125,0.0,Bolt,True,True
mission_nocomm,PA5,human,699,1749565520,"(7, 4)",A1,True,take_victim,victim_7_,"(10, 9)",7,27,0.375,0.0,Bolt,False,
mission_nocomm,PA5,will,705,1749565521,"(15, 11)",B1,True,take_victim,victim_13_,"(8, 11)",13,27,0.375,0.0,Bolt,False,
mission_nocomm,PA5,human,724,1749565522,"(10, 9)",A1,True,drop_victim,victim_7_,"(10, 9)",7,32,0.375,0.0,Bolt,True,True
mission_nocomm,PA5,human,750,1749565525,"(1, 8)",D2,True,take_victim,victim_8_,"(11, 9)",8,32,0.4375,0.0,Bolt,False,
mission_nocomm,PA5,human,777,1749565528,"(11, 9)",D2,True,drop_victim,victim_8_,"(11, 9)",8,37,0.4375,0.0,Bolt,True,True
mission_nocomm,PA5,human,810,1749565531,"(2, 11)",D2,True,take_victim,victim_9_,"(8, 10)",9,37,0.5,0.0,Bolt,False,
mission_nocomm,PA5,human,847,1749565535,"(8, 10)",D2,True,drop_victim,victim_9_,"(8, 10)",9,42,0.5,0.0,Bolt,True,True
mission_nocomm,PA5,human,874,1749565538,"(7, 2)",A2,True,take_victim,victim_10_,"(9, 10)",10,42,0.5625,0.0,Bolt,False,
mission_nocomm,PA5,human,898,1749565541,"(9, 10)",A2,True,drop_victim,victim_10_,"(9, 10)",10,47,0.5625,0.0,Bolt,True,True
mission_nocomm,PA5,human,920,1749565543,"(4, 10)",D1,True,take_victim,victim_11_,"(10, 10)",11,47,0.625,0.0,Bolt,False,
mission_nocomm,PA5,human,940,1749565545,"(10, 10)",D1,True,drop_victim,victim_11_,"(10, 10)",11,52,0.625,0.0,Bolt,True,True
mission_nocomm,PA5,human,962,1749565547,"(9, 3)",A1,True,take_victim,victim_12_,"(11, 10)",12,52,0.6875,0.0,Bolt,False,
mission_nocomm,PA5,human,987,1749565550,"(11, 10)",A1,True,drop_victim,victim_12_,"(11, 10)",12,57,0.6875,0.0,Bolt,True,True
mission_nocomm,PA5,will,988,1749565550,"(8, 11)",B1,True,drop_victim,victim_13_,"(8, 11)",13,62,0.75,0.0,Bolt,True,True
mission_nocomm,PA5,will,1026,1749565554,"(9, 15)",C1,True,take_victim,victim_14_,"(9, 11)",14,62,0.8125,0.0,Bolt,False,
mission_nocomm,PA5,will,1086,1749565560,"(9, 11)",C1,True,drop_victim,victim_14_,"(9, 11)",14,67,0.8125,0.0,Bolt,True,True
mission_nocomm,PA5,will,1156,1749565568,"(17, 12)",B2,True,take_victim,victim_15_,"(10, 11)",15,67,0.875,0.0,Bolt,False,
mission_nocomm,PA5,will,1258,1749565578,"(10, 11)",B2,True,drop_victim,victim_15_,"(10, 11)",15,72,0.875,0.0,Bolt,True,True
mission_nocomm,PA5,will,1324,1749565585,"(10, 17)",C2,True,take_victim,victim_16_,"(11, 11)",16,72,0.9375,0.0,Bolt,False,
mission_nocomm,PA5,will,1412,1749565595,"(11, 11)",C2,True,drop_victim,victim_16_,"(11, 11)",16,77,0.9375,0.0,Bolt,True,True
mission_nocomm,PA4,will,15,1749546446,"(2, 10)",D2,True,take_victim,victim_2_,"(9, 8)",2,0,0.0,0.0,Argo,False,
mission_nocomm,PA4,human,115,1749546456,"(15, 7)",B1,True,take_victim,victim_1_,"(8, 8)",1,0,0.0,2.721183061599731,Argo,False,
mission_nocomm,PA4,human,175,1749546462,"(8, 8)",B1,True,drop_victim,victim_1_,"(8, 8)",1,5,0.0,6.173622131347656,Argo,True,True
mission_nocomm,PA4,will,176,1749546463,"(9, 8)",D2,True,drop_victim,victim_2_,"(9, 8)",2,10,0.0625,6.173622131347656,Argo,True,True
mission_nocomm,PA4,will,262,1749546472,"(7, 18)",C2,True,take_victim,victim_5_,"(8, 9)",5,10,0.125,10.043708086013794,Argo,False,
mission_nocomm,PA4,human,300,1749546476,"(16, 10)",B1,True,take_victim,victim_3_,"(10, 8)",3,10,0.125,14.116642951965332,Argo,False,
mission_nocomm,PA4,human,366,1749546482,"(10, 8)",B1,True,drop_victim,victim_3_,"(10, 8)",3,15,0.125,18.607908964157104,Argo,True,True
mission_nocomm,PA4,human,401,1749546486,"(11, 3)",A1,True,take_victim,victim_4_,"(11, 8)",4,15,0.1875,18.607908964157104,Argo,False,
mission_nocomm,PA4,human,429,1749546489,"(11, 8)",A1,True,drop_victim,victim_4_,"(11, 8)",4,20,0.1875,18.607908964157104,Argo,True,True
mission_nocomm,PA4,will,430,1749546489,"(8, 9)",C2,True,drop_victim,victim_5_,"(8, 9)",5,25,0.25,18.607908964157104,Argo,True,True
mission_nocomm,PA4,will,450,1749546491,"(10, 2)",A2,True,take_victim,victim_7_,"(10, 9)",7,25,0.3125,18.607908964157104,Argo,False,
mission_nocomm,PA4,human,480,1749546494,"(3, 12)",D1,True,take_victim,victim_6_,"(9, 9)",6,25,0.3125,18.607908964157104,Argo,False,
mission_nocomm,PA4,human,512,1749546498,"(9, 9)",D1,True,drop_victim,victim_6_,"(9, 9)",6,30,0.3125,18.607908964157104,Argo,True,True
mission_nocomm,PA4,will,513,1749546498,"(10, 9)",A2,True,drop_victim,victim_7_,"(10, 9)",7,35,0.375,18.607908964157104,Argo,True,True
mission_nocomm,PA4,will,537,1749546500,"(1, 8)",D2,True,take_victim,victim_8_,"(11, 9)",8,35,0.4375,18.607908964157104,Argo,False,
mission_nocomm,PA4,will,561,1749546503,"(11, 9)",D2,True,drop_victim,victim_8_,"(11, 9)",8,40,0.4375,19.958210945129395,Argo,True,True
mission_nocomm,PA4,human,609,1749546508,"(12, 16)",C1,True,take_victim,victim_9_,"(8, 10)",9,40,0.5,25.383819103240967,Argo,False,
mission_nocomm,PA4,will,627,1749546510,"(17, 7)",B2,True,take_victim,victim_10_,"(9, 10)",10,40,0.5,26.84168791770935,Argo,False,
mission_nocomm,PA4,human,685,1749546516,"(8, 10)",C1,True,drop_victim,victim_9_,"(8, 10)",9,45,0.5,30.617525100708008,Argo,True,True
mission_nocomm,PA4,will,719,1749546519,"(9, 10)",B2,True,drop_victim,victim_10_,"(9, 10)",10,50,0.5625,30.925491094589233,Argo,True,True
mission_nocomm,PA4,human,739,1749546521,"(7, 15)",C1,True,take_victim,victim_12_,"(11, 10)",12,50,0.625,33.12220597267151,Argo,False,
mission_nocomm,PA4,will,803,1749546528,"(18, 11)",B2,True,take_victim,victim_11_,"(10, 10)",11,50,0.625,36.48913526535034,Argo,False,
mission_nocomm,PA4,will,907,1749546539,"(10, 10)",B2,True,drop_victim,victim_11_,"(10, 10)",11,55,0.625,36.48913526535034,Argo,True,True
mission_nocomm,PA4,human,919,1749546540,"(11, 10)",C1,True,drop_victim,victim_12_,"(11, 10)",12,60,0.6875,36.48913526535034,Argo,True,True
mission_nocomm,PA4,human,965,1749546545,"(4, 11)",D1,True,take_victim,victim_15_,"(10, 11)",15,60,0.75,36.48913526535034,Argo,False,
mission_nocomm,PA4,will,975,1749546546,"(8, 17)",C2,True,take_victim,victim_13_,"(8, 11)",13,60,0.75,36.48913526535034,Argo,False,
mission_nocomm,PA4,will,1063,1749546555,"(8, 11)",C2,True,drop_victim,victim_13_,"(8, 11)",13,65,0.75,36.48913526535034,Argo,True,True
mission_nocomm,PA4,will,1089,1749546558,"(9, 1)",A2,True,take_victim,victim_14_,"(9, 11)",14,65,0.8125,36.48913526535034,Argo,False,
mission_nocomm,PA4,will,1113,1749546561,"(9, 11)",A2,True,drop_victim,victim_14_,"(9, 11)",14,70,0.8125,36.48913526535034,Argo,True,True
mission_nocomm,PA4,human,1120,1749546561,"(10, 11)",D1,True,drop_victim,victim_15_,"(10, 11)",15,75,0.875,36.48913526535034,Argo,True,True
mission_nocomm,PA4,human,1154,1749546565,"(8, 4)",A1,True,take_victim,victim_16_,"(11, 11)",16,75,0.9375,36.48913526535034,Argo,False,
mission_nocomm,PA4,human,1188,1749546568,"(11, 11)",A1,True,drop_victim,victim_16_,"(11, 11)",16,80,0.9375,36.48913526535034,Argo,True,True
mission_nocomm,PA4,nowill,55,1749546767,"(12, 16)",C1,True,take_victim,victim_3_,"(10, 8)",3,0,0.0,0.0,Bolt,False,
mission_nocomm,PA4,human,66,1749546768,"(10, 1)",A2,True,take_victim,victim_1_,"(8, 8)",1,0,0.0,0.0,Bolt,False,
mission_nocomm,PA4,human,98,1749546772,"(8, 8)",A2,True,drop_victim,victim_1_,"(8, 8)",1,5,0.0,0.0,Bolt,True,True
mission_nocomm,PA4,human,136,1749546776,"(12, 2)",A2,True,take_victim,victim_2_,"(9, 8)",2,5,0.0625,0.0,Bolt,False,
mission_nocomm,PA4,human,165,1749546779,"(9, 8)",A2,True,drop_victim,victim_2_,"(9, 8)",2,10,0.0625,0.0,Bolt,True,True
mission_nocomm,PA4,nowill,166,1749546779,"(10, 8)",C1,True,drop_victim,victim_3_,"(10, 8)",3,15,0.125,0.0,Bolt,True,True
mission_nocomm,PA4,human,198,1749546782,"(11, 3)",A1,True,take_victim,victim_4_,"(11, 8)",4,15,0.1875,0.0,Bolt,False,
mission_nocomm,PA4,nowill,210,1749546784,"(9, 15)",C1,True,take_victim,victim_5_,"(8, 9)",5,15,0.1875,0.0,Bolt,False,
mission_nocomm,PA4,human,215,1749546784,"(11, 8)",A1,True,drop_victim,victim_4_,"(11, 8)",4,20,0.1875,0.0,Bolt,True,True
mission_nocomm,PA4,nowill,274,1749546790,"(8, 9)",C1,True,drop_victim,victim_5_,"(8, 9)",5,25,0.25,2.8162648677825928,Bolt,True,True
mission_nocomm,PA4,nowill,294,1749546792,"(1, 8)",D2,True,take_victim,victim_7_,"(10, 9)",7,25,0.3125,5.113416910171509,Bolt,False,
mission_nocomm,PA4,human,305,1749546794,"(17, 8)",B2,True,take_victim,victim_6_,"(9, 9)",6,25,0.3125,6.370490789413452,Bolt,False,
mission_nocomm,PA4,human,375,1749546801,"(9, 9)",B2,True,drop_victim,victim_6_,"(9, 9)",6,30,0.3125,11.490777015686035,Bolt,True,True
mission_nocomm,PA4,nowill,376,1749546801,"(10, 9)",D2,True,drop_victim,victim_7_,"(10, 9)",7,35,0.375,11.490777015686035,Bolt,True,True
mission_nocomm,PA4,nowill,398,1749546803,"(2, 7)",D2,True,take_victim,victim_8_,"(11, 9)",8,35,0.4375,11.490777015686035,Bolt,False,
mission_nocomm,PA4,nowill,420,1749546806,"(11, 9)",D2,True,drop_victim,victim_8_,"(11, 9)",8,40,0.4375,11.490777015686035,Bolt,True,True
mission_nocomm,PA4,human,486,1749546812,"(15, 12)",B1,True,take_victim,victim_10_,"(9, 10)",10,40,0.5,15.988506078720093,Bolt,False,
mission_nocomm,PA4,nowill,490,1749546813,"(11, 17)",C2,True,take_victim,victim_9_,"(8, 10)",9,40,0.5,16.40086317062378,Bolt,False,
mission_nocomm,PA4,nowill,580,1749546822,"(8, 10)",C2,True,drop_victim,victim_9_,"(8, 10)",9,45,0.5,20.348469972610474,Bolt,True,True
mission_nocomm,PA4,human,586,1749546823,"(9, 10)",B1,True,drop_victim,victim_10_,"(9, 10)",10,50,0.5625,20.348469972610474,Bolt,True,True
mission_nocomm,PA4,human,636,1749546828,"(16, 10)",B1,True,take_victim,victim_11_,"(10, 10)",11,50,0.625,24.3263418674469,Bolt,False,
mission_nocomm,PA4,nowill,662,1749546831,"(8, 18)",C2,True,take_victim,victim_13_,"(8, 11)",13,50,0.625,26.740869760513306,Bolt,False,
mission_nocomm,PA4,human,689,1749546834,"(10, 10)",B1,True,drop_victim,victim_11_,"(10, 10)",11,55,0.625,28.610386848449707,Bolt,True,True
mission_nocomm,PA4,human,782,1749546843,"(18, 12)",B2,True,take_victim,victim_12_,"(11, 10)",12,55,0.6875,37.38189888000488,Bolt,False,
mission_nocomm,PA4,human,875,1749546853,"(11, 10)",B2,True,drop_victim,victim_12_,"(11, 10)",12,60,0.6875,45.853142976760864,Bolt,True,True
mission_nocomm,PA4,nowill,876,1749546853,"(8, 11)",C2,True,drop_victim,victim_13_,"(8, 11)",13,65,0.75,45.853142976760864,Bolt,True,True
mission_nocomm,PA4,nowill,892,1749546855,"(3, 8)",D1,True,take_victim,victim_15_,"(10, 11)",15,65,0.8125,45.853142976760864,Bolt,False,
mission_nocomm,PA4,human,910,1749546857,"(10, 4)",A1,True,take_victim,victim_14_,"(9, 11)",14,65,0.8125,45.853142976760864,Bolt,False,
mission_nocomm,PA4,human,936,1749546859,"(9, 11)",A1,True,drop_victim,victim_14_,"(9, 11)",14,70,0.8125,45.853142976760864,Bolt,True,True
mission_nocomm,PA4,nowill,937,1749546860,"(10, 11)",D1,True,drop_victim,victim_15_,"(10, 11)",15,75,0.875,45.853142976760864,Bolt,True,True
mission_nocomm,PA4,nowill,955,1749546861,"(4, 9)",D1,True,take_victim,victim_16_,"(11, 11)",16,75,0.9375,45.853142976760864,Bolt,False,
mission_nocomm,PA4,nowill,973,1749546863,"(11, 11)",D1,True,drop_victim,victim_16_,"(11, 11)",16,80,0.9375,45.853142976760864,Bolt,True,True
mission_comm,PA3,nowill,41,1749538926,"(8, 15)",C1,True,take_victim,victim_1_,"(8, 8)",1,0,0.0,0.0,Bolt,False,
mission_comm,PA3,nowill,107,1749538932,"(8, 8)",C1,True,drop_victim,victim_1_,"(8, 8)",1,5,0.0,0.0,Bolt,True,True
mission_comm,PA3,human,136,1749538935,"(1, 7)",D2,False,take_victim,victim_3_,"(10, 8)",3,5,0.0625,0.0,Bolt,False,
mission_comm,PA3,nowill,179,1749538940,"(9, 17)",C2,True,take_victim,victim_2_,"(9, 8)",2,5,0.0625,0.0,Bolt,False,
mission_comm,PA3,nowill,273,1749538950,"(9, 8)",C2,True,drop_victim,victim_2_,"(9, 8)",2,10,0.0625,0.0,Bolt,True,True
mission_comm,PA3,human,280,1749538951,"(10, 8)",D2,False,drop_victim,victim_3_,"(10, 8)",3,15,0.125,0.0,Bolt,True,True
mission_comm,PA3,human,321,1749538955,"(10, 2)",A2,True,take_victim,victim_5_,"(8, 9)",5,15,0.1875,0.0,Bolt,False,
mission_comm,PA3,nowill,331,1749538956,"(12, 16)",C1,True,take_victim,victim_4_,"(11, 8)",4,15,0.1875,0.0,Bolt,False,
mission_comm,PA3,human,370,1749538960,"(8, 9)",A2,True,drop_victim,victim_5_,"(8, 9)",5,17,0.1875,0.0,Bolt,True,False
mission_comm,PA3,human,398,1749538963,"(3, 11)",D1,False,take_victim,victim_7_,"(10, 9)",7,17,0.25,0.0,Bolt,False,
mission_comm,PA3,nowill,423,1749538966,"(11, 8)",C1,True,drop_victim,victim_4_,"(11, 8)",4,22,0.25,0.0,Bolt,True,True
mission_comm,PA3,nowill,475,1749538971,"(16, 8)",B1,True,take_victim,victim_6_,"(9, 9)",6,22,0.3125,0.0,Bolt,False,
mission_comm,PA3,nowill,553,1749538979,"(9, 9)",B1,True,drop_victim,victim_6_,"(9, 9)",6,27,0.3125,0.0,Bolt,True,True
mission_comm,PA3,human,570,1749538981,"(10, 9)",D1,False,drop_victim,victim_7_,"(10, 9)",7,32,0.375,0.0,Bolt,True,True
mission_comm,PA3,human,590,1749538983,"(12, 4)",A1,True,take_victim,victim_8_,"(11, 9)",8,32,0.4375,0.0,Bolt,False,
mission_comm,PA3,nowill,595,1749538984,"(15, 12)",B1,True,take_victim,victim_11_,"(10, 10)",11,32,0.4375,0.0,Bolt,False,
mission_comm,PA3,human,606,1749538985,"(11, 9)",A1,True,drop_victim,victim_8_,"(11, 9)",8,37,0.4375,0.0,Bolt,True,True
mission_comm,PA3,human,630,1749538987,"(8, 3)",A1,True,take_victim,victim_9_,"(8, 10)",9,37,0.5,0.0,Bolt,False,
mission_comm,PA3,human,656,1749538990,"(8, 10)",A1,True,drop_victim,victim_9_,"(8, 10)",9,42,0.5,0.0,Bolt,True,True
mission_comm,PA3,human,673,1749538992,"(4, 12)",D1,False,take_victim,victim_10_,"(9, 10)",10,42,0.5625,0.0,Bolt,False,
mission_comm,PA3,human,700,1749538995,"(9, 10)",D1,False,drop_victim,victim_10_,"(9, 10)",10,47,0.5625,0.0,Bolt,True,True
mission_comm,PA3,nowill,701,1749538995,"(10, 10)",B1,True,drop_victim,victim_11_,"(10, 10)",11,52,0.625,0.0,Bolt,True,True
mission_comm,PA3,human,729,1749538998,"(2, 8)",D2,False,take_victim,victim_12_,"(11, 10)",12,52,0.6875,0.0,Bolt,False,
mission_comm,PA3,human,764,1749539001,"(11, 10)",D2,False,drop_victim,victim_12_,"(11, 10)",12,57,0.6875,0.0,Bolt,True,True
mission_comm,PA3,nowill,783,1749539003,"(18, 8)",B2,True,take_victim,victim_13_,"(8, 11)",13,57,0.75,0.0,Bolt,False,
mission_comm,PA3,nowill,891,1749539015,"(8, 11)",B2,True,drop_victim,victim_13_,"(8, 11)",13,62,0.75,0.0,Bolt,True,True
mission_comm,PA3,human,945,1749539020,"(8, 1)",A2,True,take_victim,victim_16_,"(11, 11)",16,62,0.8125,0.0,Bolt,False,
mission_comm,PA3,nowill,963,1749539022,"(17, 11)",B2,True,take_victim,victim_14_,"(9, 11)",14,62,0.8125,0.0,Bolt,False,
mission_comm,PA3,nowill,1055,1749539032,"(9, 11)",B2,True,drop_victim,victim_14_,"(9, 11)",14,67,0.8125,0.0,Bolt,True,True
mission_comm,PA3,nowill,1135,1749539040,"(7, 18)",C2,True,take_victim,victim_15_,"(10, 11)",15,67,0.875,0.0,Bolt,False,
mission_comm,PA3,nowill,1237,1749539051,"(10, 11)",C2,True,drop_victim,victim_15_,"(10, 11)",15,72,0.875,0.0,Bolt,True,True
mission_comm,PA3,human,1243,1749539052,"(11, 11)",A2,True,drop_victim,victim_16_,"(11, 11)",16,77,0.9375,0.0,Bolt,True,True
mission_comm,PA3,will,15,1749539290,"(2, 10)",D2,True,take_victim,victim_4_,"(11, 8)",4,0,0.0,0.0,Argo,False,
mission_comm,PA3,human,96,1749539298,"(7, 16)",C1,True,take_victim,victim_1_,"(8, 8)",1,0,0.0,4.713979005813599,Argo,False,
mission_comm,PA3,human,157,1749539305,"(8, 8)",C1,True,drop_victim,victim_1_,"(8, 8)",1,5,0.0,8.78041696548462,Argo,True,True
mission_comm,PA3,human,269,1749539316,"(10, 15)",C1,True,take_victim,victim_2_,"(9, 8)",2,5,0.0625,18.50710606575012,Argo,False,
mission_comm,PA3,human,314,1749539321,"(9, 8)",C1,True,drop_victim,victim_2_,"(9, 8)",2,10,0.0625,21.83671808242798,Argo,True,True
mission_comm,PA3,human,342,1749539324,"(4, 8)",D1,True,take_victim,victim_3_,"(10, 8)",3,10,0.125,21.83671808242798,Argo,False,
mission_comm,PA3,human,362,1749539326,"(10, 8)",D1,True,drop_victim,victim_3_,"(10, 8)",3,15,0.125,21.83671808242798,Argo,True,True
mission_comm,PA3,will,363,1749539326,"(11, 8)",D2,True,drop_victim,victim_4_,"(11, 8)",4,20,0.1875,21.83671808242798,Argo,True,True
mission_comm,PA3,human,394,1749539329,"(15, 9)",B1,True,take_victim,victim_5_,"(8, 9)",5,20,0.25,24.13247036933899,Argo,False,
mission_comm,PA3,human,437,1749539334,"(8, 9)",B1,True,drop_victim,victim_5_,"(8, 9)",5,25,0.25,27.57386612892151,Argo,True,True
mission_comm,PA3,will,443,1749539334,"(18, 10)",B2,True,take_victim,victim_7_,"(10, 9)",7,25,0.3125,27.57386612892151,Argo,False,
mission_comm,PA3,human,460,1749539336,"(8, 4)",A1,True,take_victim,victim_6_,"(9, 9)",6,25,0.3125,27.57386612892151,Argo,False,
mission_comm,PA3,human,485,1749539339,"(9, 9)",A1,True,drop_victim,victim_6_,"(9, 9)",6,30,0.3125,27.57386612892151,Argo,True,True
mission_comm,PA3,will,547,1749539345,"(10, 9)",B2,True,drop_victim,victim_7_,"(10, 9)",7,35,0.375,27.57386612892151,Argo,True,True
mission_comm,PA3,will,615,1749539352,"(17, 9)",B2,True,take_victim,victim_8_,"(11, 9)",8,35,0.4375,27.57386612892151,Argo,False,
mission_comm,PA3,human,616,1749539353,"(10, 2)",A2,False,take_victim,victim_9_,"(8, 10)",9,35,0.4375,27.57386612892151,Argo,False,
mission_comm,PA3,will,703,1749539362,"(11, 9)",B2,True,drop_victim,victim_8_,"(11, 9)",8,40,0.4375,27.57386612892151,Argo,True,True
mission_comm,PA3,human,710,1749539362,"(8, 10)",A2,False,drop_victim,victim_9_,"(8, 10)",9,45,0.5,27.57386612892151,Argo,True,True
mission_comm,PA3,will,729,1749539364,"(1, 7)",D2,True,take_victim,victim_10_,"(9, 10)",10,45,0.5625,27.57386612892151,Argo,False,
mission_comm,PA3,will,749,1749539367,"(9, 10)",D2,True,drop_victim,victim_10_,"(9, 10)",10,50,0.5625,27.57386612892151,Argo,True,True
mission_comm,PA3,will,817,1749539374,"(8, 17)",C2,True,take_victim,victim_11_,"(10, 10)",11,50,0.625,29.45776915550232,Argo,False,
mission_comm,PA3,human,845,1749539377,"(16, 12)",B1,True,take_victim,victim_12_,"(11, 10)",12,50,0.625,32.495726108551025,Argo,False,
mission_comm,PA3,will,907,1749539383,"(10, 10)",C2,True,drop_victim,victim_11_,"(10, 10)",11,55,0.625,37.68803691864014,Argo,True,True
mission_comm,PA3,human,912,1749539384,"(11, 10)",B1,True,drop_victim,victim_12_,"(11, 10)",12,60,0.6875,37.68803691864014,Argo,True,True
mission_comm,PA3,will,931,1749539386,"(8, 1)",A2,True,take_victim,victim_13_,"(8, 11)",13,60,0.75,37.68803691864014,Argo,False,
mission_comm,PA3,will,955,1749539388,"(8, 11)",A2,True,drop_victim,victim_13_,"(8, 11)",13,65,0.75,37.68803691864014,Argo,True,True
mission_comm,PA3,human,984,1749539391,"(10, 3)",A1,True,take_victim,victim_15_,"(10, 11)",15,65,0.8125,37.68803691864014,Argo,False,
mission_comm,PA3,will,1035,1749539396,"(10, 18)",C2,True,take_victim,victim_14_,"(9, 11)",14,65,0.8125,37.68803691864014,Argo,False,
mission_comm,PA3,will,1137,1749539407,"(9, 11)",C2,True,drop_victim,victim_14_,"(9, 11)",14,70,0.8125,37.68803691864014,Argo,True,True
mission_comm,PA3,human,1143,1749539408,"(10, 11)",A1,True,drop_victim,victim_15_,"(10, 11)",15,75,0.875,37.68803691864014,Argo,True,True
mission_comm,PA3,human,1202,1749539414,"(3, 11)",D1,True,take_victim,victim_16_,"(11, 11)",16,75,0.9375,37.68803691864014,Argo,False,
mission_comm,PA3,human,1236,1749539418,"(11, 11)",D1,True,drop_victim,victim_16_,"(11, 11)",16,80,0.9375,37.68803691864014,Argo,True,True
mission_nocomm,PA33,will,55,1750410726,"(8, 16)",C1,True,take_victim,victim_2_,"(9, 8)",2,0,0.0,0.0,Bolt,False,
mission_nocomm,PA33,human,108,1750410731,"(9, 4)",A1,True,take_victim,victim_1_,"(8, 8)",1,0,0.0,0.0,Bolt,False,
mission_nocomm,PA33,human,129,1750410733,"(8, 8)",A1,True,drop_victim,victim_1_,"(8, 8)",1,5,0.0,0.0,Bolt,True,True
mission_nocomm,PA33,will,135,1750410734,"(9, 8)",C1,True,drop_victim,victim_2_,"(9, 8)",2,10,0.0625,0.0,Bolt,True,True
mission_nocomm,PA33,human,199,1750410741,"(1, 7)",D2,True,take_victim,victim_3_,"(10, 8)",3,10,0.125,0.0,Bolt,False,
mission_nocomm,PA33,will,221,1750410743,"(8, 18)",C2,True,take_victim,victim_4_,"(11, 8)",4,10,0.125,0.0,Bolt,False,
mission_nocomm,PA33,human,229,1750410744,"(10, 8)",D2,True,drop_victim,victim_3_,"(10, 8)",3,15,0.125,0.0,Bolt,True,True
mission_nocomm,PA33,will,329,1750410754,"(11, 8)",C2,True,drop_victim,victim_4_,"(11, 8)",4,20,0.1875,0.0,Bolt,True,True
mission_nocomm,PA33,human,384,1750410760,"(9, 1)",A2,True,take_victim,victim_6_,"(9, 9)",6,20,0.25,0.0,Bolt,False,
mission_nocomm,PA33,will,395,1750410761,"(17, 7)",B2,True,take_victim,victim_5_,"(8, 9)",5,20,0.25,0.0,Bolt,False,
mission_nocomm,PA33,will,489,1750410771,"(8, 9)",B2,True,drop_victim,victim_5_,"(8, 9)",5,25,0.25,0.0,Bolt,True,True
mission_nocomm,PA33,human,503,1750410773,"(9, 9)",A2,True,drop_victim,victim_6_,"(9, 9)",6,30,0.3125,0.0,Bolt,True,True
mission_nocomm,PA33,human,529,1750410775,"(8, 3)",A1,True,take_victim,victim_7_,"(10, 9)",7,30,0.375,0.0,Bolt,False,
mission_nocomm,PA33,will,533,1750410776,"(15, 12)",B1,True,take_victim,victim_8_,"(11, 9)",8,30,0.375,0.0,Bolt,False,
mission_nocomm,PA33,human,602,1750410783,"(10, 9)",A1,True,drop_victim,victim_7_,"(10, 9)",7,35,0.375,0.0,Bolt,True,True
mission_nocomm,PA33,will,603,1750410783,"(11, 9)",B1,True,drop_victim,victim_8_,"(11, 9)",8,40,0.4375,0.0,Bolt,True,True
mission_nocomm,PA33,human,651,1750410788,"(12, 2)",A2,True,take_victim,victim_9_,"(8, 10)",9,40,0.5,0.0,Bolt,False,
mission_nocomm,PA33,will,683,1750410791,"(18, 9)",B2,True,take_victim,victim_11_,"(10, 10)",11,40,0.5,0.0,Bolt,False,
mission_nocomm,PA33,human,695,1750410793,"(8, 11)",A2,True,take_victim,victim_9_,"(8, 10)",9,40,0.5,0.0,Bolt,False,
mission_nocomm,PA33,human,706,1750410794,"(8, 10)",A2,True,drop_victim,victim_9_,"(8, 10)",9,45,0.5,0.0,Bolt,True,True
mission_nocomm,PA33,human,742,1750410798,"(4, 11)",D1,True,take_victim,victim_10_,"(9, 10)",10,45,0.5625,0.0,Bolt,False,
mission_nocomm,PA33,human,781,1750410802,"(9, 10)",D1,True,drop_victim,victim_10_,"(9, 10)",10,50,0.5625,0.0,Bolt,True,True
mission_nocomm,PA33,will,787,1750410802,"(10, 10)",B2,True,drop_victim,victim_11_,"(10, 10)",11,55,0.625,0.0,Bolt,True,True
mission_nocomm,PA33,human,815,1750410805,"(3, 9)",D1,True,take_victim,victim_12_,"(11, 10)",12,55,0.6875,0.0,Bolt,False,
mission_nocomm,PA33,will,841,1750410808,"(16, 11)",B1,True,take_victim,victim_13_,"(8, 11)",13,55,0.6875,0.0,Bolt,False,
mission_nocomm,PA33,human,846,1750410809,"(11, 10)",D1,True,drop_victim,victim_12_,"(11, 10)",12,60,0.6875,0.0,Bolt,True,True
mission_nocomm,PA33,human,913,1750410816,"(2, 12)",D2,True,take_victim,victim_16_,"(11, 11)",16,60,0.75,0.0,Bolt,False,
mission_nocomm,PA33,will,921,1750410816,"(8, 11)",B1,True,drop_victim,victim_13_,"(8, 11)",13,65,0.75,0.0,Bolt,True,True
mission_nocomm,PA33,will,987,1750410823,"(9, 17)",C2,True,take_victim,victim_14_,"(9, 11)",14,65,0.8125,0.0,Bolt,False,
mission_nocomm,PA33,will,1075,1750410833,"(9, 11)",C2,True,drop_victim,victim_14_,"(9, 11)",14,70,0.8125,0.0,Bolt,True,True
mission_nocomm,PA33,will,1113,1750410837,"(10, 15)",C1,True,take_victim,victim_15_,"(10, 11)",15,70,0.875,0.0,Bolt,False,
mission_nocomm,PA33,will,1173,1750410843,"(10, 11)",C1,True,drop_victim,victim_15_,"(10, 11)",15,75,0.875,0.0,Bolt,True,True
mission_nocomm,PA33,human,1180,1750410844,"(11, 11)",D2,True,drop_victim,victim_16_,"(11, 11)",16,80,0.9375,0.0,Bolt,True,True
mission_nocomm,PA33,nowill,13,1750411179,"(3, 11)",D1,True,take_victim,victim_2_,"(9, 8)",2,0,0.0,0.0,Argo,False,
mission_nocomm,PA33,human,91,1750411187,"(11, 1)",A2,True,take_victim,victim_1_,"(8, 8)",1,0,0.0,0.0,Argo,False,
mission_nocomm,PA33,human,128,1750411191,"(8, 8)",A2,True,drop_victim,victim_1_,"(8, 8)",1,5,0.0,0.0,Argo,True,True
mission_nocomm,PA33,nowill,129,1750411191,"(9, 8)",D1,True,drop_victim,victim_2_,"(9, 8)",2,10,0.0625,0.0,Argo,True,True
mission_nocomm,PA33,human,166,1750411195,"(9, 2)",A2,True,take_victim,victim_3_,"(10, 8)",3,10,0.125,0.0,Argo,False,
mission_nocomm,PA33,human,189,1750411197,"(10, 8)",A2,True,drop_victim,victim_3_,"(10, 8)",3,15,0.125,0.0,Argo,True,True
mission_nocomm,PA33,nowill,215,1750411200,"(12, 18)",C2,True,take_victim,victim_4_,"(11, 8)",4,15,0.1875,0.0,Argo,False,
mission_nocomm,PA33,human,275,1750411206,"(4, 12)",D1,False,take_victim,victim_5_,"(8, 9)",5,15,0.1875,0.0,Argo,False,
mission_nocomm,PA33,nowill,335,1750411213,"(11, 8)",C2,True,drop_victim,victim_4_,"(11, 8)",4,20,0.1875,0.0,Argo,True,True
mission_nocomm,PA33,human,361,1750411215,"(8, 9)",D1,False,drop_victim,victim_5_,"(8, 9)",5,25,0.25,0.0,Argo,True,True
mission_nocomm,PA33,nowill,361,1750411215,"(1, 7)",D2,True,take_victim,victim_6_,"(9, 9)",6,25,0.25,0.0,Argo,False,
mission_nocomm,PA33,nowill,381,1750411217,"(9, 9)",D2,True,drop_victim,victim_6_,"(9, 9)",6,30,0.3125,0.0,Argo,True,True
mission_nocomm,PA33,nowill,423,1750411222,"(7, 15)",C1,True,take_victim,victim_11_,"(10, 10)",11,30,0.375,2.392772912979126,Argo,False,
mission_nocomm,PA33,human,491,1750411229,"(17, 10)",B2,True,take_victim,victim_7_,"(10, 9)",7,30,0.375,10.222271919250488,Argo,False,
mission_nocomm,PA33,human,599,1750411240,"(10, 9)",B2,True,drop_victim,victim_7_,"(10, 9)",7,35,0.375,16.491923809051514,Argo,True,True
mission_nocomm,PA33,human,661,1750411247,"(16, 7)",B1,True,take_victim,victim_8_,"(11, 9)",8,35,0.4375,20.138126850128177,Argo,False,
mission_nocomm,PA33,human,742,1750411255,"(11, 9)",B1,True,drop_victim,victim_8_,"(11, 9)",8,40,0.4375,26.317935705184937,Argo,True,True
mission_nocomm,PA33,human,795,1750411261,"(7, 4)",A1,True,take_victim,victim_9_,"(8, 10)",9,40,0.5,26.317935705184937,Argo,False,
mission_nocomm,PA33,human,821,1750411263,"(8, 10)",A1,True,drop_victim,victim_9_,"(8, 10)",9,45,0.5,26.317935705184937,Argo,True,True
mission_nocomm,PA33,human,880,1750411270,"(15, 8)",B1,True,take_victim,victim_10_,"(9, 10)",10,45,0.5625,29.35312271118164,Argo,False,
mission_nocomm,PA33,human,961,1750411278,"(9, 10)",B1,True,drop_victim,victim_10_,"(9, 10)",10,50,0.5625,33.53063178062439,Argo,True,True
mission_nocomm,PA33,nowill,962,1750411278,"(10, 10)",C1,True,drop_victim,victim_11_,"(10, 10)",11,55,0.625,33.53063178062439,Argo,True,True
mission_nocomm,PA33,nowill,984,1750411281,"(2, 12)",D2,True,take_victim,victim_12_,"(11, 10)",12,55,0.6875,33.53063178062439,Argo,False,
mission_nocomm,PA33,nowill,1006,1750411283,"(11, 10)",D2,True,drop_victim,victim_12_,"(11, 10)",12,60,0.6875,33.53063178062439,Argo,True,True
mission_nocomm,PA33,nowill,1060,1750411289,"(10, 16)",C1,True,take_victim,victim_13_,"(8, 11)",13,60,0.75,36.677032709121704,Argo,False,
mission_nocomm,PA33,human,1081,1750411291,"(18, 9)",B2,True,take_victim,victim_14_,"(9, 11)",14,60,0.75,39.41870450973511,Argo,False,
mission_nocomm,PA33,nowill,1134,1750411296,"(8, 11)",C1,True,drop_victim,victim_13_,"(8, 11)",13,65,0.75,44.347861766815186,Argo,True,True
mission_nocomm,PA33,human,1195,1750411303,"(9, 11)",B2,True,drop_victim,victim_14_,"(9, 11)",14,70,0.8125,48.3358895778656,Argo,True,True
mission_nocomm,PA33,nowill,1200,1750411303,"(8, 17)",C2,True,take_victim,victim_16_,"(11, 11)",16,70,0.875,48.3358895778656,Argo,False,
mission_nocomm,PA33,human,1227,1750411306,"(8, 3)",A1,True,take_victim,victim_15_,"(10, 11)",15,70,0.875,48.3358895778656,Argo,False,
mission_nocomm,PA33,human,1263,1750411310,"(10, 11)",A1,True,drop_victim,victim_15_,"(10, 11)",15,75,0.875,48.3358895778656,Argo,True,True
mission_nocomm,PA33,nowill,1288,1750411312,"(11, 11)",C2,True,drop_victim,victim_16_,"(11, 11)",16,80,0.9375,48.3358895778656,Argo,True,True
mission_comm,PA34,nowill,55,1751205237,"(8, 16)",C1,True,take_victim,victim_1_,"(8, 8)",1,0,0.0,0.0,Argo,False,
mission_comm,PA34,nowill,135,1751205246,"(8, 8)",C1,True,drop_victim,victim_1_,"(8, 8)",1,5,0.0,0.0,Argo,True,True
mission_comm,PA34,nowill,207,1751205253,"(7, 17)",C2,True,take_victim,victim_3_,"(10, 8)",3,5,0.0625,0.0,Argo,False,
mission_comm,PA34,human,208,1751205253,"(11, 1)",A2,True,take_victim,victim_2_,"(9, 8)",2,5,0.0625,0.0,Argo,False,
mission_comm,PA34,human,257,1751205259,"(9, 8)",A2,True,drop_victim,victim_2_,"(9, 8)",2,10,0.0625,0.0,Argo,True,True
mission_comm,PA34,nowill,301,1751205263,"(10, 8)",C2,True,drop_victim,victim_3_,"(10, 8)",3,15,0.125,0.0,Argo,True,True
mission_comm,PA34,human,351,1751205268,"(1, 12)",D2,False,take_victim,victim_4_,"(11, 8)",4,15,0.1875,0.0,Argo,False,
mission_comm,PA34,nowill,369,1751205270,"(17, 12)",B2,True,take_victim,victim_5_,"(8, 9)",5,15,0.1875,0.0,Argo,False,
mission_comm,PA34,human,404,1751205274,"(11, 8)",D2,False,drop_victim,victim_4_,"(11, 8)",4,20,0.1875,0.0,Argo,True,True
mission_comm,PA34,nowill,463,1751205280,"(8, 9)",B2,True,drop_victim,victim_5_,"(8, 9)",5,25,0.25,0.0,Argo,True,True
mission_comm,PA34,human,488,1751205283,"(9, 2)",A2,True,take_victim,victim_6_,"(9, 9)",6,25,0.3125,0.0,Argo,False,
mission_comm,PA34,nowill,505,1751205284,"(12, 15)",C1,True,take_victim,victim_8_,"(11, 9)",8,25,0.3125,0.0,Argo,False,
mission_comm,PA34,human,511,1751205285,"(9, 9)",A2,True,drop_victim,victim_6_,"(9, 9)",6,30,0.3125,0.0,Argo,True,True
mission_comm,PA34,human,568,1751205291,"(2, 11)",D2,False,take_victim,victim_7_,"(10, 9)",7,30,0.375,0.0,Argo,False,
mission_comm,PA34,human,609,1751205295,"(10, 9)",D2,False,drop_victim,victim_7_,"(10, 9)",7,35,0.375,0.0,Argo,True,True
mission_comm,PA34,nowill,610,1751205295,"(11, 9)",C1,True,drop_victim,victim_8_,"(11, 9)",8,40,0.4375,0.0,Argo,True,True
mission_comm,PA34,nowill,694,1751205304,"(8, 18)",C2,True,take_victim,victim_9_,"(8, 10)",9,40,0.5,0.0,Argo,False,
mission_comm,PA34,human,706,1751205306,"(3, 7)",D1,False,take_victim,victim_15_,"(10, 11)",15,40,0.5,0.0,Argo,False,
mission_comm,PA34,human,749,1751205310,"(10, 11)",D1,False,drop_victim,victim_15_,"(10, 11)",15,42,0.5,0.0,Argo,True,False
mission_comm,PA34,nowill,798,1751205315,"(8, 10)",C2,True,drop_victim,victim_9_,"(8, 10)",9,47,0.5625,0.0,Argo,True,True
mission_comm,PA34,human,799,1751205315,"(4, 8)",D1,False,take_victim,victim_13_,"(8, 11)",13,47,0.625,0.0,Argo,False,
mission_comm,PA34,human,825,1751205318,"(8, 11)",D1,False,drop_victim,victim_13_,"(8, 11)",13,49,0.625,0.0,Argo,True,False
mission_comm,PA34,nowill,842,1751205320,"(15, 10)",B1,True,take_victim,victim_10_,"(9, 10)",10,49,0.6875,0.0,Argo,False,
mission_comm,PA34,human,861,1751205322,"(10, 3)",A1,True,take_victim,victim_14_,"(9, 11)",14,49,0.6875,0.0,Argo,False,
mission_comm,PA34,nowill,906,1751205326,"(9, 10)",B1,True,drop_victim,victim_10_,"(9, 10)",10,54,0.6875,0.0,Argo,True,True
mission_comm,PA34,nowill,962,1751205332,"(16, 9)",B1,True,take_victim,victim_11_,"(10, 10)",11,54,0.75,0.0,Argo,False,
mission_comm,PA34,human,963,1751205332,"(10, 10)",A1,True,take_victim,victim_14_,"(9, 11)",14,54,0.75,0.0,Argo,False,
mission_comm,PA34,human,979,1751205334,"(9, 11)",A1,True,drop_victim,victim_14_,"(9, 11)",14,56,0.75,0.0,Argo,True,False
mission_comm,PA34,human,1018,1751205338,"(12, 4)",A1,True,take_victim,victim_12_,"(11, 10)",12,56,0.8125,0.0,Argo,False,
mission_comm,PA34,nowill,1038,1751205340,"(10, 10)",B1,True,drop_victim,victim_11_,"(10, 10)",11,61,0.8125,0.0,Argo,True,True
mission_comm,PA34,human,1055,1751205342,"(11, 10)",A1,True,drop_victim,victim_12_,"(11, 10)",12,66,0.875,0.0,Argo,True,True
mission_comm,PA34,nowill,1120,1751205349,"(18, 7)",B2,True,take_victim,victim_16_,"(11, 11)",16,66,0.9375,0.0,Argo,False,
mission_comm,PA34,nowill,1222,1751205360,"(11, 11)",B2,True,drop_victim,victim_16_,"(11, 11)",16,71,0.9375,0.0,Argo,True,True
mission_comm,PA34,will,83,1751205770,"(12, 18)",C2,True,take_victim,victim_1_,"(8, 8)",1,0,0.0,0.0,Bolt,False,
mission_comm,PA34,human,117,1751205774,"(10, 2)",A2,True,take_victim,victim_2_,"(9, 8)",2,0,0.0,0.0,Bolt,False,
mission_comm,PA34,human,146,1751205777,"(9, 8)",A2,True,drop_victim,victim_2_,"(9, 8)",2,2,0.0,0.0,Bolt,True,False
mission_comm,PA34,will,191,1751205782,"(8, 8)",C2,True,drop_victim,victim_1_,"(8, 8)",1,7,0.0625,0.0,Bolt,True,True
mission_comm,PA34,human,232,1751205786,"(2, 12)",D2,True,take_victim,victim_11_,"(10, 10)",11,7,0.125,0.0,Bolt,False,
mission_comm,PA34,will,249,1751205788,"(9, 16)",C1,True,take_victim,victim_3_,"(10, 8)",3,7,0.125,0.0,Bolt,False,
mission_comm,PA34,human,288,1751205792,"(10, 10)",D2,True,drop_victim,victim_11_,"(10, 10)",11,9,0.125,0.0,Bolt,True,False
mission_comm,PA34,will,329,1751205796,"(10, 8)",C1,True,drop_victim,victim_3_,"(10, 8)",3,14,0.1875,0.0,Bolt,True,True
mission_comm,PA34,will,373,1751205801,"(12, 15)",C1,True,take_victim,victim_4_,"(11, 8)",4,14,0.25,0.0,Bolt,False,
mission_comm,PA34,human,396,1751205803,"(4, 7)",D1,True,take_victim,victim_5_,"(8, 9)",5,14,0.25,0.0,Bolt,False,
mission_comm,PA34,human,431,1751205807,"(8, 9)",D1,True,drop_victim,victim_5_,"(8, 9)",5,16,0.25,0.0,Bolt,True,False
mission_comm,PA34,will,451,1751205809,"(11, 8)",C1,True,drop_victim,victim_4_,"(11, 8)",4,21,0.3125,0.0,Bolt,True,True
mission_comm,PA34,human,489,1751205813,"(12, 3)",A1,True,take_victim,victim_6_,"(9, 9)",6,21,0.375,0.0,Bolt,False,
mission_comm,PA34,will,489,1751205813,"(15, 11)",B1,True,take_victim,victim_7_,"(10, 9)",7,21,0.375,0.0,Bolt,False,
mission_comm,PA34,human,533,1751205818,"(9, 9)",A1,True,drop_victim,victim_6_,"(9, 9)",6,26,0.375,0.0,Bolt,True,True
mission_comm,PA34,will,551,1751205819,"(10, 9)",B1,True,drop_victim,victim_7_,"(10, 9)",7,31,0.4375,0.0,Bolt,True,True
mission_comm,PA34,human,574,1751205822,"(9, 4)",A1,True,take_victim,victim_8_,"(11, 9)",8,31,0.5,0.0,Bolt,False,
mission_comm,PA34,human,608,1751205825,"(11, 9)",A1,True,drop_victim,victim_8_,"(11, 9)",8,36,0.5,0.0,Bolt,True,True
mission_comm,PA34,will,621,1751205827,"(7, 17)",C2,True,take_victim,victim_10_,"(9, 10)",10,36,0.5625,0.0,Bolt,False,
mission_comm,PA34,human,653,1751205830,"(8, 1)",A2,True,take_victim,victim_9_,"(8, 10)",9,36,0.5625,0.0,Bolt,False,
mission_comm,PA34,human,682,1751205833,"(8, 10)",A2,True,drop_victim,victim_9_,"(8, 10)",9,41,0.5625,0.0,Bolt,True,True
mission_comm,PA34,will,711,1751205836,"(9, 10)",C2,True,drop_victim,victim_10_,"(9, 10)",10,46,0.625,0.0,Bolt,True,True
mission_comm,PA34,human,750,1751205840,"(1, 7)",D2,True,take_victim,victim_12_,"(11, 10)",12,46,0.6875,0.0,Bolt,False,
mission_comm,PA34,will,767,1751205842,"(16, 9)",B1,True,take_victim,victim_14_,"(9, 11)",14,46,0.6875,0.0,Bolt,False,
mission_comm,PA34,human,789,1751205844,"(11, 10)",D2,True,drop_victim,victim_12_,"(11, 10)",12,51,0.6875,0.0,Bolt,True,True
mission_comm,PA34,human,819,1751205848,"(3, 9)",D1,True,take_victim,victim_13_,"(8, 11)",13,51,0.75,0.0,Bolt,False,
mission_comm,PA34,human,967,1751205863,"(8, 11)",D1,True,drop_victim,victim_13_,"(8, 11)",13,56,0.75,0.0,Bolt,True,True
mission_comm,PA34,will,968,1751205863,"(9, 11)",B1,True,drop_victim,victim_14_,"(9, 11)",14,61,0.8125,0.0,Bolt,True,True
mission_comm,PA34,will,1052,1751205872,"(18, 7)",B2,True,take_victim,victim_15_,"(10, 11)",15,61,0.875,0.0,Bolt,False,
mission_comm,PA34,will,1156,1751205883,"(10, 11)",B2,True,drop_victim,victim_15_,"(10, 11)",15,66,0.875,0.0,Bolt,True,True
mission_comm,PA34,will,1224,1751205890,"(17, 12)",B2,True,take_victim,victim_16_,"(11, 11)",16,66,0.9375,0.0,Bolt,False,
mission_comm,PA34,will,1312,1751205899,"(11, 11)",B2,True,drop_victim,victim_16_,"(11, 11)",16,71,0.9375,0.0,Bolt,True,True
mission_nocomm,PA60,nowill,13,1752059927,"(3, 9)",D1,True,take_victim,victim_3_,"(10, 8)",3,0,0.0,0.0,Argo,False,
mission_nocomm,PA60,human,90,1752059935,"(11, 4)",A1,True,take_victim,victim_1_,"(8, 8)",1,0,0.0,1.2532851696014404,Argo,False,
mission_nocomm,PA60,human,114,1752059937,"(8, 8)",A1,True,drop_victim,victim_1_,"(8, 8)",1,5,0.0,1.2532851696014404,Argo,True,True
mission_nocomm,PA60,human,197,1752059946,"(15, 8)",B1,True,take_victim,victim_2_,"(9, 8)",2,5,0.0625,8.51557207107544,Argo,False,
mission_nocomm,PA60,human,247,1752059951,"(9, 8)",B1,True,drop_victim,victim_2_,"(9, 8)",2,10,0.0625,11.86023497581482,Argo,True,True
mission_nocomm,PA60,nowill,248,1752059951,"(10, 8)",D1,True,drop_victim,victim_3_,"(10, 8)",3,15,0.125,11.86023497581482,Argo,True,True
mission_nocomm,PA60,nowill,272,1752059954,"(1, 7)",D2,True,take_victim,victim_6_,"(9, 9)",6,15,0.1875,11.86023497581482,Argo,False,
mission_nocomm,PA60,human,363,1752059963,"(16, 12)",B1,True,take_victim,victim_4_,"(11, 8)",4,15,0.1875,19.08345603942871,Argo,False,
mission_nocomm,PA60,human,437,1752059971,"(11, 8)",B1,True,drop_victim,victim_4_,"(11, 8)",4,20,0.1875,24.309396982192993,Argo,True,True
mission_nocomm,PA60,human,554,1752059983,"(18, 7)",B2,True,take_victim,victim_5_,"(8, 9)",5,20,0.25,34.73061203956604,Argo,False,
mission_nocomm,PA60,human,655,1752059994,"(8, 9)",B2,True,drop_victim,victim_5_,"(8, 9)",5,25,0.25,42.28413391113281,Argo,True,True
mission_nocomm,PA60,nowill,656,1752059994,"(9, 9)",D2,True,drop_victim,victim_6_,"(9, 9)",6,30,0.3125,42.28413391113281,Argo,True,True
mission_nocomm,PA60,nowill,726,1752060001,"(12, 17)",C2,True,take_victim,victim_7_,"(10, 9)",7,30,0.375,45.31802463531494,Argo,False,
mission_nocomm,PA60,nowill,818,1752060011,"(10, 9)",C2,True,drop_victim,victim_7_,"(10, 9)",7,35,0.375,55.05980181694031,Argo,True,True
mission_nocomm,PA60,nowill,836,1752060013,"(4, 12)",D1,True,take_victim,victim_8_,"(11, 9)",8,35,0.4375,56.94312357902527,Argo,False,
mission_nocomm,PA60,nowill,854,1752060015,"(11, 9)",D1,True,drop_victim,victim_8_,"(11, 9)",8,40,0.4375,56.94312357902527,Argo,True,True
mission_nocomm,PA60,human,890,1752060019,"(7, 1)",A2,True,take_victim,victim_10_,"(9, 10)",10,40,0.5,56.94312357902527,Argo,False,
mission_nocomm,PA60,nowill,938,1752060024,"(10, 18)",C2,True,take_victim,victim_9_,"(8, 10)",9,40,0.5,56.94312357902527,Argo,False,
mission_nocomm,PA60,nowill,1042,1752060035,"(8, 10)",C2,True,drop_victim,victim_9_,"(8, 10)",9,45,0.5,56.94312357902527,Argo,True,True
mission_nocomm,PA60,human,1048,1752060035,"(9, 10)",A2,True,drop_victim,victim_10_,"(9, 10)",10,50,0.5625,56.94312357902527,Argo,True,True
mission_nocomm,PA60,nowill,1096,1752060040,"(11, 16)",C1,True,take_victim,victim_13_,"(8, 11)",13,50,0.625,59.75754761695862,Argo,False,
mission_nocomm,PA60,human,1140,1752060045,"(17, 8)",B2,True,take_victim,victim_11_,"(10, 10)",11,50,0.625,65.09217858314514,Argo,False,
mission_nocomm,PA60,human,1216,1752060053,"(10, 10)",B2,True,drop_victim,victim_11_,"(10, 10)",11,55,0.625,70.63442850112915,Argo,True,True
mission_nocomm,PA60,human,1247,1752060056,"(11, 2)",A2,True,take_victim,victim_12_,"(11, 10)",12,55,0.6875,70.63442850112915,Argo,False,
mission_nocomm,PA60,human,1274,1752060059,"(11, 10)",A2,True,drop_victim,victim_12_,"(11, 10)",12,60,0.6875,70.63442850112915,Argo,True,True
mission_nocomm,PA60,nowill,1275,1752060059,"(8, 11)",C1,True,drop_victim,victim_13_,"(8, 11)",13,65,0.75,70.63442850112915,Argo,True,True
mission_nocomm,PA60,nowill,1293,1752060061,"(2, 10)",D2,True,take_victim,victim_15_,"(10, 11)",15,65,0.8125,70.63442850112915,Argo,False,
mission_nocomm,PA60,human,1317,1752060063,"(8, 3)",A1,True,take_victim,victim_14_,"(9, 11)",14,65,0.8125,70.63442850112915,Argo,False,
mission_nocomm,PA60,human,1341,1752060066,"(9, 11)",A1,True,drop_victim,victim_14_,"(9, 11)",14,70,0.8125,70.63442850112915,Argo,True,True
mission_nocomm,PA60,nowill,1342,1752060066,"(10, 11)",D2,True,drop_victim,victim_15_,"(10, 11)",15,75,0.875,70.63442850112915,Argo,True,True
mission_nocomm,PA60,nowill,1380,1752060070,"(10, 15)",C1,True,take_victim,victim_16_,"(11, 11)",16,75,0.9375,70.63442850112915,Argo,False,
mission_nocomm,PA60,nowill,1440,1752060076,"(11, 11)",C1,True,drop_victim,victim_16_,"(11, 11)",16,80,0.9375,70.63442850112915,Argo,True,True
mission_nocomm,PA60,will,59,1752060277,"(16, 10)",B1,True,take_victim,victim_1_,"(8, 8)",1,0,0.0,0.0,Bolt,False,
mission_nocomm,PA60,will,139,1752060285,"(8, 8)",B1,True,drop_victim,victim_1_,"(8, 8)",1,5,0.0,2.813390016555786,Bolt,True,True
mission_nocomm,PA60,human,194,1752060291,"(11, 2)",A2,True,take_victim,victim_3_,"(10, 8)",3,5,0.0625,2.813390016555786,Bolt,False,
mission_nocomm,PA60,will,211,1752060293,"(9, 17)",C2,True,take_victim,victim_2_,"(9, 8)",2,5,0.0625,2.813390016555786,Bolt,False,
mission_nocomm,PA60,will,305,1752060303,"(9, 8)",C2,True,drop_victim,victim_2_,"(9, 8)",2,10,0.0625,2.813390016555786,Bolt,True,True
mission_nocomm,PA60,human,313,1752060303,"(10, 8)",A2,True,drop_victim,victim_3_,"(10, 8)",3,15,0.125,2.813390016555786,Bolt,True,True
mission_nocomm,PA60,will,347,1752060307,"(15, 8)",B1,True,take_victim,victim_4_,"(11, 8)",4,15,0.1875,2.813390016555786,Bolt,False,
mission_nocomm,PA60,will,407,1752060313,"(11, 8)",B1,True,drop_victim,victim_4_,"(11, 8)",4,20,0.1875,2.813390016555786,Bolt,True,True
mission_nocomm,PA60,will,487,1752060322,"(18, 12)",B2,True,take_victim,victim_5_,"(8, 9)",5,20,0.25,3.8724019527435303,Bolt,False,
mission_nocomm,PA60,human,570,1752060330,"(11, 16)",C1,False,take_victim,victim_6_,"(9, 9)",6,20,0.25,13.269833087921144,Bolt,False,
mission_nocomm,PA60,will,595,1752060333,"(8, 9)",B2,True,drop_victim,victim_5_,"(8, 9)",5,25,0.25,15.882110118865969,Bolt,True,True
mission_nocomm,PA60,human,633,1752060337,"(9, 9)",C1,False,drop_victim,victim_6_,"(9, 9)",6,30,0.3125,17.765821933746338,Bolt,True,True
mission_nocomm,PA60,human,656,1752060339,"(8, 3)",A1,True,take_victim,victim_7_,"(10, 9)",7,30,0.375,17.765821933746338,Bolt,False,
mission_nocomm,PA60,will,667,1752060341,"(17, 8)",B2,True,take_victim,victim_9_,"(8, 10)",9,30,0.375,17.765821933746338,Bolt,False,
mission_nocomm,PA60,human,699,1752060344,"(10, 9)",A1,True,drop_victim,victim_7_,"(10, 9)",7,35,0.375,17.765821933746338,Bolt,True,True
mission_nocomm,PA60,human,725,1752060347,"(10, 1)",A2,True,take_victim,victim_8_,"(11, 9)",8,35,0.4375,17.765821933746338,Bolt,False,
mission_nocomm,PA60,human,749,1752060349,"(11, 9)",A2,True,drop_victim,victim_8_,"(11, 9)",8,40,0.4375,17.765821933746338,Bolt,True,True
mission_nocomm,PA60,will,761,1752060350,"(8, 10)",B2,True,drop_victim,victim_9_,"(8, 10)",9,45,0.5,17.765821933746338,Bolt,True,True
mission_nocomm,PA60,human,799,1752060354,"(1, 9)",D2,True,take_victim,victim_10_,"(9, 10)",10,45,0.5625,17.765821933746338,Bolt,False,
mission_nocomm,PA60,human,821,1752060357,"(9, 10)",D2,True,drop_victim,victim_10_,"(9, 10)",10,50,0.5625,17.765821933746338,Bolt,True,True
mission_nocomm,PA60,will,843,1752060359,"(7, 18)",C2,True,take_victim,victim_11_,"(10, 10)",11,50,0.625,17.765821933746338,Bolt,False,
mission_nocomm,PA60,will,947,1752060370,"(10, 10)",C2,True,drop_victim,victim_11_,"(10, 10)",11,55,0.625,25.622740030288696,Bolt,True,True
mission_nocomm,PA60,human,952,1752060370,"(12, 15)",C1,False,take_victim,victim_12_,"(11, 10)",12,55,0.6875,26.170002937316895,Bolt,False,
mission_nocomm,PA60,human,1012,1752060377,"(11, 10)",C1,False,drop_victim,victim_12_,"(11, 10)",12,60,0.6875,30.553290843963623,Bolt,True,True
mission_nocomm,PA60,human,1050,1752060381,"(2, 8)",D2,True,take_victim,victim_13_,"(8, 11)",13,60,0.75,30.553290843963623,Bolt,False,
mission_nocomm,PA60,human,1088,1752060385,"(8, 11)",D2,True,drop_victim,victim_13_,"(8, 11)",13,65,0.75,30.553290843963623,Bolt,True,True
mission_nocomm,PA60,human,1120,1752060388,"(4, 8)",D1,True,take_victim,victim_14_,"(9, 11)",14,65,0.8125,30.553290843963623,Bolt,False,
mission_nocomm,PA60,human,1207,1752060397,"(9, 11)",D1,True,drop_victim,victim_14_,"(9, 11)",14,70,0.8125,30.553290843963623,Bolt,True,True
mission_nocomm,PA60,human,1236,1752060400,"(12, 4)",A1,True,take_victim,victim_15_,"(10, 11)",15,70,0.875,30.553290843963623,Bolt,False,
mission_nocomm,PA60,human,1260,1752060403,"(10, 11)",A1,True,drop_victim,victim_15_,"(10, 11)",15,75,0.875,30.553290843963623,Bolt,True,True
mission_nocomm,PA60,human,1341,1752060411,"(3, 12)",D1,True,take_victim,victim_16_,"(11, 11)",16,75,0.9375,30.553290843963623,Bolt,False,
mission_nocomm,PA60,human,1388,1752060416,"(11, 11)",D1,True,drop_victim,victim_16_,"(11, 11)",16,80,0.9375,30.553290843963623,Bolt,True,True
mission_comm,PA67,will,83,1752138772,"(12, 18)",C2,True,take_victim,victim_1_,"(8, 8)",1,0,0.0,0.0,Argo,False,
mission_comm,PA67,human,99,1752138773,"(11, 4)",A1,True,take_victim,victim_2_,"(9, 8)",2,0,0.0,0.0,Argo,False,
mission_comm,PA67,human,151,1752138779,"(9, 8)",A1,True,drop_victim,victim_2_,"(9, 8)",2,2,0.0,0.0,Argo,True,False
mission_comm,PA67,will,191,1752138783,"(8, 8)",C2,True,drop_victim,victim_1_,"(8, 8)",1,7,0.0625,0.0,Argo,True,True
mission_comm,PA67,will,235,1752138787,"(15, 7)",B1,True,take_victim,victim_3_,"(10, 8)",3,7,0.125,0.0,Argo,False,
mission_comm,PA67,human,239,1752138788,"(3, 12)",D1,True,take_victim,victim_4_,"(11, 8)",4,7,0.125,0.0,Argo,False,
mission_comm,PA67,will,297,1752138794,"(10, 8)",B1,True,drop_victim,victim_3_,"(10, 8)",3,12,0.125,0.0,Argo,True,True
mission_comm,PA67,human,315,1752138796,"(11, 8)",D1,True,drop_victim,victim_4_,"(11, 8)",4,17,0.1875,0.0,Argo,True,True
mission_comm,PA67,will,351,1752138800,"(16, 11)",B1,True,take_victim,victim_5_,"(8, 9)",5,17,0.25,0.0,Argo,False,
mission_comm,PA67,human,367,1752138801,"(2, 12)",D2,True,take_victim,victim_6_,"(9, 9)",6,17,0.25,0.0,Argo,False,
mission_comm,PA67,will,431,1752138808,"(8, 9)",B1,True,drop_victim,victim_5_,"(8, 9)",5,22,0.25,0.0,Argo,True,True
mission_comm,PA67,human,435,1752138808,"(9, 9)",D2,True,drop_victim,victim_6_,"(9, 9)",6,27,0.3125,0.0,Argo,True,True
mission_comm,PA67,will,487,1752138814,"(11, 16)",C1,True,take_victim,victim_11_,"(10, 10)",11,27,0.375,0.0,Argo,False,
mission_comm,PA67,human,496,1752138815,"(12, 3)",A1,True,take_victim,victim_7_,"(10, 9)",7,27,0.375,0.0,Argo,False,
mission_comm,PA67,human,535,1752138819,"(10, 9)",A1,True,drop_victim,victim_7_,"(10, 9)",7,32,0.375,0.0,Argo,True,True
mission_comm,PA67,human,574,1752138823,"(4, 8)",D1,True,take_victim,victim_8_,"(11, 9)",8,32,0.4375,0.0,Argo,False,
mission_comm,PA67,human,599,1752138825,"(11, 9)",D1,True,drop_victim,victim_8_,"(11, 9)",8,37,0.4375,0.0,Argo,True,True
mission_comm,PA67,human,648,1752138831,"(12, 2)",A2,True,take_victim,victim_9_,"(8, 10)",9,37,0.5,0.0,Argo,False,
mission_comm,PA67,human,695,1752138835,"(8, 10)",A2,True,drop_victim,victim_9_,"(8, 10)",9,42,0.5,0.0,Argo,True,True
mission_comm,PA67,human,721,1752138838,"(1, 9)",D2,True,take_victim,victim_10_,"(9, 10)",10,42,0.5625,0.0,Argo,False,
mission_comm,PA67,human,759,1752138842,"(9, 10)",D2,True,drop_victim,victim_10_,"(9, 10)",10,47,0.5625,0.0,Argo,True,True
mission_comm,PA67,will,760,1752138842,"(10, 10)",C1,True,drop_victim,victim_11_,"(10, 10)",11,52,0.625,0.0,Argo,True,True
mission_comm,PA67,human,808,1752138847,"(11, 1)",A2,True,take_victim,victim_13_,"(8, 11)",13,52,0.6875,0.0,Argo,False,
mission_comm,PA67,will,828,1752138849,"(10, 17)",C2,True,take_victim,victim_12_,"(11, 10)",12,52,0.6875,0.0,Argo,False,
mission_comm,PA67,human,893,1752138856,"(8, 11)",A2,True,drop_victim,victim_13_,"(8, 11)",13,54,0.6875,0.0,Argo,True,False
mission_comm,PA67,will,918,1752138859,"(11, 10)",C2,True,drop_victim,victim_12_,"(11, 10)",12,59,0.75,0.0,Argo,True,True
mission_comm,PA67,will,984,1752138866,"(17, 9)",B2,True,take_victim,victim_14_,"(9, 11)",14,59,0.8125,0.0,Argo,False,
mission_comm,PA67,human,1070,1752138875,"(12, 15)",C1,False,take_victim,victim_16_,"(11, 11)",16,59,0.8125,8.371129035949707,Argo,False,
mission_comm,PA67,will,1076,1752138875,"(9, 11)",B2,True,drop_victim,victim_14_,"(9, 11)",14,64,0.8125,9.009138822555542,Argo,True,True
mission_comm,PA67,will,1160,1752138884,"(18, 12)",B2,True,take_victim,victim_15_,"(10, 11)",15,64,0.875,13.830243110656738,Argo,False,
mission_comm,PA67,human,1161,1752138884,"(11, 11)",C1,False,drop_victim,victim_16_,"(11, 11)",16,66,0.875,13.830243110656738,Argo,True,False
mission_comm,PA67,will,1276,1752138896,"(10, 11)",B2,True,drop_victim,victim_15_,"(10, 11)",15,71,0.9375,13.830243110656738,Argo,True,True
mission_comm,PA67,nowill,41,1752139085,"(12, 15)",C1,True,take_victim,victim_3_,"(10, 8)",3,0,0.0,0.0,Bolt,False,
mission_comm,PA67,human,53,1752139086,"(10, 3)",A1,True,take_victim,victim_1_,"(8, 8)",1,0,0.0,0.0,Bolt,False,
mission_comm,PA67,human,84,1752139090,"(8, 8)",A1,True,drop_victim,victim_1_,"(8, 8)",1,5,0.0,0.0,Bolt,True,True
mission_comm,PA67,human,251,1752139107,"(16, 11)",B1,True,take_victim,victim_2_,"(9, 8)",2,5,0.0625,11.637555122375488,Bolt,False,
mission_comm,PA67,human,320,1752139114,"(9, 8)",B1,True,drop_victim,victim_2_,"(9, 8)",2,10,0.0625,16.76666021347046,Bolt,True,True
mission_comm,PA67,nowill,321,1752139114,"(10, 8)",C1,True,drop_victim,victim_3_,"(10, 8)",3,15,0.125,16.76666021347046,Bolt,True,True
mission_comm,PA67,nowill,343,1752139117,"(2, 8)",D2,True,take_victim,victim_6_,"(9, 9)",6,15,0.1875,16.76666021347046,Bolt,False,
mission_comm,PA67,human,357,1752139118,"(11, 4)",A1,True,take_victim,victim_4_,"(11, 8)",4,15,0.1875,16.76666021347046,Bolt,False,
mission_comm,PA67,human,374,1752139120,"(11, 8)",A1,True,drop_victim,victim_4_,"(11, 8)",4,20,0.1875,16.76666021347046,Bolt,True,True
mission_comm,PA67,human,467,1752139130,"(17, 9)",B2,True,take_victim,victim_5_,"(8, 9)",5,20,0.25,24.75308609008789,Bolt,False,
mission_comm,PA67,human,537,1752139137,"(8, 9)",B2,True,drop_victim,victim_5_,"(8, 9)",5,25,0.25,29.986887216567993,Bolt,True,True
mission_comm,PA67,nowill,538,1752139137,"(9, 9)",D2,True,drop_victim,victim_6_,"(9, 9)",6,30,0.3125,29.986887216567993,Bolt,True,True
mission_comm,PA67,nowill,608,1752139145,"(12, 17)",C2,True,take_victim,victim_7_,"(10, 9)",7,30,0.375,29.986887216567993,Bolt,False,
mission_comm,PA67,human,669,1752139151,"(18, 7)",B2,True,take_victim,victim_8_,"(11, 9)",8,30,0.375,35.231417179107666,Bolt,False,
mission_comm,PA67,nowill,700,1752139154,"(10, 9)",C2,True,drop_victim,victim_7_,"(10, 9)",7,35,0.375,37.640284299850464,Bolt,True,True
mission_comm,PA67,nowill,724,1752139157,"(1, 9)",D2,True,take_victim,victim_9_,"(8, 10)",9,35,0.4375,40.45798230171203,Bolt,False,
mission_comm,PA67,human,753,1752139160,"(11, 9)",B2,True,drop_victim,victim_8_,"(11, 9)",8,40,0.4375,41.397682428359985,Bolt,True,True
mission_comm,PA67,nowill,754,1752139160,"(8, 10)",D2,True,drop_victim,victim_9_,"(8, 10)",9,45,0.5,41.397682428359985,Bolt,True,True
mission_comm,PA67,nowill,808,1752139165,"(7, 16)",C1,True,take_victim,victim_10_,"(9, 10)",10,45,0.5625,41.397682428359985,Bolt,False,
mission_comm,PA67,human,809,1752139166,"(10, 1)",A2,True,take_victim,victim_11_,"(10, 10)",11,45,0.5625,41.397682428359985,Bolt,False,
mission_comm,PA67,nowill,884,1752139173,"(9, 10)",C1,True,drop_victim,victim_10_,"(9, 10)",10,50,0.5625,41.397682428359985,Bolt,True,True
mission_comm,PA67,human,887,1752139174,"(10, 10)",A2,True,drop_victim,victim_11_,"(10, 10)",11,55,0.625,41.397682428359985,Bolt,True,True
mission_comm,PA67,nowill,900,1752139175,"(4, 12)",D1,True,take_victim,victim_14_,"(9, 11)",14,55,0.6875,41.397682428359985,Bolt,False,
mission_comm,PA67,human,935,1752139179,"(15, 8)",B1,True,take_victim,victim_12_,"(11, 10)",12,55,0.6875,43.901883602142334,Bolt,False,
mission_comm,PA67,human,983,1752139184,"(11, 10)",B1,True,drop_victim,victim_12_,"(11, 10)",12,60,0.6875,47.039849519729614,Bolt,True,True
mission_comm,PA67,human,1027,1752139188,"(11, 2)",A2,True,take_victim,victim_13_,"(8, 11)",13,60,0.75,47.039849519729614,Bolt,False,
mission_comm,PA67,human,1067,1752139193,"(8, 11)",A2,True,drop_victim,victim_13_,"(8, 11)",13,65,0.75,47.039849519729614,Bolt,True,True
mission_comm,PA67,nowill,1068,1752139193,"(9, 11)",D1,True,drop_victim,victim_14_,"(9, 11)",14,70,0.8125,47.039849519729614,Bolt,True,True
mission_comm,PA67,human,1099,1752139196,"(3, 9)",D1,False,take_victim,victim_16_,"(11, 11)",16,70,0.875,47.039849519729614,Bolt,False,
mission_comm,PA67,nowill,1148,1752139201,"(9, 18)",C2,True,take_victim,victim_15_,"(10, 11)",15,70,0.875,47.039849519729614,Bolt,False,
mission_comm,PA67,nowill,1250,1752139212,"(10, 11)",C2,True,drop_victim,victim_15_,"(10, 11)",15,75,0.875,47.039849519729614,Bolt,True,True
mission_comm,PA67,human,1262,1752139213,"(11, 11)",D1,False,drop_victim,victim_16_,"(11, 11)",16,80,0.9375,47.039849519729614,Bolt,True,True
mission_comm,PA58,will,69,1752045088,"(11, 17)",C2,True,take_victim,victim_1_,"(8, 8)",1,0,0.0,0.0,Argo,False,
mission_comm,PA58,human,94,1752045091,"(11, 3)",A1,True,take_victim,victim_2_,"(9, 8)",2,0,0.0,0.0,Argo,False,
mission_comm,PA58,will,163,1752045098,"(8, 8)",C2,True,drop_victim,victim_1_,"(8, 8)",1,5,0.0,0.0,Argo,True,True
mission_comm,PA58,human,174,1752045099,"(9, 8)",A1,True,drop_victim,victim_2_,"(9, 8)",2,10,0.0625,0.0,Argo,True,True
mission_comm,PA58,human,201,1752045102,"(7, 4)",A1,True,take_victim,victim_3_,"(10, 8)",3,10,0.125,0.0,Argo,False,
mission_comm,PA58,will,207,1752045102,"(12, 15)",C1,True,take_victim,victim_6_,"(9, 9)",6,10,0.125,0.0,Argo,False,
mission_comm,PA58,human,230,1752045105,"(10, 8)",A1,True,drop_victim,victim_3_,"(10, 8)",3,15,0.125,0.0,Argo,True,True
mission_comm,PA58,human,304,1752045113,"(1, 12)",D2,True,take_victim,victim_4_,"(11, 8)",4,15,0.1875,0.0,Argo,False,
mission_comm,PA58,human,338,1752045116,"(11, 8)",D2,True,drop_victim,victim_4_,"(11, 8)",4,20,0.1875,0.0,Argo,True,True
mission_comm,PA58,human,363,1752045119,"(8, 2)",A2,True,take_victim,victim_5_,"(8, 9)",5,20,0.25,0.0,Argo,False,
mission_comm,PA58,human,381,1752045121,"(8, 9)",A2,True,drop_victim,victim_5_,"(8, 9)",5,25,0.25,0.0,Argo,True,True
mission_comm,PA58,will,382,1752045121,"(9, 9)",C1,True,drop_victim,victim_6_,"(9, 9)",6,30,0.3125,0.0,Argo,True,True
mission_comm,PA58,human,423,1752045125,"(3, 7)",D1,True,take_victim,victim_8_,"(11, 9)",8,30,0.375,0.0,Argo,False,
mission_comm,PA58,will,424,1752045125,"(15, 9)",B1,True,take_victim,victim_7_,"(10, 9)",7,30,0.375,0.0,Argo,False,
mission_comm,PA58,will,486,1752045132,"(10, 9)",B1,True,drop_victim,victim_7_,"(10, 9)",7,35,0.375,0.0,Argo,True,True
mission_comm,PA58,human,493,1752045132,"(11, 9)",D1,True,drop_victim,victim_8_,"(11, 9)",8,40,0.4375,0.0,Argo,True,True
mission_comm,PA58,human,550,1752045138,"(10, 1)",A2,True,take_victim,victim_9_,"(8, 10)",9,40,0.5,0.0,Argo,False,
mission_comm,PA58,will,570,1752045140,"(8, 18)",C2,True,take_victim,victim_10_,"(9, 10)",10,40,0.5,0.0,Argo,False,
mission_comm,PA58,human,582,1752045142,"(8, 10)",A2,True,drop_victim,victim_9_,"(8, 10)",9,45,0.5,0.0,Argo,True,True
mission_comm,PA58,human,619,1752045146,"(4, 11)",D1,True,take_victim,victim_11_,"(10, 10)",11,45,0.5625,0.0,Argo,False,
mission_comm,PA58,will,674,1752045151,"(9, 10)",C2,True,drop_victim,victim_10_,"(9, 10)",10,50,0.5625,0.0,Argo,True,True
mission_comm,PA58,human,685,1752045152,"(10, 10)",D1,True,drop_victim,victim_11_,"(10, 10)",11,55,0.625,0.0,Argo,True,True
mission_comm,PA58,human,711,1752045155,"(2, 7)",D2,True,take_victim,victim_12_,"(11, 10)",12,55,0.6875,0.0,Argo,False,
mission_comm,PA58,will,728,1752045157,"(8, 16)",C1,True,take_victim,victim_13_,"(8, 11)",13,55,0.6875,0.0,Argo,False,
mission_comm,PA58,human,740,1752045158,"(11, 10)",D2,True,drop_victim,victim_12_,"(11, 10)",12,60,0.6875,0.0,Argo,True,True
mission_comm,PA58,will,802,1752045165,"(8, 11)",C1,True,drop_victim,victim_13_,"(8, 11)",13,65,0.75,0.0,Argo,True,True
mission_comm,PA58,will,860,1752045171,"(16, 10)",B1,True,take_victim,victim_14_,"(9, 11)",14,65,0.8125,0.0959999561309814,Argo,False,
mission_comm,PA58,human,915,1752045177,"(17, 8)",B2,False,take_victim,victim_15_,"(10, 11)",15,65,0.8125,6.693543910980225,Argo,False,
mission_comm,PA58,will,938,1752045179,"(9, 11)",B1,True,drop_victim,victim_14_,"(9, 11)",14,70,0.8125,8.373394966125488,Argo,True,True
mission_comm,PA58,human,994,1752045185,"(10, 11)",B2,False,drop_victim,victim_15_,"(10, 11)",15,75,0.875,13.135529041290283,Argo,True,True
mission_comm,PA58,will,1022,1752045188,"(18, 11)",B2,True,take_victim,victim_16_,"(11, 11)",16,75,0.9375,13.135529041290283,Argo,False,
mission_comm,PA58,will,1124,1752045198,"(11, 11)",B2,True,drop_victim,victim_16_,"(11, 11)",16,80,0.9375,13.135529041290283,Argo,True,True
mission_comm,PA58,nowill,41,1752045369,"(9, 15)",C1,True,take_victim,victim_1_,"(8, 8)",1,0,0.0,0.0,Bolt,False,
mission_comm,PA58,human,68,1752045372,"(7, 1)",A2,True,take_victim,victim_2_,"(9, 8)",2,0,0.0,0.0,Bolt,False,
mission_comm,PA58,nowill,107,1752045376,"(8, 8)",C1,True,drop_victim,victim_1_,"(8, 8)",1,5,0.0,0.0,Bolt,True,True
mission_comm,PA58,human,110,1752045376,"(9, 8)",A2,True,drop_victim,victim_2_,"(9, 8)",2,10,0.0625,0.0,Bolt,True,True
mission_comm,PA58,human,145,1752045380,"(4, 11)",D1,False,take_victim,victim_4_,"(11, 8)",4,10,0.125,0.0,Bolt,False,
mission_comm,PA58,nowill,165,1752045382,"(12, 16)",C1,True,take_victim,victim_3_,"(10, 8)",3,10,0.125,0.0,Bolt,False,
mission_comm,PA58,nowill,257,1752045391,"(10, 8)",C1,True,drop_victim,victim_3_,"(10, 8)",3,15,0.125,0.0,Bolt,True,True
mission_comm,PA58,human,262,1752045392,"(11, 8)",D1,False,drop_victim,victim_4_,"(11, 8)",4,20,0.1875,0.0,Bolt,True,True
mission_comm,PA58,nowill,325,1752045399,"(17, 9)",B2,True,take_victim,victim_5_,"(8, 9)",5,20,0.25,0.0,Bolt,False,
mission_comm,PA58,nowill,419,1752045408,"(8, 9)",B2,True,drop_victim,victim_5_,"(8, 9)",5,25,0.25,2.403939008712769,Bolt,True,True
mission_comm,PA58,human,432,1752045410,"(16, 9)",B1,True,take_victim,victim_6_,"(9, 9)",6,25,0.3125,3.765860080718994,Bolt,False,
mission_comm,PA58,human,503,1752045417,"(9, 9)",B1,True,drop_victim,victim_6_,"(9, 9)",6,30,0.3125,8.987901210784912,Bolt,True,True
mission_comm,PA58,human,527,1752045420,"(3, 10)",D1,False,take_victim,victim_7_,"(10, 9)",7,30,0.375,8.987901210784912,Bolt,False,
mission_comm,PA58,nowill,549,1752045422,"(18, 7)",B2,True,take_victim,victim_8_,"(11, 9)",8,30,0.375,8.987901210784912,Bolt,False,
mission_comm,PA58,human,550,1752045422,"(10, 9)",D1,False,drop_victim,victim_7_,"(10, 9)",7,35,0.375,8.987901210784912,Bolt,True,True
mission_comm,PA58,human,586,1752045426,"(8, 3)",A1,True,take_victim,victim_9_,"(8, 10)",9,35,0.4375,8.987901210784912,Bolt,False,
mission_comm,PA58,nowill,651,1752045433,"(11, 9)",B2,True,drop_victim,victim_8_,"(11, 9)",8,40,0.4375,8.987901210784912,Bolt,True,True
mission_comm,PA58,human,657,1752045433,"(8, 10)",A1,True,drop_victim,victim_9_,"(8, 10)",9,45,0.5,8.987901210784912,Bolt,True,True
mission_comm,PA58,human,711,1752045439,"(1, 12)",D2,False,take_victim,victim_12_,"(11, 10)",12,45,0.5625,8.987901210784912,Bolt,False,
mission_comm,PA58,nowill,721,1752045440,"(9, 17)",C2,True,take_victim,victim_10_,"(9, 10)",10,45,0.5625,8.987901210784912,Bolt,False,
mission_comm,PA58,nowill,811,1752045449,"(9, 10)",C2,True,drop_victim,victim_10_,"(9, 10)",10,50,0.5625,8.987901210784912,Bolt,True,True
mission_comm,PA58,nowill,853,1752045454,"(15, 10)",B1,True,take_victim,victim_11_,"(10, 10)",11,50,0.625,8.987901210784912,Bolt,False,
mission_comm,PA58,nowill,915,1752045460,"(10, 10)",B1,True,drop_victim,victim_11_,"(10, 10)",11,55,0.625,8.987901210784912,Bolt,True,True
mission_comm,PA58,human,922,1752045461,"(11, 10)",D2,False,drop_victim,victim_12_,"(11, 10)",12,60,0.6875,8.987901210784912,Bolt,True,True
mission_comm,PA58,human,946,1752045464,"(9, 4)",A1,True,take_victim,victim_13_,"(8, 11)",13,60,0.75,8.987901210784912,Bolt,False,
mission_comm,PA58,human,968,1752045466,"(8, 11)",A1,True,drop_victim,victim_13_,"(8, 11)",13,65,0.75,8.987901210784912,Bolt,True,True
mission_comm,PA58,nowill,997,1752045469,"(8, 18)",C2,True,take_victim,victim_15_,"(10, 11)",15,65,0.8125,8.987901210784912,Bolt,False,
mission_comm,PA58,human,1000,1752045469,"(11, 2)",A2,True,take_victim,victim_14_,"(9, 11)",14,65,0.8125,8.987901210784912,Bolt,False,
mission_comm,PA58,human,1038,1752045473,"(9, 12)",A2,True,take_victim,victim_14_,"(9, 11)",14,65,0.8125,8.987901210784912,Bolt,False,
mission_comm,PA58,human,1044,1752045474,"(9, 11)",A2,True,drop_victim,victim_14_,"(9, 11)",14,70,0.8125,8.987901210784912,Bolt,True,True
mission_comm,PA58,human,1078,1752045477,"(2, 11)",D2,False,take_victim,victim_16_,"(11, 11)",16,70,0.875,8.987901210784912,Bolt,False,
mission_comm,PA58,nowill,1099,1752045480,"(10, 11)",C2,True,drop_victim,victim_15_,"(10, 11)",15,75,0.875,8.987901210784912,Bolt,True,True
mission_comm,PA58,human,1108,1752045481,"(11, 11)",D2,False,drop_victim,victim_16_,"(11, 11)",16,80,0.9375,8.987901210784912,Bolt,True,True
mission_comm,PA51,will,55,1751540772,"(7, 16)",C1,True,take_victim,victim_1_,"(8, 8)",1,0,0.0,0.0,Bolt,False,
mission_comm,PA51,will,135,1751540781,"(8, 8)",C1,True,drop_victim,victim_1_,"(8, 8)",1,5,0.0,0.0,Bolt,True,True
mission_comm,PA51,will,179,1751540785,"(8, 15)",C1,True,take_victim,victim_2_,"(9, 8)",2,5,0.0625,0.0,Bolt,False,
mission_comm,PA51,human,227,1751540790,"(8, 4)",A1,True,take_victim,victim_3_,"(10, 8)",3,5,0.0625,0.0,Bolt,False,
mission_comm,PA51,will,245,1751540792,"(9, 8)",C1,True,drop_victim,victim_2_,"(9, 8)",2,10,0.0625,0.0,Bolt,True,True
mission_comm,PA51,human,274,1751540795,"(10, 8)",A1,True,drop_victim,victim_3_,"(10, 8)",3,15,0.125,0.0,Bolt,True,True
mission_comm,PA51,human,322,1751540800,"(1, 10)",D2,True,take_victim,victim_4_,"(11, 8)",4,15,0.1875,0.0,Bolt,False,
mission_comm,PA51,will,331,1751540801,"(9, 18)",C2,True,take_victim,victim_5_,"(8, 9)",5,15,0.1875,0.0,Bolt,False,
mission_comm,PA51,human,371,1751540805,"(11, 8)",D2,True,drop_victim,victim_4_,"(11, 8)",4,20,0.1875,0.0,Bolt,True,True
mission_comm,PA51,human,418,1751540810,"(9, 3)",A1,True,take_victim,victim_6_,"(9, 9)",6,20,0.25,0.0,Bolt,False,
mission_comm,PA51,will,437,1751540812,"(8, 9)",C2,True,drop_victim,victim_5_,"(8, 9)",5,25,0.25,0.0,Bolt,True,True
mission_comm,PA51,human,464,1751540815,"(9, 9)",A1,True,drop_victim,victim_6_,"(9, 9)",6,30,0.3125,0.0,Bolt,True,True
mission_comm,PA51,will,495,1751540818,"(16, 9)",B1,True,take_victim,victim_8_,"(11, 9)",8,30,0.375,0.0,Bolt,False,
mission_comm,PA51,human,499,1751540819,"(3, 9)",D1,True,take_victim,victim_7_,"(10, 9)",7,30,0.375,0.0,Bolt,False,
mission_comm,PA51,human,539,1751540823,"(10, 9)",D1,True,drop_victim,victim_7_,"(10, 9)",7,35,0.375,0.0,Bolt,True,True
mission_comm,PA51,will,569,1751540826,"(11, 9)",B1,True,drop_victim,victim_8_,"(11, 9)",8,40,0.4375,0.0,Bolt,True,True
mission_comm,PA51,will,639,1751540833,"(7, 17)",C2,True,take_victim,victim_9_,"(8, 10)",9,40,0.5,0.0,Bolt,False,
mission_comm,PA51,human,651,1751540835,"(10, 1)",A2,True,take_victim,victim_11_,"(10, 10)",11,40,0.5,0.0,Bolt,False,
mission_comm,PA51,human,694,1751540839,"(10, 10)",A2,True,drop_victim,victim_11_,"(10, 10)",11,42,0.5,0.0,Bolt,True,False
mission_comm,PA51,will,729,1751540843,"(8, 10)",C2,True,drop_victim,victim_9_,"(8, 10)",9,47,0.5625,0.0,Bolt,True,True
mission_comm,PA51,human,761,1751540846,"(2, 8)",D2,True,take_victim,victim_12_,"(11, 10)",12,47,0.625,0.0,Bolt,False,
mission_comm,PA51,will,815,1751540852,"(18, 10)",B2,True,take_victim,victim_10_,"(9, 10)",10,47,0.625,0.0,Bolt,False,
mission_comm,PA51,human,816,1751540852,"(11, 10)",D2,True,drop_victim,victim_12_,"(11, 10)",12,49,0.625,0.0,Bolt,True,False
mission_comm,PA51,human,902,1751540861,"(11, 2)",A2,True,take_victim,victim_14_,"(9, 11)",14,49,0.6875,0.0,Bolt,False,
mission_comm,PA51,will,921,1751540863,"(9, 10)",B2,True,drop_victim,victim_10_,"(9, 10)",10,54,0.6875,0.0,Bolt,True,True
mission_comm,PA51,will,963,1751540867,"(15, 7)",B1,True,take_victim,victim_13_,"(8, 11)",13,54,0.75,0.0,Bolt,False,
mission_comm,PA51,will,1029,1751540874,"(8, 11)",B1,True,drop_victim,victim_13_,"(8, 11)",13,59,0.75,0.0,Bolt,True,True
mission_comm,PA51,human,1046,1751540876,"(9, 11)",A2,True,drop_victim,victim_14_,"(9, 11)",14,64,0.8125,0.0,Bolt,True,True
mission_comm,PA51,will,1101,1751540882,"(17, 8)",B2,True,take_victim,victim_16_,"(11, 11)",16,64,0.875,0.0,Bolt,False,
mission_comm,PA51,human,1105,1751540882,"(4, 10)",D1,True,take_victim,victim_15_,"(10, 11)",15,64,0.875,0.0,Bolt,False,
mission_comm,PA51,human,1137,1751540886,"(10, 11)",D1,True,drop_victim,victim_15_,"(10, 11)",15,69,0.875,0.0,Bolt,True,True
mission_comm,PA51,will,1189,1751540891,"(11, 11)",B2,True,drop_victim,victim_16_,"(11, 11)",16,74,0.9375,0.0,Bolt,True,True
mission_comm,PA51,nowill,87,1751541082,"(18, 8)",B2,True,take_victim,victim_1_,"(8, 8)",1,0,0.0,0.0,Argo,False,
mission_comm,PA51,human,120,1751541085,"(11, 2)",A2,True,take_victim,victim_2_,"(9, 8)",2,0,0.0,0.0,Argo,False,
mission_comm,PA51,nowill,195,1751541093,"(8, 8)",B2,True,drop_victim,victim_1_,"(8, 8)",1,5,0.0,0.0,Argo,True,True
mission_comm,PA51,nowill,209,1751541095,"(4, 12)",D1,True,take_victim,victim_3_,"(10, 8)",3,5,0.0625,0.0,Argo,False,
mission_comm,PA51,human,212,1751541095,"(9, 8)",A2,True,drop_victim,victim_2_,"(9, 8)",2,10,0.0625,0.0,Argo,True,True
mission_comm,PA51,nowill,225,1751541096,"(10, 8)",D1,True,drop_victim,victim_3_,"(10, 8)",3,15,0.125,0.0,Argo,True,True
mission_comm,PA51,human,281,1751541102,"(7, 3)",A1,True,take_victim,victim_4_,"(11, 8)",4,15,0.1875,0.0,Argo,False,
mission_comm,PA51,nowill,311,1751541105,"(10, 18)",C2,True,take_victim,victim_5_,"(8, 9)",5,15,0.1875,0.0,Argo,False,
mission_comm,PA51,human,334,1751541108,"(11, 8)",A1,True,drop_victim,victim_4_,"(11, 8)",4,20,0.1875,0.0,Argo,True,True
mission_comm,PA51,human,404,1751541115,"(2, 9)",D2,False,take_victim,victim_6_,"(9, 9)",6,20,0.25,0.0,Argo,False,
mission_comm,PA51,nowill,417,1751541116,"(8, 9)",C2,True,drop_victim,victim_5_,"(8, 9)",5,25,0.25,0.0,Argo,True,True
mission_comm,PA51,human,437,1751541118,"(9, 9)",D2,False,drop_victim,victim_6_,"(9, 9)",6,30,0.3125,0.0,Argo,True,True
mission_comm,PA51,nowill,459,1751541121,"(11, 15)",C1,True,take_victim,victim_7_,"(10, 9)",7,30,0.375,0.0,Argo,False,
mission_comm,PA51,human,511,1751541126,"(12, 1)",A2,True,take_victim,victim_8_,"(11, 9)",8,30,0.375,0.0,Argo,False,
mission_comm,PA51,nowill,523,1751541127,"(10, 9)",C1,True,drop_victim,victim_7_,"(10, 9)",7,35,0.375,0.0,Argo,True,True
mission_comm,PA51,human,546,1751541130,"(11, 9)",A2,True,drop_victim,victim_8_,"(11, 9)",8,40,0.4375,0.0,Argo,True,True
mission_comm,PA51,nowill,579,1751541133,"(8, 16)",C1,True,take_victim,victim_10_,"(9, 10)",10,40,0.5,0.0,Argo,False,
mission_comm,PA51,human,649,1751541141,"(15, 9)",B1,True,take_victim,victim_9_,"(8, 10)",9,40,0.5,6.497223138809204,Argo,False,
mission_comm,PA51,human,715,1751541148,"(8, 10)",B1,True,drop_victim,victim_9_,"(8, 10)",9,45,0.5,9.840161085128784,Argo,True,True
mission_comm,PA51,nowill,716,1751541148,"(9, 10)",C1,True,drop_victim,victim_10_,"(9, 10)",10,50,0.5625,9.840161085128784,Argo,True,True
mission_comm,PA51,nowill,786,1751541155,"(17, 9)",B2,True,take_victim,victim_11_,"(10, 10)",11,50,0.625,9.840161085128784,Argo,False,
mission_comm,PA51,human,836,1751541160,"(16, 10)",B1,True,take_victim,victim_13_,"(8, 11)",13,50,0.625,13.79911994934082,Argo,False,
mission_comm,PA51,nowill,876,1751541164,"(10, 10)",B2,True,drop_victim,victim_11_,"(10, 10)",11,55,0.625,17.15019702911377,Argo,True,True
mission_comm,PA51,nowill,944,1751541172,"(12, 17)",C2,True,take_victim,victim_12_,"(11, 10)",12,55,0.6875,18.09042000770569,Argo,False,
mission_comm,PA51,nowill,1046,1751541182,"(11, 10)",C2,True,drop_victim,victim_12_,"(11, 10)",12,60,0.6875,18.09042000770569,Argo,True,True
mission_comm,PA51,human,1062,1751541184,"(8, 11)",B1,True,drop_victim,victim_13_,"(8, 11)",13,65,0.75,18.09042000770569,Argo,True,True
mission_comm,PA51,nowill,1068,1751541185,"(3, 9)",D1,True,take_victim,victim_16_,"(11, 11)",16,65,0.8125,18.09042000770569,Argo,False,
mission_comm,PA51,human,1105,1751541188,"(9, 4)",A1,True,take_victim,victim_14_,"(9, 11)",14,65,0.8125,18.09042000770569,Argo,False,
mission_comm,PA51,human,1137,1751541192,"(9, 11)",A1,True,drop_victim,victim_14_,"(9, 11)",14,70,0.8125,18.09042000770569,Argo,True,True
mission_comm,PA51,human,1193,1751541198,"(1, 8)",D2,False,take_victim,victim_15_,"(10, 11)",15,70,0.875,18.09042000770569,Argo,False,
mission_comm,PA51,human,1236,1751541202,"(10, 11)",D2,False,drop_victim,victim_15_,"(10, 11)",15,75,0.875,18.09042000770569,Argo,True,True
mission_comm,PA51,nowill,1237,1751541202,"(11, 11)",D1,True,drop_victim,victim_16_,"(11, 11)",16,80,0.9375,18.09042000770569,Argo,True,True
mission_nocomm,PA56,will,87,1751987323,"(18, 11)",B2,True,take_victim,victim_1_,"(8, 8)",1,0,0.0,0.0,Argo,False,
mission_nocomm,PA56,human,99,1751987324,"(4, 12)",D1,True,take_victim,victim_2_,"(9, 8)",2,0,0.0,0.0,Argo,False,
mission_nocomm,PA56,will,195,1751987334,"(8, 8)",B2,True,drop_victim,victim_1_,"(8, 8)",1,5,0.0,0.0,Argo,True,True
mission_nocomm,PA56,human,200,1751987335,"(9, 8)",D1,True,drop_victim,victim_2_,"(9, 8)",2,10,0.0625,0.0,Argo,True,True
mission_nocomm,PA56,will,267,1751987342,"(8, 17)",C2,True,take_victim,victim_3_,"(10, 8)",3,10,0.125,0.0,Argo,False,
mission_nocomm,PA56,human,289,1751987344,"(12, 1)",A2,True,take_victim,victim_4_,"(11, 8)",4,10,0.125,0.0,Argo,False,
mission_nocomm,PA56,will,361,1751987351,"(10, 8)",C2,True,drop_victim,victim_3_,"(10, 8)",3,15,0.125,0.0,Argo,True,True
mission_nocomm,PA56,human,373,1751987353,"(11, 8)",A2,True,drop_victim,victim_4_,"(11, 8)",4,20,0.1875,0.0,Argo,True,True
mission_nocomm,PA56,human,419,1751987357,"(2, 11)",D2,True,take_victim,victim_5_,"(8, 9)",5,20,0.25,0.0,Argo,False,
mission_nocomm,PA56,will,419,1751987358,"(12, 16)",C1,True,take_victim,victim_7_,"(10, 9)",7,20,0.25,0.0,Argo,False,
mission_nocomm,PA56,human,462,1751987362,"(8, 9)",D2,True,drop_victim,victim_5_,"(8, 9)",5,25,0.25,0.0,Argo,True,True
mission_nocomm,PA56,human,495,1751987365,"(8, 2)",A2,True,take_victim,victim_6_,"(9, 9)",6,25,0.3125,0.0,Argo,False,
mission_nocomm,PA56,human,535,1751987370,"(9, 9)",A2,True,drop_victim,victim_6_,"(9, 9)",6,30,0.3125,0.0,Argo,True,True
mission_nocomm,PA56,will,536,1751987370,"(10, 9)",C1,True,drop_victim,victim_7_,"(10, 9)",7,35,0.375,0.0,Argo,True,True
mission_nocomm,PA56,will,576,1751987374,"(15, 8)",B1,True,take_victim,victim_8_,"(11, 9)",8,35,0.4375,0.0,Argo,False,
mission_nocomm,PA56,human,600,1751987377,"(10, 3)",A1,True,take_victim,victim_9_,"(8, 10)",9,35,0.4375,0.0,Argo,False,
mission_nocomm,PA56,will,636,1751987380,"(11, 9)",B1,True,drop_victim,victim_8_,"(11, 9)",8,40,0.4375,0.0,Argo,True,True
mission_nocomm,PA56,human,664,1751987383,"(8, 10)",A1,True,drop_victim,victim_9_,"(8, 10)",9,45,0.5,0.0,Argo,True,True
mission_nocomm,PA56,will,720,1751987389,"(11, 18)",C2,True,take_victim,victim_10_,"(9, 10)",10,45,0.5625,0.0,Argo,False,
mission_nocomm,PA56,human,736,1751987391,"(1, 9)",D2,True,take_victim,victim_12_,"(11, 10)",12,45,0.5625,0.0,Argo,False,
mission_nocomm,PA56,will,824,1751987400,"(9, 10)",C2,True,drop_victim,victim_10_,"(9, 10)",10,50,0.5625,0.0,Argo,True,True
mission_nocomm,PA56,will,864,1751987404,"(7, 15)",C1,True,take_victim,victim_11_,"(10, 10)",11,50,0.625,0.0,Argo,False,
mission_nocomm,PA56,will,926,1751987411,"(10, 10)",C1,True,drop_victim,victim_11_,"(10, 10)",11,55,0.625,0.0,Argo,True,True
mission_nocomm,PA56,human,938,1751987412,"(11, 10)",D2,True,drop_victim,victim_12_,"(11, 10)",12,60,0.6875,0.0,Argo,True,True
mission_nocomm,PA56,will,980,1751987416,"(16, 7)",B1,True,take_victim,victim_13_,"(8, 11)",13,60,0.75,0.0,Argo,False,
mission_nocomm,PA56,human,1006,1751987419,"(3, 7)",D1,True,take_victim,victim_15_,"(10, 11)",15,60,0.75,0.0,Argo,False,
mission_nocomm,PA56,will,1060,1751987425,"(8, 11)",B1,True,drop_victim,victim_13_,"(8, 11)",13,65,0.75,0.0,Argo,True,True
mission_nocomm,PA56,will,1132,1751987432,"(17, 9)",B2,True,take_victim,victim_14_,"(9, 11)",14,65,0.8125,0.0,Argo,False,
mission_nocomm,PA56,will,1224,1751987442,"(9, 11)",B2,True,drop_victim,victim_14_,"(9, 11)",14,70,0.8125,0.0,Argo,True,True
mission_nocomm,PA56,human,1233,1751987443,"(10, 11)",D1,True,drop_victim,victim_15_,"(10, 11)",15,75,0.875,0.0,Argo,True,True
mission_nocomm,PA56,human,1258,1751987446,"(9, 4)",A1,True,take_victim,victim_16_,"(11, 11)",16,75,0.9375,0.0,Argo,False,
mission_nocomm,PA56,human,1282,1751987448,"(11, 11)",A1,True,drop_victim,victim_16_,"(11, 11)",16,80,0.9375,0.0,Argo,True,True
mission_nocomm,PA56,nowill,69,1751987903,"(11, 17)",C2,True,take_victim,victim_1_,"(8, 8)",1,0,0.0,0.0,Bolt,False,
mission_nocomm,PA56,nowill,163,1751987913,"(8, 8)",C2,True,drop_victim,victim_1_,"(8, 8)",1,5,0.0,8.355306148529053,Bolt,True,True
mission_nocomm,PA56,human,169,1751987913,"(18, 9)",B2,True,take_victim,victim_3_,"(10, 8)",3,5,0.0625,8.98167109489441,Bolt,False,
mission_nocomm,PA56,nowill,221,1751987919,"(11, 16)",C1,True,take_victim,victim_2_,"(9, 8)",2,5,0.0625,14.099714040756226,Bolt,False,
mission_nocomm,PA56,nowill,301,1751987927,"(9, 8)",C1,True,drop_victim,victim_2_,"(9, 8)",2,10,0.0625,17.760768175125122,Bolt,True,True
mission_nocomm,PA56,human,309,1751987928,"(10, 8)",B2,True,drop_victim,victim_3_,"(10, 8)",3,15,0.125,17.760768175125122,Bolt,True,True
mission_nocomm,PA56,nowill,319,1751987929,"(3, 9)",D1,True,take_victim,victim_6_,"(9, 9)",6,15,0.1875,17.86234211921692,Bolt,False,
mission_nocomm,PA56,human,387,1751987936,"(16, 11)",B1,True,take_victim,victim_4_,"(11, 8)",4,15,0.1875,25.001545190811157,Bolt,False,
mission_nocomm,PA56,human,465,1751987944,"(11, 8)",B1,True,drop_victim,victim_4_,"(11, 8)",4,20,0.1875,30.428043365478516,Bolt,True,True
mission_nocomm,PA56,human,493,1751987947,"(10, 2)",A2,True,take_victim,victim_5_,"(8, 9)",5,20,0.25,30.428043365478516,Bolt,False,
mission_nocomm,PA56,human,521,1751987950,"(8, 9)",A2,True,drop_victim,victim_5_,"(8, 9)",5,25,0.25,30.428043365478516,Bolt,True,True
mission_nocomm,PA56,nowill,522,1751987950,"(9, 9)",D1,True,drop_victim,victim_6_,"(9, 9)",6,30,0.3125,30.428043365478516,Bolt,True,True
mission_nocomm,PA56,nowill,538,1751987952,"(4, 8)",D1,True,take_victim,victim_10_,"(9, 10)",10,30,0.375,30.428043365478516,Bolt,False,
mission_nocomm,PA56,human,565,1751987955,"(7, 1)",A2,True,take_victim,victim_7_,"(10, 9)",7,30,0.375,30.428043365478516,Bolt,False,
mission_nocomm,PA56,human,600,1751987958,"(10, 9)",A2,True,drop_victim,victim_7_,"(10, 9)",7,35,0.375,30.428043365478516,Bolt,True,True
mission_nocomm,PA56,human,630,1751987962,"(8, 3)",A1,True,take_victim,victim_8_,"(11, 9)",8,35,0.4375,30.428043365478516,Bolt,False,
mission_nocomm,PA56,human,662,1751987965,"(11, 9)",A1,True,drop_victim,victim_8_,"(11, 9)",8,40,0.4375,30.428043365478516,Bolt,True,True
mission_nocomm,PA56,human,727,1751987972,"(17, 8)",B2,True,take_victim,victim_9_,"(8, 10)",9,40,0.5,35.85116672515869,Bolt,False,
mission_nocomm,PA56,human,806,1751987980,"(8, 10)",B2,True,drop_victim,victim_9_,"(8, 10)",9,45,0.5,41.406524658203125,Bolt,True,True
mission_nocomm,PA56,nowill,807,1751987980,"(9, 10)",D1,True,drop_victim,victim_10_,"(9, 10)",10,50,0.5625,41.406524658203125,Bolt,True,True
mission_nocomm,PA56,human,867,1751987986,"(15, 8)",B1,True,take_victim,victim_11_,"(10, 10)",11,50,0.625,44.552769899368286,Bolt,False,
mission_nocomm,PA56,nowill,889,1751987989,"(8, 18)",C2,True,take_victim,victim_12_,"(11, 10)",12,50,0.625,46.01862168312073,Bolt,False,
mission_nocomm,PA56,human,917,1751987992,"(10, 10)",B1,True,drop_victim,victim_11_,"(10, 10)",11,55,0.625,47.90210270881653,Bolt,True,True
mission_nocomm,PA56,human,955,1751987996,"(10, 4)",A1,True,take_victim,victim_16_,"(11, 11)",16,55,0.6875,47.90210270881653,Bolt,False,
mission_nocomm,PA56,nowill,993,1751988000,"(11, 10)",C2,True,drop_victim,victim_12_,"(11, 10)",12,60,0.6875,47.90210270881653,Bolt,True,True
mission_nocomm,PA56,nowill,1033,1751988004,"(12, 15)",C1,True,take_victim,victim_13_,"(8, 11)",13,60,0.75,47.90210270881653,Bolt,False,
mission_nocomm,PA56,nowill,1093,1751988010,"(8, 11)",C1,True,drop_victim,victim_13_,"(8, 11)",13,65,0.75,47.90210270881653,Bolt,True,True
mission_nocomm,PA56,nowill,1113,1751988012,"(1, 10)",D2,True,take_victim,victim_14_,"(9, 11)",14,65,0.8125,47.90210270881653,Bolt,False,
mission_nocomm,PA56,nowill,1133,1751988014,"(9, 11)",D2,True,drop_victim,victim_14_,"(9, 11)",14,70,0.8125,47.90210270881653,Bolt,True,True
mission_nocomm,PA56,nowill,1153,1751988016,"(2, 9)",D2,True,take_victim,victim_15_,"(10, 11)",15,70,0.875,47.90210270881653,Bolt,False,
mission_nocomm,PA56,nowill,1173,1751988019,"(10, 11)",D2,True,drop_victim,victim_15_,"(10, 11)",15,75,0.875,47.90210270881653,Bolt,True,True
mission_nocomm,PA56,human,1180,1751988019,"(11, 11)",A1,True,drop_victim,victim_16_,"(11, 11)",16,80,0.9375,47.90210270881653,Bolt,True,True
mission_nocomm,PA69,nowill,17,1752145753,"(1, 12)",D2,True,take_victim,victim_1_,"(8, 8)",1,0,0.0,0.0,Bolt,False,
mission_nocomm,PA69,nowill,35,1752145755,"(8, 8)",D2,True,drop_victim,victim_1_,"(8, 8)",1,5,0.0,0.0,Bolt,True,True
mission_nocomm,PA69,nowill,53,1752145757,"(2, 10)",D2,True,take_victim,victim_2_,"(9, 8)",2,5,0.0625,0.0,Bolt,False,
mission_nocomm,PA69,nowill,71,1752145759,"(9, 8)",D2,True,drop_victim,victim_2_,"(9, 8)",2,10,0.0625,0.0,Bolt,True,True
mission_nocomm,PA69,nowill,157,1752145768,"(12, 18)",C2,True,take_victim,victim_3_,"(10, 8)",3,10,0.125,0.0,Bolt,False,
mission_nocomm,PA69,nowill,277,1752145781,"(10, 8)",C2,True,drop_victim,victim_3_,"(10, 8)",3,15,0.125,0.0,Bolt,True,True
mission_nocomm,PA69,nowill,297,1752145783,"(3, 8)",D1,True,take_victim,victim_4_,"(11, 8)",4,15,0.1875,0.0,Bolt,False,
mission_nocomm,PA69,nowill,317,1752145785,"(11, 8)",D1,True,drop_victim,victim_4_,"(11, 8)",4,20,0.1875,0.0,Bolt,True,True
mission_nocomm,PA69,human,348,1752145788,"(12, 4)",A1,True,take_victim,victim_5_,"(8, 9)",5,20,0.25,0.0,Bolt,False,
mission_nocomm,PA69,nowill,375,1752145791,"(9, 16)",C1,True,take_victim,victim_9_,"(8, 10)",9,20,0.25,0.0,Bolt,False,
mission_nocomm,PA69,human,388,1752145792,"(7, 9)",A1,True,take_victim,victim_5_,"(8, 9)",5,20,0.25,0.0,Bolt,False,
mission_nocomm,PA69,human,393,1752145793,"(8, 9)",A1,True,drop_victim,victim_5_,"(8, 9)",5,25,0.25,0.0,Bolt,True,True
mission_nocomm,PA69,human,504,1752145804,"(15, 12)",B1,True,take_victim,victim_6_,"(9, 9)",6,25,0.3125,8.692704916000366,Bolt,False,
mission_nocomm,PA69,human,575,1752145812,"(9, 9)",B1,True,drop_victim,victim_6_,"(9, 9)",6,30,0.3125,12.986839056015016,Bolt,True,True
mission_nocomm,PA69,human,606,1752145815,"(11, 3)",A1,True,take_victim,victim_7_,"(10, 9)",7,30,0.375,12.986839056015016,Bolt,False,
mission_nocomm,PA69,human,628,1752145817,"(10, 9)",A1,True,drop_victim,victim_7_,"(10, 9)",7,35,0.375,12.986839056015016,Bolt,True,True
mission_nocomm,PA69,human,660,1752145821,"(12, 2)",A2,True,take_victim,victim_8_,"(11, 9)",8,35,0.4375,12.986839056015016,Bolt,False,
mission_nocomm,PA69,human,683,1752145823,"(11, 9)",A2,True,drop_victim,victim_8_,"(11, 9)",8,40,0.4375,12.986839056015016,Bolt,True,True
mission_nocomm,PA69,nowill,684,1752145823,"(8, 10)",C1,True,drop_victim,victim_9_,"(8, 10)",9,45,0.5,12.986839056015016,Bolt,True,True
mission_nocomm,PA69,nowill,724,1752145827,"(7, 15)",C1,True,take_victim,victim_12_,"(11, 10)",12,45,0.5625,12.986839056015016,Bolt,False,
mission_nocomm,PA69,human,826,1752145838,"(18, 10)",B2,True,take_victim,victim_10_,"(9, 10)",10,45,0.5625,22.545788764953613,Bolt,False,
mission_nocomm,PA69,human,904,1752145846,"(9, 10)",B2,True,drop_victim,victim_10_,"(9, 10)",10,50,0.5625,28.719677925109863,Bolt,True,True
mission_nocomm,PA69,human,1031,1752145860,"(16, 8)",B1,True,take_victim,victim_11_,"(10, 10)",11,50,0.625,32.395609855651855,Bolt,False,
mission_nocomm,PA69,human,1091,1752145866,"(10, 10)",B1,True,drop_victim,victim_11_,"(10, 10)",11,55,0.625,36.49065780639648,Bolt,True,True
mission_nocomm,PA69,nowill,1092,1752145866,"(11, 10)",C1,True,drop_victim,victim_12_,"(11, 10)",12,60,0.6875,36.49065780639648,Bolt,True,True
mission_nocomm,PA69,nowill,1112,1752145868,"(4, 11)",D1,True,take_victim,victim_13_,"(8, 11)",13,60,0.75,36.49065780639648,Bolt,False,
mission_nocomm,PA69,nowill,1124,1752145869,"(8, 11)",D1,True,drop_victim,victim_13_,"(8, 11)",13,65,0.75,36.49065780639648,Bolt,True,True
mission_nocomm,PA69,nowill,1190,1752145876,"(11, 17)",C2,True,take_victim,victim_14_,"(9, 11)",14,65,0.8125,40.48051953315735,Bolt,False,
mission_nocomm,PA69,human,1212,1752145879,"(17, 8)",B2,True,take_victim,victim_15_,"(10, 11)",15,65,0.8125,42.990819454193115,Bolt,False,
mission_nocomm,PA69,nowill,1278,1752145886,"(9, 11)",C2,True,drop_victim,victim_14_,"(9, 11)",14,70,0.8125,48.23874068260193,Bolt,True,True
mission_nocomm,PA69,human,1307,1752145889,"(10, 11)",B2,True,drop_victim,victim_15_,"(10, 11)",15,75,0.875,48.23874068260193,Bolt,True,True
mission_nocomm,PA69,human,1352,1752145893,"(9, 1)",A2,True,take_victim,victim_16_,"(11, 11)",16,75,0.9375,48.23874068260193,Bolt,False,
mission_nocomm,PA69,human,1399,1752145898,"(12, 11)",A2,True,take_victim,victim_16_,"(11, 11)",16,75,0.9375,48.23874068260193,Bolt,False,
mission_nocomm,PA69,human,1404,1752145899,"(11, 11)",A2,True,drop_victim,victim_16_,"(11, 11)",16,80,0.9375,48.23874068260193,Bolt,True,True
mission_nocomm,PA69,will,87,1752146165,"(18, 8)",B2,True,take_victim,victim_1_,"(8, 8)",1,0,0.0,0.0,Argo,False,
mission_nocomm,PA69,will,195,1752146176,"(8, 8)",B2,True,drop_victim,victim_1_,"(8, 8)",1,5,0.0,0.0,Argo,True,True
mission_nocomm,PA69,will,267,1752146184,"(9, 17)",C2,True,take_victim,victim_2_,"(9, 8)",2,5,0.0625,0.0,Argo,False,
mission_nocomm,PA69,human,272,1752146184,"(2, 10)",D2,True,take_victim,victim_5_,"(8, 9)",5,5,0.0625,0.0,Argo,False,
mission_nocomm,PA69,will,361,1752146194,"(9, 8)",C2,True,drop_victim,victim_2_,"(9, 8)",2,10,0.0625,0.0,Argo,True,True
mission_nocomm,PA69,will,431,1752146201,"(17, 10)",B2,True,take_victim,victim_3_,"(10, 8)",3,10,0.125,0.0,Argo,False,
mission_nocomm,PA69,will,521,1752146210,"(10, 8)",B2,True,drop_victim,victim_3_,"(10, 8)",3,15,0.125,0.0,Argo,True,True
mission_nocomm,PA69,will,565,1752146215,"(7, 15)",C1,True,take_victim,victim_4_,"(11, 8)",4,15,0.1875,0.0,Argo,False,
mission_nocomm,PA69,will,631,1752146222,"(11, 8)",C1,True,drop_victim,victim_4_,"(11, 8)",4,20,0.1875,0.0,Argo,True,True
mission_nocomm,PA69,human,640,1752146223,"(8, 9)",D2,True,drop_victim,victim_5_,"(8, 9)",5,25,0.25,0.0,Argo,True,True
mission_nocomm,PA69,human,707,1752146230,"(3, 12)",D1,True,take_victim,victim_8_,"(11, 9)",8,25,0.3125,0.0,Argo,False,
mission_nocomm,PA69,will,717,1752146231,"(10, 18)",C2,True,take_victim,victim_6_,"(9, 9)",6,25,0.3125,0.0,Argo,False,
mission_nocomm,PA69,human,718,1752146231,"(3, 12)",D1,True,take_victim,victim_8_,"(11, 9)",8,25,0.3125,0.0,Argo,False,
mission_nocomm,PA69,will,823,1752146242,"(9, 9)",C2,True,drop_victim,victim_6_,"(9, 9)",6,30,0.3125,0.0,Argo,True,True
mission_nocomm,PA69,will,865,1752146246,"(15, 7)",B1,True,take_victim,victim_7_,"(10, 9)",7,30,0.375,0.0,Argo,False,
mission_nocomm,PA69,will,927,1752146253,"(10, 9)",B1,True,drop_victim,victim_7_,"(10, 9)",7,35,0.375,0.0,Argo,True,True
mission_nocomm,PA69,human,945,1752146255,"(11, 9)",D1,True,drop_victim,victim_8_,"(11, 9)",8,40,0.4375,0.0,Argo,True,True
mission_nocomm,PA69,will,981,1752146259,"(16, 12)",B1,True,take_victim,victim_15_,"(10, 11)",15,40,0.5,0.0,Argo,False,
mission_nocomm,PA69,human,995,1752146260,"(8, 3)",A1,True,take_victim,victim_9_,"(8, 10)",9,40,0.5,0.0,Argo,False,
mission_nocomm,PA69,human,1018,1752146262,"(8, 10)",A1,True,drop_victim,victim_9_,"(8, 10)",9,45,0.5,0.0,Argo,True,True
mission_nocomm,PA69,human,1064,1752146267,"(1, 8)",D2,True,take_victim,victim_11_,"(10, 10)",11,45,0.5625,0.0,Argo,False,
mission_nocomm,PA69,human,1167,1752146278,"(7, 4)",A1,True,take_victim,victim_10_,"(9, 10)",10,45,0.5625,0.0,Argo,False,
mission_nocomm,PA69,human,1197,1752146281,"(9, 10)",A1,True,drop_victim,victim_10_,"(9, 10)",10,50,0.5625,0.0,Argo,True,True
mission_nocomm,PA69,human,1221,1752146284,"(1, 9)",D2,True,take_victim,victim_11_,"(10, 10)",11,50,0.625,0.0,Argo,False,
mission_nocomm,PA69,human,1248,1752146287,"(10, 10)",D2,True,drop_victim,victim_11_,"(10, 10)",11,55,0.625,0.0,Argo,True,True
mission_nocomm,PA69,human,1281,1752146290,"(4, 11)",D1,True,take_victim,victim_12_,"(11, 10)",12,55,0.6875,0.0,Argo,False,
mission_nocomm,PA69,human,1322,1752146294,"(11, 10)",D1,True,drop_victim,victim_12_,"(11, 10)",12,60,0.6875,0.0,Argo,True,True
mission_nocomm,PA69,human,1359,1752146298,"(12, 2)",A2,True,take_victim,victim_13_,"(8, 11)",13,60,0.75,0.0,Argo,False,
mission_nocomm,PA69,human,1404,1752146303,"(8, 11)",A2,True,drop_victim,victim_13_,"(8, 11)",13,65,0.75,0.0,Argo,True,True
mission_nocomm,PA69,human,1436,1752146306,"(9, 1)",A2,True,take_victim,victim_14_,"(9, 11)",14,65,0.8125,0.0,Argo,False,
mission_nocomm,PA69,human,1467,1752146310,"(9, 11)",A2,True,drop_victim,victim_14_,"(9, 11)",14,70,0.8125,0.0,Argo,True,True
mission_nocomm,PA69,will,1468,1752146310,"(10, 11)",B1,True,drop_victim,victim_15_,"(10, 11)",15,75,0.875,0.0,Argo,True,True
mission_nocomm,PA69,will,1520,1752146315,"(8, 16)",C1,True,take_victim,victim_16_,"(11, 11)",16,75,0.9375,0.0,Argo,False,
mission_nocomm,PA69,will,1594,1752146323,"(11, 11)",C1,True,drop_victim,victim_16_,"(11, 11)",16,80,0.9375,0.0,Argo,True,True
mission_nocomm,PA35,nowill,83,1751207616,"(12, 18)",C2,True,take_victim,victim_1_,"(8, 8)",1,0,0.0,0.0,Bolt,False,
mission_nocomm,PA35,human,172,1751207625,"(9, 3)",A1,True,take_victim,victim_2_,"(9, 8)",2,0,0.0,0.0,Bolt,False,
mission_nocomm,PA35,nowill,191,1751207627,"(8, 8)",C2,True,drop_victim,victim_1_,"(8, 8)",1,5,0.0,0.0,Bolt,True,True
mission_nocomm,PA35,nowill,205,1751207628,"(4, 10)",D1,True,take_victim,victim_3_,"(10, 8)",3,5,0.0625,0.0,Bolt,False,
mission_nocomm,PA35,human,209,1751207629,"(9, 8)",A1,True,drop_victim,victim_2_,"(9, 8)",2,10,0.0625,0.0,Bolt,True,True
mission_nocomm,PA35,nowill,221,1751207630,"(10, 8)",D1,True,drop_victim,victim_3_,"(10, 8)",3,15,0.125,0.0,Bolt,True,True
mission_nocomm,PA35,nowill,245,1751207633,"(1, 11)",D2,True,take_victim,victim_6_,"(9, 9)",6,15,0.1875,0.0,Bolt,False,
mission_nocomm,PA35,human,269,1751207635,"(7, 4)",A1,True,take_victim,victim_4_,"(11, 8)",4,15,0.1875,0.0,Bolt,False,
mission_nocomm,PA35,human,295,1751207638,"(11, 8)",A1,True,drop_victim,victim_4_,"(11, 8)",4,20,0.1875,0.0,Bolt,True,True
mission_nocomm,PA35,human,378,1751207647,"(15, 11)",B1,True,take_victim,victim_5_,"(8, 9)",5,20,0.25,4.388746023178101,Bolt,False,
mission_nocomm,PA35,human,446,1751207654,"(8, 9)",B1,True,drop_victim,victim_5_,"(8, 9)",5,25,0.25,7.6276936531066895,Bolt,True,True
mission_nocomm,PA35,nowill,447,1751207654,"(9, 9)",D2,True,drop_victim,victim_6_,"(9, 9)",6,30,0.3125,7.6276936531066895,Bolt,True,True
mission_nocomm,PA35,nowill,467,1751207656,"(2, 8)",D2,True,take_victim,victim_7_,"(10, 9)",7,30,0.375,7.6276936531066895,Bolt,False,
mission_nocomm,PA35,nowill,487,1751207658,"(10, 9)",D2,True,drop_victim,victim_7_,"(10, 9)",7,35,0.375,7.6276936531066895,Bolt,True,True
mission_nocomm,PA35,nowill,543,1751207664,"(7, 16)",C1,True,take_victim,victim_11_,"(10, 10)",11,35,0.4375,12.32714343070984,Bolt,False,
mission_nocomm,PA35,human,545,1751207664,"(18, 7)",B2,True,take_victim,victim_8_,"(11, 9)",8,35,0.4375,13.253806352615356,Bolt,False,
mission_nocomm,PA35,human,631,1751207673,"(11, 9)",B2,True,drop_victim,victim_8_,"(11, 9)",8,40,0.4375,19.28498148918152,Bolt,True,True
mission_nocomm,PA35,human,676,1751207678,"(7, 2)",A2,True,take_victim,victim_9_,"(8, 10)",9,40,0.5,19.28498148918152,Bolt,False,
mission_nocomm,PA35,human,710,1751207681,"(8, 10)",A2,True,drop_victim,victim_9_,"(8, 10)",9,45,0.5,19.28498148918152,Bolt,True,True
mission_nocomm,PA35,human,792,1751207690,"(16, 12)",B1,True,take_victim,victim_10_,"(9, 10)",10,45,0.5625,25.17699956893921,Bolt,False,
mission_nocomm,PA35,human,879,1751207699,"(9, 10)",B1,True,drop_victim,victim_10_,"(9, 10)",10,50,0.5625,30.41351056098938,Bolt,True,True
mission_nocomm,PA35,nowill,880,1751207699,"(10, 10)",C1,True,drop_victim,victim_11_,"(10, 10)",11,55,0.625,30.41351056098938,Bolt,True,True
mission_nocomm,PA35,nowill,948,1751207706,"(11, 17)",C2,True,take_victim,victim_12_,"(11, 10)",12,55,0.6875,35.83293128013611,Bolt,False,
mission_nocomm,PA35,nowill,1038,1751207716,"(11, 10)",C2,True,drop_victim,victim_12_,"(11, 10)",12,60,0.6875,43.66409349441528,Bolt,True,True
mission_nocomm,PA35,nowill,1078,1751207720,"(11, 15)",C1,True,take_victim,victim_13_,"(8, 11)",13,60,0.75,43.66409349441528,Bolt,False,
mission_nocomm,PA35,nowill,1138,1751207726,"(8, 11)",C1,True,drop_victim,victim_13_,"(8, 11)",13,65,0.75,48.88028144836426,Bolt,True,True
mission_nocomm,PA35,nowill,1154,1751207728,"(3, 9)",D1,True,take_victim,victim_14_,"(9, 11)",14,65,0.8125,50.775588274002075,Bolt,False,
mission_nocomm,PA35,nowill,1170,1751207729,"(9, 11)",D1,True,drop_victim,victim_14_,"(9, 11)",14,70,0.8125,52.13166546821594,Bolt,True,True
mission_nocomm,PA35,human,1202,1751207733,"(17, 11)",B2,True,take_victim,victim_16_,"(11, 11)",16,70,0.875,55.77811932563782,Bolt,False,
mission_nocomm,PA35,human,1298,1751207743,"(12, 1)",A2,True,take_victim,victim_15_,"(10, 11)",15,70,0.875,61.23597240447998,Bolt,False,
mission_nocomm,PA35,human,1350,1751207748,"(10, 11)",A2,True,drop_victim,victim_15_,"(10, 11)",15,75,0.875,61.23597240447998,Bolt,True,True
mission_nocomm,PA35,human,1385,1751207752,"(12, 5)",B2,True,take_victim,victim_16_,"(11, 11)",16,75,0.9375,61.23597240447998,Bolt,False,
mission_nocomm,PA35,human,1420,1751207756,"(11, 11)",B2,True,drop_victim,victim_16_,"(11, 11)",16,80,0.9375,61.23597240447998,Bolt,True,True
mission_nocomm,PA35,will,45,1751207972,"(15, 8)",B1,True,take_victim,victim_1_,"(8, 8)",1,0,0.0,0.0,Argo,False,
mission_nocomm,PA35,human,54,1751207973,"(10, 1)",A2,True,take_victim,victim_2_,"(9, 8)",2,0,0.0,0.0,Argo,False,
mission_nocomm,PA35,will,111,1751207979,"(8, 8)",B1,True,drop_victim,victim_1_,"(8, 8)",1,5,0.0,0.0,Argo,True,True
mission_nocomm,PA35,human,124,1751207980,"(9, 7)",A2,True,take_victim,victim_2_,"(9, 8)",2,5,0.0625,0.0,Argo,False,
mission_nocomm,PA35,human,132,1751207981,"(9, 8)",A2,True,drop_victim,victim_2_,"(9, 8)",2,10,0.0625,0.0,Argo,True,True
mission_nocomm,PA35,human,175,1751207986,"(1, 12)",D2,True,take_victim,victim_3_,"(10, 8)",3,10,0.125,0.0,Argo,False,
mission_nocomm,PA35,will,183,1751207986,"(9, 17)",C2,True,take_victim,victim_4_,"(11, 8)",4,10,0.125,0.0,Argo,False,
mission_nocomm,PA35,human,210,1751207989,"(10, 8)",D2,True,drop_victim,victim_3_,"(10, 8)",3,15,0.125,0.0,Argo,True,True
mission_nocomm,PA35,human,259,1751207994,"(11, 2)",A2,True,take_victim,victim_5_,"(8, 9)",5,15,0.1875,0.0,Argo,False,
mission_nocomm,PA35,will,277,1751207996,"(11, 8)",C2,True,drop_victim,victim_4_,"(11, 8)",4,20,0.1875,0.0,Argo,True,True
mission_nocomm,PA35,human,294,1751207998,"(8, 9)",A2,True,drop_victim,victim_5_,"(8, 9)",5,25,0.25,0.0,Argo,True,True
mission_nocomm,PA35,human,321,1751208001,"(2, 8)",D2,True,take_victim,victim_6_,"(9, 9)",6,25,0.3125,0.0,Argo,False,
mission_nocomm,PA35,will,321,1751208001,"(12, 15)",C1,True,take_victim,victim_10_,"(9, 10)",10,25,0.3125,0.0,Argo,False,
mission_nocomm,PA35,human,342,1751208003,"(9, 9)",D2,True,drop_victim,victim_6_,"(9, 9)",6,30,0.3125,0.0,Argo,True,True
mission_nocomm,PA35,human,361,1751208005,"(4, 9)",D1,True,take_victim,victim_7_,"(10, 9)",7,30,0.375,0.0,Argo,False,
mission_nocomm,PA35,human,379,1751208007,"(10, 9)",D1,True,drop_victim,victim_7_,"(10, 9)",7,35,0.375,0.0,Argo,True,True
mission_nocomm,PA35,human,401,1751208009,"(8, 3)",A1,True,take_victim,victim_8_,"(11, 9)",8,35,0.4375,0.0,Argo,False,
mission_nocomm,PA35,human,429,1751208012,"(11, 9)",A1,True,drop_victim,victim_8_,"(11, 9)",8,40,0.4375,0.0,Argo,True,True
mission_nocomm,PA35,human,451,1751208014,"(10, 4)",A1,True,take_victim,victim_9_,"(8, 10)",9,40,0.5,0.0,Argo,False,
mission_nocomm,PA35,human,472,1751208017,"(8, 10)",A1,True,drop_victim,victim_9_,"(8, 10)",9,45,0.5,0.0,Argo,True,True
mission_nocomm,PA35,will,473,1751208017,"(9, 10)",C1,True,drop_victim,victim_10_,"(9, 10)",10,50,0.5625,0.0,Argo,True,True
mission_nocomm,PA35,human,499,1751208019,"(3, 10)",D1,True,take_victim,victim_11_,"(10, 10)",11,50,0.625,0.0,Argo,False,
mission_nocomm,PA35,human,516,1751208021,"(10, 10)",D1,True,drop_victim,victim_11_,"(10, 10)",11,55,0.625,0.0,Argo,True,True
mission_nocomm,PA35,will,529,1751208023,"(16, 12)",B1,True,take_victim,victim_12_,"(11, 10)",12,55,0.6875,0.0,Argo,False,
mission_nocomm,PA35,will,603,1751208030,"(11, 10)",B1,True,drop_victim,victim_12_,"(11, 10)",12,60,0.6875,0.0,Argo,True,True
mission_nocomm,PA35,will,669,1751208037,"(17, 12)",B2,True,take_victim,victim_13_,"(8, 11)",13,60,0.75,0.0,Argo,False,
mission_nocomm,PA35,will,775,1751208048,"(8, 11)",B2,True,drop_victim,victim_13_,"(8, 11)",13,65,0.75,0.0,Argo,True,True
mission_nocomm,PA35,will,827,1751208054,"(9, 16)",C1,True,take_victim,victim_14_,"(9, 11)",14,65,0.8125,0.0,Argo,False,
mission_nocomm,PA35,will,901,1751208062,"(9, 11)",C1,True,drop_victim,victim_14_,"(9, 11)",14,70,0.8125,0.0,Argo,True,True
mission_nocomm,PA35,will,985,1751208070,"(18, 10)",B2,True,take_victim,victim_15_,"(10, 11)",15,70,0.875,0.0,Argo,False,
mission_nocomm,PA35,will,1089,1751208081,"(10, 11)",B2,True,drop_victim,victim_15_,"(10, 11)",15,75,0.875,0.0,Argo,True,True
mission_nocomm,PA35,will,1169,1751208090,"(12, 18)",C2,True,take_victim,victim_16_,"(11, 11)",16,75,0.9375,0.0,Argo,False,
mission_nocomm,PA35,will,1271,1751208100,"(11, 11)",C2,True,drop_victim,victim_16_,"(11, 11)",16,80,0.9375,0.0,Argo,True,True
mission_nocomm,PA32,will,59,1750342662,"(16, 9)",B1,True,take_victim,victim_1_,"(8, 8)",1,0,0.0,0.0,Argo,False,
mission_nocomm,PA32,will,139,1750342670,"(8, 8)",B1,True,drop_victim,victim_1_,"(8, 8)",1,5,0.0,0.0,Argo,True,True
mission_nocomm,PA32,will,225,1750342679,"(18, 10)",B2,True,take_victim,victim_2_,"(9, 8)",2,5,0.0625,0.0,Argo,False,
mission_nocomm,PA32,will,331,1750342690,"(9, 8)",B2,True,drop_victim,victim_2_,"(9, 8)",2,10,0.0625,0.0,Argo,True,True
mission_nocomm,PA32,will,417,1750342699,"(12, 18)",C2,True,take_victim,victim_3_,"(10, 8)",3,10,0.125,0.0,Argo,False,
mission_nocomm,PA32,human,423,1750342700,"(1, 11)",D2,True,take_victim,victim_5_,"(8, 9)",5,10,0.125,0.0,Argo,False,
mission_nocomm,PA32,will,537,1750342712,"(10, 8)",C2,True,drop_victim,victim_3_,"(10, 8)",3,15,0.125,0.0,Argo,True,True
mission_nocomm,PA32,will,577,1750342716,"(15, 12)",B1,True,take_victim,victim_4_,"(11, 8)",4,15,0.1875,0.0,Argo,False,
mission_nocomm,PA32,will,637,1750342722,"(11, 8)",B1,True,drop_victim,victim_4_,"(11, 8)",4,20,0.1875,0.0,Argo,True,True
mission_nocomm,PA32,human,669,1750342725,"(8, 9)",D2,True,drop_victim,victim_5_,"(8, 9)",5,25,0.25,0.0,Argo,True,True
mission_nocomm,PA32,will,703,1750342729,"(17, 8)",B2,True,take_victim,victim_7_,"(10, 9)",7,25,0.3125,0.0,Argo,False,
mission_nocomm,PA32,human,716,1750342730,"(3, 11)",D1,True,take_victim,victim_6_,"(9, 9)",6,25,0.3125,0.0,Argo,False,
mission_nocomm,PA32,human,738,1750342733,"(9, 9)",D1,True,drop_victim,victim_6_,"(9, 9)",6,30,0.3125,0.0,Argo,True,True
mission_nocomm,PA32,will,793,1750342738,"(10, 9)",B2,True,drop_victim,victim_7_,"(10, 9)",7,35,0.375,0.0,Argo,True,True
mission_nocomm,PA32,will,863,1750342746,"(7, 17)",C2,True,take_victim,victim_10_,"(9, 10)",10,35,0.4375,0.0,Argo,False,
mission_nocomm,PA32,human,864,1750342746,"(7, 1)",A2,True,take_victim,victim_8_,"(11, 9)",8,35,0.4375,0.0,Argo,False,
mission_nocomm,PA32,human,899,1750342750,"(11, 9)",A2,True,drop_victim,victim_8_,"(11, 9)",8,40,0.4375,0.0,Argo,True,True
mission_nocomm,PA32,human,946,1750342755,"(4, 12)",D1,True,take_victim,victim_9_,"(8, 10)",9,40,0.5,0.0,Argo,False,
mission_nocomm,PA32,human,978,1750342758,"(8, 10)",D1,True,drop_victim,victim_9_,"(8, 10)",9,45,0.5,0.0,Argo,True,True
mission_nocomm,PA32,will,979,1750342758,"(9, 10)",C2,True,drop_victim,victim_10_,"(9, 10)",10,50,0.5625,0.0,Argo,True,True
mission_nocomm,PA32,will,1033,1750342764,"(9, 16)",C1,True,take_victim,victim_11_,"(10, 10)",11,50,0.625,0.0,Argo,False,
mission_nocomm,PA32,human,1073,1750342768,"(10, 3)",A1,True,take_victim,victim_13_,"(8, 11)",13,50,0.625,0.0,Argo,False,
mission_nocomm,PA32,will,1109,1750342772,"(10, 10)",C1,True,drop_victim,victim_11_,"(10, 10)",11,55,0.625,0.0,Argo,True,True
mission_nocomm,PA32,will,1149,1750342776,"(7, 15)",C1,True,take_victim,victim_12_,"(11, 10)",12,55,0.6875,0.0,Argo,False,
mission_nocomm,PA32,will,1211,1750342782,"(11, 10)",C1,True,drop_victim,victim_12_,"(11, 10)",12,60,0.6875,0.0,Argo,True,True
mission_nocomm,PA32,human,1273,1750342789,"(8, 11)",A1,True,drop_victim,victim_13_,"(8, 11)",13,65,0.75,0.0,Argo,True,True
mission_nocomm,PA32,human,1303,1750342792,"(8, 4)",A1,True,take_victim,victim_14_,"(9, 11)",14,65,0.8125,0.0,Argo,False,
mission_nocomm,PA32,human,1341,1750342796,"(9, 11)",A1,True,drop_victim,victim_14_,"(9, 11)",14,70,0.8125,0.0,Argo,True,True
mission_nocomm,PA32,human,1369,1750342799,"(10, 2)",A2,True,take_victim,victim_15_,"(10, 11)",15,70,0.875,0.0,Argo,False,
mission_nocomm,PA32,human,1396,1750342802,"(10, 11)",A2,True,drop_victim,victim_15_,"(10, 11)",15,75,0.875,0.0,Argo,True,True
mission_nocomm,PA32,human,1427,1750342805,"(2, 8)",D2,True,take_victim,victim_16_,"(11, 11)",16,75,0.9375,0.0,Argo,False,
mission_nocomm,PA32,human,1454,1750342808,"(11, 11)",D2,True,drop_victim,victim_16_,"(11, 11)",16,80,0.9375,0.0,Argo,True,True
mission_nocomm,PA32,human,72,1750343151,"(7, 3)",A1,True,take_victim,victim_1_,"(8, 8)",1,0,0.0,0.0,Bolt,False,
mission_nocomm,PA32,nowill,83,1750343152,"(7, 18)",C2,True,take_victim,victim_3_,"(10, 8)",3,0,0.0,0.0,Bolt,False,
mission_nocomm,PA32,human,92,1750343153,"(8, 8)",A1,True,drop_victim,victim_1_,"(8, 8)",1,5,0.0,0.0,Bolt,True,True
mission_nocomm,PA32,human,116,1750343156,"(10, 2)",A2,True,take_victim,victim_2_,"(9, 8)",2,5,0.0625,0.0,Bolt,False,
mission_nocomm,PA32,human,139,1750343158,"(9, 8)",A2,True,drop_victim,victim_2_,"(9, 8)",2,10,0.0625,0.0,Bolt,True,True
mission_nocomm,PA32,nowill,191,1750343164,"(10, 8)",C2,True,drop_victim,victim_3_,"(10, 8)",3,15,0.125,0.0,Bolt,True,True
mission_nocomm,PA32,nowill,213,1750343166,"(2, 8)",D2,True,take_victim,victim_4_,"(11, 8)",4,15,0.1875,0.0,Bolt,False,
mission_nocomm,PA32,nowill,235,1750343168,"(11, 8)",D2,True,drop_victim,victim_4_,"(11, 8)",4,20,0.1875,0.0,Bolt,True,True
mission_nocomm,PA32,human,253,1750343170,"(9, 4)",A1,True,take_victim,victim_5_,"(8, 9)",5,20,0.25,0.0,Bolt,False,
mission_nocomm,PA32,human,274,1750343172,"(8, 9)",A1,True,drop_victim,victim_5_,"(8, 9)",5,25,0.25,0.0,Bolt,True,True
mission_nocomm,PA32,nowill,279,1750343173,"(10, 15)",C1,True,take_victim,victim_7_,"(10, 9)",7,25,0.3125,0.0,Bolt,False,
mission_nocomm,PA32,human,349,1750343180,"(16, 7)",B1,True,take_victim,victim_6_,"(9, 9)",6,25,0.3125,5.84752893447876,Bolt,False,
mission_nocomm,PA32,human,411,1750343187,"(9, 9)",B1,True,drop_victim,victim_6_,"(9, 9)",6,30,0.3125,10.27319598197937,Bolt,True,True
mission_nocomm,PA32,nowill,412,1750343187,"(10, 9)",C1,True,drop_victim,victim_7_,"(10, 9)",7,35,0.375,10.27319598197937,Bolt,True,True
mission_nocomm,PA32,nowill,482,1750343194,"(12, 17)",C2,True,take_victim,victim_8_,"(11, 9)",8,35,0.4375,10.27319598197937,Bolt,False,
mission_nocomm,PA32,human,576,1750343204,"(17, 10)",B2,True,take_victim,victim_9_,"(8, 10)",9,35,0.4375,18.09728622436523,Bolt,False,
mission_nocomm,PA32,nowill,586,1750343205,"(11, 9)",C2,True,drop_victim,victim_8_,"(11, 9)",8,40,0.4375,18.613078117370605,Bolt,True,True
mission_nocomm,PA32,nowill,608,1750343207,"(3, 12)",D1,True,take_victim,victim_10_,"(9, 10)",10,40,0.5,21.454524278640747,Bolt,False,
mission_nocomm,PA32,human,640,1750343211,"(8, 10)",B2,True,drop_victim,victim_9_,"(8, 10)",9,45,0.5,23.335989236831665,Bolt,True,True
mission_nocomm,PA32,nowill,641,1750343211,"(9, 10)",D1,True,drop_victim,victim_10_,"(9, 10)",10,50,0.5625,23.335989236831665,Bolt,True,True
mission_nocomm,PA32,nowill,657,1750343213,"(4, 11)",D1,True,take_victim,victim_11_,"(10, 10)",11,50,0.625,23.335989236831665,Bolt,False,
mission_nocomm,PA32,nowill,673,1750343214,"(10, 10)",D1,True,drop_victim,victim_11_,"(10, 10)",11,55,0.625,23.335989236831665,Bolt,True,True
mission_nocomm,PA32,nowill,697,1750343217,"(1, 11)",D2,True,take_victim,victim_12_,"(11, 10)",12,55,0.6875,23.335989236831665,Bolt,False,
mission_nocomm,PA32,nowill,721,1750343219,"(11, 10)",D2,True,drop_victim,victim_12_,"(11, 10)",12,60,0.6875,23.336053133010864,Bolt,True,True
mission_nocomm,PA32,nowill,775,1750343225,"(11, 16)",C1,True,take_victim,victim_14_,"(9, 11)",14,60,0.75,28.980651378631592,Bolt,False,
mission_nocomm,PA32,human,802,1750343228,"(18, 8)",B2,True,take_victim,victim_13_,"(8, 11)",13,60,0.75,32.44599008560181,Bolt,False,
mission_nocomm,PA32,human,884,1750343236,"(8, 11)",B2,True,drop_victim,victim_13_,"(8, 11)",13,65,0.75,38.52671122550965,Bolt,True,True
mission_nocomm,PA32,nowill,885,1750343236,"(9, 11)",C1,True,drop_victim,victim_14_,"(9, 11)",14,70,0.8125,38.52671122550965,Bolt,True,True
mission_nocomm,PA32,human,917,1750343240,"(11, 1)",A2,True,take_victim,victim_15_,"(10, 11)",15,70,0.875,38.52671122550965,Bolt,False,
mission_nocomm,PA32,human,942,1750343242,"(10, 11)",A2,True,drop_victim,victim_15_,"(10, 11)",15,75,0.875,38.52671122550965,Bolt,True,True
mission_nocomm,PA32,human,1038,1750343252,"(15, 12)",B1,True,take_victim,victim_16_,"(11, 11)",16,75,0.9375,46.9969003200531,Bolt,False,
mission_nocomm,PA32,human,1100,1750343259,"(11, 11)",B1,True,drop_victim,victim_16_,"(11, 11)",16,80,0.9375,51.27619409561157,Bolt,True,True
mission_comm,PA57,will,73,1751991031,"(17, 9)",B2,True,take_victim,victim_2_,"(9, 8)",2,0,0.0,0.0,Bolt,False,
mission_comm,PA57,human,120,1751991036,"(4, 12)",D1,True,take_victim,victim_1_,"(8, 8)",1,0,0.0,0.0,Bolt,False,
mission_comm,PA57,human,143,1751991039,"(8, 8)",D1,True,drop_victim,victim_1_,"(8, 8)",1,5,0.0,0.0,Bolt,True,True
mission_comm,PA57,will,165,1751991041,"(9, 8)",B2,True,drop_victim,victim_2_,"(9, 8)",2,10,0.0625,0.0,Bolt,True,True
mission_comm,PA57,will,249,1751991050,"(18, 8)",B2,True,take_victim,victim_3_,"(10, 8)",3,10,0.125,0.0,Bolt,False,
mission_comm,PA57,human,276,1751991052,"(11, 4)",A1,True,take_victim,victim_5_,"(8, 9)",5,10,0.125,0.0,Bolt,False,
mission_comm,PA57,will,353,1751991060,"(10, 8)",B2,True,drop_victim,victim_3_,"(10, 8)",3,15,0.125,0.0,Bolt,True,True
mission_comm,PA57,will,439,1751991069,"(7, 18)",C2,True,take_victim,victim_4_,"(11, 8)",4,15,0.1875,0.0,Bolt,False,
mission_comm,PA57,will,547,1751991081,"(11, 8)",C2,True,drop_victim,victim_4_,"(11, 8)",4,20,0.1875,0.0,Bolt,True,True
mission_comm,PA57,human,556,1751991082,"(8, 9)",A1,True,drop_victim,victim_5_,"(8, 9)",5,25,0.25,0.0,Bolt,True,True
mission_comm,PA57,human,592,1751991086,"(1, 7)",D2,True,take_victim,victim_6_,"(9, 9)",6,25,0.3125,0.0,Bolt,False,
mission_comm,PA57,will,605,1751991087,"(9, 16)",C1,True,take_victim,victim_7_,"(10, 9)",7,25,0.3125,0.0,Bolt,False,
mission_comm,PA57,human,622,1751991089,"(9, 9)",D2,True,drop_victim,victim_6_,"(9, 9)",6,30,0.3125,0.0,Bolt,True,True
mission_comm,PA57,will,683,1751991095,"(10, 9)",C1,True,drop_victim,victim_7_,"(10, 9)",7,35,0.375,0.0,Bolt,True,True
mission_comm,PA57,human,732,1751991100,"(2, 9)",D2,True,take_victim,victim_9_,"(8, 10)",9,35,0.4375,0.0,Bolt,False,
mission_comm,PA57,will,737,1751991101,"(16, 11)",B1,True,take_victim,victim_8_,"(11, 9)",8,35,0.4375,0.0,Bolt,False,
mission_comm,PA57,will,811,1751991108,"(11, 9)",B1,True,drop_victim,victim_8_,"(11, 9)",8,40,0.4375,0.0,Bolt,True,True
mission_comm,PA57,human,815,1751991109,"(8, 10)",D2,True,drop_victim,victim_9_,"(8, 10)",9,45,0.5,0.0,Bolt,True,True
mission_comm,PA57,will,849,1751991112,"(15, 12)",B1,True,take_victim,victim_10_,"(9, 10)",10,45,0.5625,0.0,Bolt,False,
mission_comm,PA57,human,913,1751991119,"(8, 2)",A2,True,take_victim,victim_11_,"(10, 10)",11,45,0.5625,0.0,Bolt,False,
mission_comm,PA57,will,913,1751991119,"(9, 10)",B1,True,drop_victim,victim_10_,"(9, 10)",10,50,0.5625,0.0,Bolt,True,True
mission_comm,PA57,human,948,1751991123,"(10, 10)",A2,True,drop_victim,victim_11_,"(10, 10)",11,55,0.625,0.0,Bolt,True,True
mission_comm,PA57,will,953,1751991123,"(8, 15)",C1,True,take_victim,victim_15_,"(10, 11)",15,55,0.6875,0.0,Bolt,False,
mission_comm,PA57,human,976,1751991126,"(3, 10)",D1,True,take_victim,victim_12_,"(11, 10)",12,55,0.6875,0.0,Bolt,False,
mission_comm,PA57,human,993,1751991127,"(11, 10)",D1,True,drop_victim,victim_12_,"(11, 10)",12,60,0.6875,0.0,Bolt,True,True
mission_comm,PA57,human,1045,1751991133,"(8, 3)",A1,True,take_victim,victim_13_,"(8, 11)",13,60,0.75,0.0,Bolt,False,
mission_comm,PA57,human,1065,1751991135,"(8, 11)",A1,True,drop_victim,victim_13_,"(8, 11)",13,65,0.75,0.0,Bolt,True,True
mission_comm,PA57,human,1099,1751991139,"(11, 1)",A2,True,take_victim,victim_14_,"(9, 11)",14,65,0.8125,0.0,Bolt,False,
mission_comm,PA57,human,1122,1751991141,"(9, 11)",A2,True,drop_victim,victim_14_,"(9, 11)",14,70,0.8125,0.0,Bolt,True,True
mission_comm,PA57,will,1123,1751991141,"(10, 11)",C1,True,drop_victim,victim_15_,"(10, 11)",15,75,0.875,0.0,Bolt,True,True
mission_comm,PA57,will,1189,1751991148,"(8, 17)",C2,True,take_victim,victim_16_,"(11, 11)",16,75,0.9375,0.0,Bolt,False,
mission_comm,PA57,will,1277,1751991157,"(11, 11)",C2,True,drop_victim,victim_16_,"(11, 11)",16,80,0.9375,0.0,Bolt,True,True
mission_comm,PA57,nowill,69,1751991546,"(7, 17)",C2,True,take_victim,victim_1_,"(8, 8)",1,0,0.0,0.0,Argo,False,
mission_comm,PA57,nowill,163,1751991556,"(8, 8)",C2,True,drop_victim,victim_1_,"(8, 8)",1,5,0.0,0.0,Argo,True,True
mission_comm,PA57,nowill,183,1751991558,"(1, 8)",D2,True,take_victim,victim_2_,"(9, 8)",2,5,0.0625,0.0,Argo,False,
mission_comm,PA57,nowill,203,1751991560,"(9, 8)",D2,True,drop_victim,victim_2_,"(9, 8)",2,10,0.0625,0.0,Argo,True,True
mission_comm,PA57,nowill,247,1751991565,"(10, 15)",C1,True,take_victim,victim_3_,"(10, 8)",3,10,0.125,0.1047110557556152,Argo,False,
mission_comm,PA57,nowill,313,1751991572,"(10, 8)",C1,True,drop_victim,victim_3_,"(10, 8)",3,15,0.125,6.705331087112427,Argo,True,True
mission_comm,PA57,nowill,333,1751991574,"(3, 7)",D1,True,take_victim,victim_5_,"(8, 9)",5,15,0.1875,9.64805293083191,Argo,False,
mission_comm,PA57,human,337,1751991574,"(18, 11)",B2,True,take_victim,victim_4_,"(11, 8)",4,15,0.1875,10.071731090545654,Argo,False,
mission_comm,PA57,human,408,1751991582,"(11, 8)",B2,True,drop_victim,victim_4_,"(11, 8)",4,20,0.1875,15.935118913650513,Argo,True,True
mission_comm,PA57,nowill,409,1751991582,"(8, 9)",D1,True,drop_victim,victim_5_,"(8, 9)",5,25,0.25,15.935118913650513,Argo,True,True
mission_comm,PA57,human,478,1751991589,"(12, 4)",A1,True,take_victim,victim_7_,"(10, 9)",7,25,0.3125,15.935118913650513,Argo,False,
mission_comm,PA57,nowill,493,1751991590,"(11, 18)",C2,True,take_victim,victim_6_,"(9, 9)",6,25,0.3125,15.935118913650513,Argo,False,
mission_comm,PA57,nowill,599,1751991602,"(9, 9)",C2,True,drop_victim,victim_6_,"(9, 9)",6,30,0.3125,15.935118913650513,Argo,True,True
mission_comm,PA57,human,605,1751991602,"(10, 9)",A1,True,drop_victim,victim_7_,"(10, 9)",7,35,0.375,15.935118913650513,Argo,True,True
mission_comm,PA57,nowill,619,1751991604,"(2, 11)",D2,True,take_victim,victim_9_,"(8, 10)",9,35,0.4375,15.935118913650513,Argo,False,
mission_comm,PA57,human,659,1751991608,"(10, 2)",A2,True,take_victim,victim_8_,"(11, 9)",8,35,0.4375,15.935118913650513,Argo,False,
mission_comm,PA57,human,678,1751991610,"(11, 9)",A2,True,drop_victim,victim_8_,"(11, 9)",8,40,0.4375,15.935118913650513,Argo,True,True
mission_comm,PA57,nowill,679,1751991610,"(8, 10)",D2,True,drop_victim,victim_9_,"(8, 10)",9,45,0.5,15.935118913650513,Argo,True,True
mission_comm,PA57,nowill,693,1751991611,"(4, 8)",D1,True,take_victim,victim_10_,"(9, 10)",10,45,0.5625,15.935118913650513,Argo,False,
mission_comm,PA57,nowill,707,1751991613,"(9, 10)",D1,True,drop_victim,victim_10_,"(9, 10)",10,50,0.5625,15.935118913650513,Argo,True,True
mission_comm,PA57,human,757,1751991618,"(12, 1)",A2,True,take_victim,victim_11_,"(10, 10)",11,50,0.625,15.935118913650513,Argo,False,
mission_comm,PA57,nowill,761,1751991618,"(11, 16)",C1,True,take_victim,victim_14_,"(9, 11)",14,50,0.625,15.935118913650513,Argo,False,
mission_comm,PA57,human,787,1751991621,"(10, 10)",A2,True,drop_victim,victim_11_,"(10, 10)",11,55,0.625,15.935118913650513,Argo,True,True
mission_comm,PA57,human,897,1751991633,"(17, 8)",B2,True,take_victim,victim_12_,"(11, 10)",12,55,0.6875,24.587650060653687,Argo,False,
mission_comm,PA57,human,964,1751991640,"(11, 10)",B2,True,drop_victim,victim_12_,"(11, 10)",12,60,0.6875,29.928847074508667,Argo,True,True
mission_comm,PA57,human,1018,1751991645,"(15, 9)",B1,True,take_victim,victim_13_,"(8, 11)",13,60,0.75,33.47553610801697,Argo,False,
mission_comm,PA57,human,1066,1751991650,"(8, 11)",B1,True,drop_victim,victim_13_,"(8, 11)",13,65,0.75,36.609058141708374,Argo,True,True
mission_comm,PA57,nowill,1067,1751991650,"(9, 11)",C1,True,drop_victim,victim_14_,"(9, 11)",14,70,0.8125,36.609058141708374,Argo,True,True
mission_comm,PA57,human,1151,1751991659,"(16, 11)",B1,True,take_victim,victim_15_,"(10, 11)",15,70,0.875,43.83901405334473,Argo,False,
mission_comm,PA57,human,1199,1751991664,"(10, 11)",B1,True,drop_victim,victim_15_,"(10, 11)",15,75,0.875,48.01353907585144,Argo,True,True
mission_comm,PA57,human,1221,1751991667,"(11, 3)",A1,True,take_victim,victim_16_,"(11, 11)",16,75,0.9375,48.01353907585144,Argo,False,
mission_comm,PA57,human,1242,1751991669,"(11, 11)",A1,True,drop_victim,victim_16_,"(11, 11)",16,80,0.9375,48.01353907585144,Argo,True,True
mission_comm,PA68,will,83,1752142467,"(10, 18)",C2,True,take_victim,victim_1_,"(8, 8)",1,0,0.0,0.0,Bolt,False,
mission_comm,PA68,human,118,1752142471,"(3, 8)",D1,True,take_victim,victim_3_,"(10, 8)",3,0,0.0,0.0,Bolt,False,
mission_comm,PA68,human,138,1752142473,"(10, 8)",D1,True,drop_victim,victim_3_,"(10, 8)",3,2,0.0,0.0,Bolt,True,False
mission_comm,PA68,will,191,1752142479,"(8, 8)",C2,True,drop_victim,victim_1_,"(8, 8)",1,7,0.0625,0.0,Bolt,True,True
mission_comm,PA68,human,213,1752142481,"(12, 3)",A1,True,take_victim,victim_5_,"(8, 9)",5,7,0.125,0.0,Bolt,False,
mission_comm,PA68,human,261,1752142486,"(8, 9)",A1,True,drop_victim,victim_5_,"(8, 9)",5,9,0.125,0.0,Bolt,True,False
mission_comm,PA68,will,277,1752142488,"(18, 7)",B2,True,take_victim,victim_2_,"(9, 8)",2,9,0.1875,0.0,Bolt,False,
mission_comm,PA68,human,306,1752142491,"(1, 10)",D2,True,take_victim,victim_7_,"(10, 9)",7,9,0.1875,0.0,Bolt,False,
mission_comm,PA68,human,338,1752142494,"(10, 9)",D2,True,drop_victim,victim_7_,"(10, 9)",7,11,0.1875,0.0,Bolt,True,False
mission_comm,PA68,will,383,1752142499,"(9, 8)",B2,True,drop_victim,victim_2_,"(9, 8)",2,16,0.25,0.0,Bolt,True,True
mission_comm,PA68,will,453,1752142506,"(17, 11)",B2,True,take_victim,victim_4_,"(11, 8)",4,16,0.3125,0.0,Bolt,False,
mission_comm,PA68,human,487,1752142510,"(12, 1)",A2,True,take_victim,victim_11_,"(10, 10)",11,16,0.3125,0.0,Bolt,False,
mission_comm,PA68,human,532,1752142514,"(10, 10)",A2,True,drop_victim,victim_11_,"(10, 10)",11,18,0.3125,0.0,Bolt,True,False
mission_comm,PA68,will,541,1752142515,"(11, 8)",B2,True,drop_victim,victim_4_,"(11, 8)",4,23,0.375,0.0,Bolt,True,True
mission_comm,PA68,will,579,1752142519,"(15, 8)",B1,True,take_victim,victim_6_,"(9, 9)",6,23,0.4375,0.0,Bolt,False,
mission_comm,PA68,human,586,1752142520,"(2, 7)",D2,True,take_victim,victim_12_,"(11, 10)",12,23,0.4375,0.0,Bolt,False,
mission_comm,PA68,human,638,1752142525,"(11, 10)",D2,True,drop_victim,victim_12_,"(11, 10)",12,25,0.4375,0.0,Bolt,True,False
mission_comm,PA68,will,643,1752142526,"(9, 9)",B1,True,drop_victim,victim_6_,"(9, 9)",6,30,0.5,0.0,Bolt,True,True
mission_comm,PA68,human,682,1752142530,"(8, 2)",A2,True,take_victim,victim_13_,"(8, 11)",13,30,0.5625,0.0,Bolt,False,
mission_comm,PA68,will,685,1752142530,"(9, 15)",C1,True,take_victim,victim_8_,"(11, 9)",8,30,0.5625,0.0,Bolt,False,
mission_comm,PA68,human,710,1752142533,"(8, 11)",A2,True,drop_victim,victim_13_,"(8, 11)",13,32,0.5625,0.0,Bolt,True,False
mission_comm,PA68,will,749,1752142537,"(11, 9)",C1,True,drop_victim,victim_8_,"(11, 9)",8,37,0.625,0.0,Bolt,True,True
mission_comm,PA68,human,758,1752142538,"(4, 10)",D1,True,take_victim,victim_14_,"(9, 11)",14,37,0.6875,0.0,Bolt,False,
mission_comm,PA68,human,780,1752142540,"(9, 11)",D1,True,drop_victim,victim_14_,"(9, 11)",14,39,0.6875,0.0,Bolt,True,False
mission_comm,PA68,will,805,1752142543,"(12, 16)",C1,True,take_victim,victim_9_,"(8, 10)",9,39,0.75,0.0,Bolt,False,
mission_comm,PA68,human,811,1752142544,"(9, 4)",A1,True,take_victim,victim_15_,"(10, 11)",15,39,0.75,0.0,Bolt,False,
mission_comm,PA68,human,841,1752142547,"(10, 11)",A1,True,drop_victim,victim_15_,"(10, 11)",15,41,0.75,0.0,Bolt,True,False
mission_comm,PA68,will,881,1752142551,"(8, 10)",C1,True,drop_victim,victim_9_,"(8, 10)",9,46,0.8125,0.0,Bolt,True,True
mission_comm,PA68,will,949,1752142558,"(7, 17)",C2,True,take_victim,victim_10_,"(9, 10)",10,46,0.875,0.0,Bolt,False,
mission_comm,PA68,will,1039,1752142568,"(9, 10)",C2,True,drop_victim,victim_10_,"(9, 10)",10,51,0.875,0.0,Bolt,True,True
mission_comm,PA68,will,1095,1752142573,"(16, 11)",B1,True,take_victim,victim_16_,"(11, 11)",16,51,0.9375,0.0,Bolt,False,
mission_comm,PA68,will,1169,1752142581,"(11, 11)",B1,True,drop_victim,victim_16_,"(11, 11)",16,56,0.9375,0.0,Bolt,True,True
mission_comm,PA68,nowill,19,1752142787,"(12, 2)",A2,True,take_victim,victim_1_,"(8, 8)",1,0,0.0,0.0,Argo,False,
mission_comm,PA68,nowill,35,1752142789,"(8, 8)",A2,True,drop_victim,victim_1_,"(8, 8)",1,5,0.0,0.0,Argo,True,True
mission_comm,PA68,nowill,55,1752142791,"(1, 9)",D2,True,take_victim,victim_4_,"(11, 8)",4,5,0.0625,0.0,Argo,False,
mission_comm,PA68,human,181,1752142804,"(12, 17)",C2,False,take_victim,victim_2_,"(9, 8)",2,5,0.0625,10.257829189300535,Argo,False,
mission_comm,PA68,human,274,1752142814,"(9, 8)",C2,False,drop_victim,victim_2_,"(9, 8)",2,10,0.0625,16.530274152755737,Argo,True,True
mission_comm,PA68,human,364,1752142823,"(15, 12)",B1,True,take_victim,victim_3_,"(10, 8)",3,10,0.125,21.862905979156498,Argo,False,
mission_comm,PA68,human,430,1752142830,"(10, 8)",B1,True,drop_victim,victim_3_,"(10, 8)",3,15,0.125,26.5799560546875,Argo,True,True
mission_comm,PA68,nowill,431,1752142830,"(11, 8)",D2,True,drop_victim,victim_4_,"(11, 8)",4,20,0.1875,26.5799560546875,Argo,True,True
mission_comm,PA68,nowill,455,1752142833,"(2, 7)",D2,True,take_victim,victim_5_,"(8, 9)",5,20,0.25,26.5799560546875,Argo,False,
mission_comm,PA68,nowill,471,1752142834,"(8, 9)",D2,True,drop_victim,victim_5_,"(8, 9)",5,25,0.25,26.5799560546875,Argo,True,True
mission_comm,PA68,nowill,489,1752142836,"(10, 3)",A1,True,take_victim,victim_6_,"(9, 9)",6,25,0.3125,26.5799560546875,Argo,False,
mission_comm,PA68,nowill,505,1752142838,"(9, 9)",A1,True,drop_victim,victim_6_,"(9, 9)",6,30,0.3125,27.62197518348694,Argo,True,True
mission_comm,PA68,nowill,523,1752142840,"(3, 7)",D1,True,take_victim,victim_7_,"(10, 9)",7,30,0.375,29.496984243392944,Argo,False,
mission_comm,PA68,nowill,541,1752142842,"(10, 9)",D1,True,drop_victim,victim_7_,"(10, 9)",7,35,0.375,31.383978128433228,Argo,True,True
mission_comm,PA68,nowill,563,1752142844,"(9, 1)",A2,True,take_victim,victim_10_,"(9, 10)",10,35,0.4375,34.204214096069336,Argo,False,
mission_comm,PA68,human,610,1752142849,"(7, 18)",C2,False,take_victim,victim_8_,"(11, 9)",8,35,0.4375,39.15151596069336,Argo,False,
mission_comm,PA68,human,696,1752142858,"(11, 9)",C2,False,drop_victim,victim_8_,"(11, 9)",8,40,0.4375,45.42201805114746,Argo,True,True
mission_comm,PA68,human,768,1752142865,"(12, 16)",C1,False,take_victim,victim_9_,"(8, 10)",9,40,0.5,50.34172201156616,Argo,False,
mission_comm,PA68,human,842,1752142873,"(8, 10)",C1,False,drop_victim,victim_9_,"(8, 10)",9,45,0.5,55.5906720161438,Argo,True,True
mission_comm,PA68,nowill,843,1752142873,"(9, 10)",A2,True,drop_victim,victim_10_,"(9, 10)",10,50,0.5625,55.5906720161438,Argo,True,True
mission_comm,PA68,nowill,861,1752142875,"(12, 4)",A1,True,take_victim,victim_11_,"(10, 10)",11,50,0.625,55.5906720161438,Argo,False,
mission_comm,PA68,nowill,877,1752142877,"(10, 10)",A1,True,drop_victim,victim_11_,"(10, 10)",11,55,0.625,55.69456219673157,Argo,True,True
mission_comm,PA68,nowill,895,1752142879,"(4, 12)",D1,True,take_victim,victim_16_,"(11, 11)",16,55,0.6875,57.57042908668518,Argo,False,
mission_comm,PA68,human,937,1752142883,"(16, 7)",B1,True,take_victim,victim_12_,"(11, 10)",12,55,0.6875,62.06875920295715,Argo,False,
mission_comm,PA68,human,993,1752142889,"(11, 10)",B1,True,drop_victim,victim_12_,"(11, 10)",12,60,0.6875,66.14495801925659,Argo,True,True
mission_comm,PA68,human,1079,1752142898,"(18, 9)",B2,True,take_victim,victim_13_,"(8, 11)",13,60,0.75,72.75683426856995,Argo,False,
mission_comm,PA68,human,1175,1752142908,"(8, 11)",B2,True,drop_victim,victim_13_,"(8, 11)",13,65,0.75,78.94004106521606,Argo,True,True
mission_comm,PA68,human,1247,1752142916,"(9, 15)",C1,False,take_victim,victim_14_,"(9, 11)",14,65,0.8125,84.17383885383606,Argo,False,
mission_comm,PA68,human,1286,1752142920,"(9, 11)",C1,False,drop_victim,victim_14_,"(9, 11)",14,70,0.8125,87.50723314285278,Argo,True,True
mission_comm,PA68,human,1355,1752142927,"(17, 10)",B2,True,take_victim,victim_15_,"(10, 11)",15,70,0.875,93.24884414672852,Argo,False,
mission_comm,PA68,human,1419,1752142934,"(10, 11)",B2,True,drop_victim,victim_15_,"(10, 11)",15,75,0.875,98.9046070575714,Argo,True,True
mission_comm,PA68,nowill,1420,1752142934,"(11, 11)",D1,True,drop_victim,victim_16_,"(11, 11)",16,80,0.9375,98.9046070575714,Argo,True,True
mission_nocomm,PA50,nowill,13,1751537622,"(3, 10)",D1,True,take_victim,victim_1_,"(8, 8)",1,0,0.0,0.0,Argo,False,
mission_nocomm,PA50,nowill,27,1751537623,"(8, 8)",D1,True,drop_victim,victim_1_,"(8, 8)",1,5,0.0,0.0,Argo,True,True
mission_nocomm,PA50,nowill,47,1751537625,"(1, 10)",D2,True,take_victim,victim_2_,"(9, 8)",2,5,0.0625,0.0,Argo,False,
mission_nocomm,PA50,nowill,67,1751537627,"(9, 8)",D2,True,drop_victim,victim_2_,"(9, 8)",2,10,0.0625,0.0,Argo,True,True
mission_nocomm,PA50,nowill,153,1751537636,"(10, 18)",C2,True,take_victim,victim_5_,"(8, 9)",5,10,0.125,1.2661869525909424,Argo,False,
mission_nocomm,PA50,human,236,1751537645,"(16, 12)",B1,True,take_victim,victim_3_,"(10, 8)",3,10,0.125,10.234600067138672,Argo,False,
mission_nocomm,PA50,human,323,1751537654,"(10, 8)",B1,True,drop_victim,victim_3_,"(10, 8)",3,15,0.125,18.323462963104248,Argo,True,True
mission_nocomm,PA50,human,404,1751537663,"(15, 11)",B1,True,take_victim,victim_4_,"(11, 8)",4,15,0.1875,25.788654804229736,Argo,False,
mission_nocomm,PA50,human,483,1751537671,"(11, 8)",B1,True,drop_victim,victim_4_,"(11, 8)",4,20,0.1875,32.9004647731781,Argo,True,True
mission_nocomm,PA50,nowill,484,1751537671,"(8, 9)",C2,True,drop_victim,victim_5_,"(8, 9)",5,25,0.25,32.9004647731781,Argo,True,True
mission_nocomm,PA50,nowill,502,1751537673,"(2, 7)",D2,True,take_victim,victim_7_,"(10, 9)",7,25,0.3125,32.9004647731781,Argo,False,
mission_nocomm,PA50,human,541,1751537677,"(12, 4)",A1,True,take_victim,victim_6_,"(9, 9)",6,25,0.3125,32.9004647731781,Argo,False,
mission_nocomm,PA50,human,578,1751537681,"(9, 9)",A1,True,drop_victim,victim_6_,"(9, 9)",6,30,0.3125,32.9004647731781,Argo,True,True
mission_nocomm,PA50,nowill,579,1751537681,"(10, 9)",D2,True,drop_victim,victim_7_,"(10, 9)",7,35,0.375,32.9004647731781,Argo,True,True
mission_nocomm,PA50,human,616,1751537685,"(9, 1)",A2,True,take_victim,victim_8_,"(11, 9)",8,35,0.4375,32.9004647731781,Argo,False,
mission_nocomm,PA50,human,645,1751537688,"(11, 9)",A2,True,drop_victim,victim_8_,"(11, 9)",8,40,0.4375,32.9004647731781,Argo,True,True
mission_nocomm,PA50,nowill,649,1751537688,"(11, 17)",C2,True,take_victim,victim_11_,"(10, 10)",11,40,0.5,32.9004647731781,Argo,False,
mission_nocomm,PA50,human,671,1751537691,"(7, 2)",A2,True,take_victim,victim_9_,"(8, 10)",9,40,0.5,32.9004647731781,Argo,False,
mission_nocomm,PA50,human,690,1751537693,"(8, 10)",A2,True,drop_victim,victim_9_,"(8, 10)",9,45,0.5,32.9004647731781,Argo,True,True
mission_nocomm,PA50,human,901,1751537715,"(18, 8)",B2,True,take_victim,victim_10_,"(9, 10)",10,45,0.5625,52.90806555747986,Argo,False,
mission_nocomm,PA50,human,987,1751537724,"(9, 10)",B2,True,drop_victim,victim_10_,"(9, 10)",10,50,0.5625,59.17863178253174,Argo,True,True
mission_nocomm,PA50,nowill,988,1751537724,"(10, 10)",C2,True,drop_victim,victim_11_,"(10, 10)",11,55,0.625,59.17863178253174,Argo,True,True
mission_nocomm,PA50,nowill,1028,1751537728,"(8, 15)",C1,True,take_victim,victim_12_,"(11, 10)",12,55,0.6875,59.17863178253174,Argo,False,
mission_nocomm,PA50,nowill,1090,1751537735,"(11, 10)",C1,True,drop_victim,victim_12_,"(11, 10)",12,60,0.6875,60.22257995605469,Argo,True,True
mission_nocomm,PA50,human,1120,1751537738,"(17, 7)",B2,True,take_victim,victim_15_,"(10, 11)",15,60,0.75,63.455217123031616,Argo,False,
mission_nocomm,PA50,nowill,1144,1751537740,"(7, 16)",C1,True,take_victim,victim_13_,"(8, 11)",13,60,0.75,65.85694980621338,Argo,False,
mission_nocomm,PA50,nowill,1218,1751537748,"(8, 11)",C1,True,drop_victim,victim_13_,"(8, 11)",13,65,0.75,68.68515992164612,Argo,True,True
mission_nocomm,PA50,nowill,1232,1751537749,"(4, 12)",D1,True,take_victim,victim_14_,"(9, 11)",14,65,0.8125,68.68515992164612,Argo,False,
mission_nocomm,PA50,nowill,1246,1751537751,"(9, 11)",D1,True,drop_victim,victim_14_,"(9, 11)",14,70,0.8125,68.68515992164612,Argo,True,True
mission_nocomm,PA50,human,1262,1751537753,"(10, 11)",B2,True,drop_victim,victim_15_,"(10, 11)",15,75,0.875,68.68515992164612,Argo,True,True
mission_nocomm,PA50,human,1300,1751537757,"(7, 3)",A1,True,take_victim,victim_16_,"(11, 11)",16,75,0.9375,68.68515992164612,Argo,False,
mission_nocomm,PA50,human,1335,1751537760,"(11, 11)",A1,True,drop_victim,victim_16_,"(11, 11)",16,80,0.9375,68.68515992164612,Argo,True,True
mission_nocomm,PA50,human,68,1751537926,"(9, 1)",A2,True,take_victim,victim_2_,"(9, 8)",2,0,0.0,0.0,Bolt,False,
mission_nocomm,PA50,will,73,1751537926,"(17, 10)",B2,True,take_victim,victim_1_,"(8, 8)",1,0,0.0,0.0,Bolt,False,
mission_nocomm,PA50,will,167,1751537936,"(8, 8)",B2,True,drop_victim,victim_1_,"(8, 8)",1,5,0.0,0.0,Bolt,True,True
mission_nocomm,PA50,human,186,1751537938,"(9, 8)",A2,True,drop_victim,victim_2_,"(9, 8)",2,10,0.0625,0.0,Bolt,True,True
mission_nocomm,PA50,human,213,1751537941,"(2, 10)",D2,True,take_victim,victim_4_,"(11, 8)",4,10,0.125,0.0,Bolt,False,
mission_nocomm,PA50,will,239,1751537943,"(12, 17)",C2,True,take_victim,victim_3_,"(10, 8)",3,10,0.125,0.0,Bolt,False,
mission_nocomm,PA50,will,345,1751537955,"(10, 8)",C2,True,drop_victim,victim_3_,"(10, 8)",3,15,0.125,0.0,Bolt,True,True
mission_nocomm,PA50,human,371,1751537957,"(11, 8)",D2,True,drop_victim,victim_4_,"(11, 8)",4,20,0.1875,0.0,Bolt,True,True
mission_nocomm,PA50,will,389,1751537959,"(11, 15)",C1,True,take_victim,victim_5_,"(8, 9)",5,20,0.25,0.0,Bolt,False,
mission_nocomm,PA50,human,442,1751537965,"(1, 8)",D2,True,take_victim,victim_6_,"(9, 9)",6,20,0.25,0.0,Bolt,False,
mission_nocomm,PA50,will,453,1751537966,"(8, 9)",C1,True,drop_victim,victim_5_,"(8, 9)",5,25,0.25,0.0,Bolt,True,True
mission_nocomm,PA50,human,472,1751537968,"(9, 9)",D2,True,drop_victim,victim_6_,"(9, 9)",6,30,0.3125,0.0,Bolt,True,True
mission_nocomm,PA50,human,527,1751537974,"(3, 11)",D1,True,take_victim,victim_7_,"(10, 9)",7,30,0.375,0.0,Bolt,False,
mission_nocomm,PA50,will,537,1751537975,"(8, 18)",C2,True,take_victim,victim_9_,"(8, 10)",9,30,0.375,0.0,Bolt,False,
mission_nocomm,PA50,human,553,1751537976,"(10, 9)",D1,True,drop_victim,victim_7_,"(10, 9)",7,35,0.375,0.0,Bolt,True,True
mission_nocomm,PA50,human,596,1751537981,"(4, 10)",D1,True,take_victim,victim_8_,"(11, 9)",8,35,0.4375,0.0,Bolt,False,
mission_nocomm,PA50,human,615,1751537983,"(11, 9)",D1,True,drop_victim,victim_8_,"(11, 9)",8,40,0.4375,0.0,Bolt,True,True
mission_nocomm,PA50,will,641,1751537986,"(8, 10)",C2,True,drop_victim,victim_9_,"(8, 10)",9,45,0.5,0.0,Bolt,True,True
mission_nocomm,PA50,human,710,1751537993,"(7, 2)",A2,True,take_victim,victim_11_,"(10, 10)",11,45,0.5625,0.0,Bolt,False,
mission_nocomm,PA50,will,727,1751537995,"(18, 11)",B2,True,take_victim,victim_10_,"(9, 10)",10,45,0.5625,0.0,Bolt,False,
mission_nocomm,PA50,will,833,1751538006,"(9, 10)",B2,True,drop_victim,victim_10_,"(9, 10)",10,50,0.5625,0.0,Bolt,True,True
mission_nocomm,PA50,human,850,1751538008,"(10, 10)",A2,True,drop_victim,victim_11_,"(10, 10)",11,55,0.625,0.0,Bolt,True,True
mission_nocomm,PA50,will,889,1751538012,"(16, 8)",B1,True,take_victim,victim_12_,"(11, 10)",12,55,0.6875,0.0,Bolt,False,
mission_nocomm,PA50,human,931,1751538016,"(12, 4)",A1,True,take_victim,victim_14_,"(9, 11)",14,55,0.6875,0.0,Bolt,False,
mission_nocomm,PA50,will,963,1751538020,"(11, 10)",B1,True,drop_victim,victim_12_,"(11, 10)",12,60,0.6875,0.0,Bolt,True,True
mission_nocomm,PA50,will,1001,1751538024,"(15, 12)",B1,True,take_victim,victim_13_,"(8, 11)",13,60,0.75,0.0,Bolt,False,
mission_nocomm,PA50,will,1079,1751538032,"(8, 11)",B1,True,drop_victim,victim_13_,"(8, 11)",13,65,0.75,0.0,Bolt,True,True
mission_nocomm,PA50,human,1090,1751538033,"(9, 11)",A1,True,drop_victim,victim_14_,"(9, 11)",14,70,0.8125,0.0,Bolt,True,True
mission_nocomm,PA50,human,1120,1751538036,"(10, 3)",A1,True,take_victim,victim_15_,"(10, 11)",15,70,0.875,0.0,Bolt,False,
mission_nocomm,PA50,will,1131,1751538037,"(10, 16)",C1,True,take_victim,victim_16_,"(11, 11)",16,70,0.875,0.0,Bolt,False,
mission_nocomm,PA50,human,1147,1751538039,"(10, 11)",A1,True,drop_victim,victim_15_,"(10, 11)",15,75,0.875,0.0,Bolt,True,True
mission_nocomm,PA50,will,1205,1751538045,"(11, 11)",C1,True,drop_victim,victim_16_,"(11, 11)",16,80,0.9375,0.0,Bolt,True,True
mission_nocomm,PA66,nowill,69,1752132537,"(12, 17)",C2,True,take_victim,victim_1_,"(8, 8)",1,0,0.0,0.0,Argo,False,
mission_nocomm,PA66,nowill,163,1752132547,"(8, 8)",C2,True,drop_victim,victim_1_,"(8, 8)",1,5,0.0,0.0,Argo,True,True
mission_nocomm,PA66,nowill,207,1752132552,"(11, 15)",C1,True,take_victim,victim_2_,"(9, 8)",2,5,0.0625,0.0,Argo,False,
mission_nocomm,PA66,nowill,273,1752132558,"(9, 8)",C1,True,drop_victim,victim_2_,"(9, 8)",2,10,0.0625,0.0,Argo,True,True
mission_nocomm,PA66,nowill,291,1752132560,"(3, 7)",D1,True,take_victim,victim_3_,"(10, 8)",3,10,0.125,0.0,Argo,False,
mission_nocomm,PA66,nowill,309,1752132562,"(10, 8)",D1,True,drop_victim,victim_3_,"(10, 8)",3,15,0.125,0.0,Argo,True,True
mission_nocomm,PA66,nowill,331,1752132565,"(2, 7)",D2,True,take_victim,victim_4_,"(11, 8)",4,15,0.1875,0.3075859546661377,Argo,False,
mission_nocomm,PA66,nowill,353,1752132567,"(11, 8)",D2,True,drop_victim,victim_4_,"(11, 8)",4,20,0.1875,2.182581901550293,Argo,True,True
mission_nocomm,PA66,human,407,1752132573,"(16, 11)",B1,True,take_victim,victim_5_,"(8, 9)",5,20,0.25,8.245107889175415,Argo,False,
mission_nocomm,PA66,nowill,439,1752132576,"(11, 18)",C2,True,take_victim,victim_7_,"(10, 9)",7,20,0.25,10.96396780014038,Argo,False,
mission_nocomm,PA66,human,479,1752132580,"(8, 9)",B1,True,drop_victim,victim_5_,"(8, 9)",5,25,0.25,12.836030960083008,Argo,True,True
mission_nocomm,PA66,human,504,1752132583,"(7, 1)",A2,True,take_victim,victim_6_,"(9, 9)",6,25,0.3125,12.836030960083008,Argo,False,
mission_nocomm,PA66,human,555,1752132588,"(10, 9)",A2,True,take_victim,victim_6_,"(9, 9)",6,25,0.3125,12.836030960083008,Argo,False,
mission_nocomm,PA66,human,565,1752132589,"(9, 9)",A2,True,drop_victim,victim_6_,"(9, 9)",6,30,0.3125,12.836030960083008,Argo,True,True
mission_nocomm,PA66,nowill,566,1752132589,"(10, 9)",C2,True,drop_victim,victim_7_,"(10, 9)",7,35,0.375,12.836030960083008,Argo,True,True
mission_nocomm,PA66,nowill,590,1752132592,"(1, 8)",D2,True,take_victim,victim_13_,"(8, 11)",13,35,0.4375,12.836030960083008,Argo,False,
mission_nocomm,PA66,human,606,1752132593,"(9, 2)",A2,True,take_victim,victim_8_,"(11, 9)",8,35,0.4375,12.836030960083008,Argo,False,
mission_nocomm,PA66,human,634,1752132596,"(11, 9)",A2,True,drop_victim,victim_8_,"(11, 9)",8,40,0.4375,12.836030960083008,Argo,True,True
mission_nocomm,PA66,human,669,1752132600,"(12, 3)",A1,True,take_victim,victim_9_,"(8, 10)",9,40,0.5,12.836030960083008,Argo,False,
mission_nocomm,PA66,human,702,1752132603,"(8, 10)",A1,True,drop_victim,victim_9_,"(8, 10)",9,45,0.5,12.836030960083008,Argo,True,True
mission_nocomm,PA66,human,765,1752132610,"(17, 7)",B2,True,take_victim,victim_10_,"(9, 10)",10,45,0.5625,17.226283073425293,Argo,False,
mission_nocomm,PA66,human,834,1752132617,"(9, 10)",B2,True,drop_victim,victim_10_,"(9, 10)",10,50,0.5625,22.349589109420776,Argo,True,True
mission_nocomm,PA66,human,878,1752132622,"(15, 8)",B1,True,take_victim,victim_11_,"(10, 10)",11,50,0.625,24.74850106239319,Argo,False,
mission_nocomm,PA66,human,925,1752132627,"(10, 10)",B1,True,drop_victim,victim_11_,"(10, 10)",11,55,0.625,27.796398162841797,Argo,True,True
mission_nocomm,PA66,human,1011,1752132636,"(18, 8)",B2,True,take_victim,victim_12_,"(11, 10)",12,55,0.6875,34.48702931404114,Argo,False,
mission_nocomm,PA66,human,1085,1752132643,"(11, 10)",B2,True,drop_victim,victim_12_,"(11, 10)",12,60,0.6875,40.769548416137695,Argo,True,True
mission_nocomm,PA66,nowill,1086,1752132644,"(8, 11)",D2,True,drop_victim,victim_13_,"(8, 11)",13,65,0.75,40.769548416137695,Argo,True,True
mission_nocomm,PA66,human,1128,1752132648,"(7, 4)",A1,True,take_victim,victim_15_,"(10, 11)",15,65,0.8125,40.769548416137695,Argo,False,
mission_nocomm,PA66,nowill,1138,1752132649,"(7, 16)",C1,True,take_victim,victim_14_,"(9, 11)",14,65,0.8125,40.769548416137695,Argo,False,
mission_nocomm,PA66,nowill,1212,1752132657,"(9, 11)",C1,True,drop_victim,victim_14_,"(9, 11)",14,70,0.8125,40.769548416137695,Argo,True,True
mission_nocomm,PA66,nowill,1228,1752132658,"(4, 10)",D1,True,take_victim,victim_16_,"(11, 11)",16,70,0.875,40.769548416137695,Argo,False,
mission_nocomm,PA66,human,1231,1752132659,"(10, 11)",A1,True,drop_victim,victim_15_,"(10, 11)",15,75,0.875,40.769548416137695,Argo,True,True
mission_nocomm,PA66,nowill,1246,1752132660,"(11, 11)",D1,True,drop_victim,victim_16_,"(11, 11)",16,80,0.9375,40.769548416137695,Argo,True,True
mission_nocomm,PA66,will,11,1752132878,"(4, 8)",D1,True,take_victim,victim_2_,"(9, 8)",2,0,0.0,0.0,Bolt,False,
mission_nocomm,PA66,human,158,1752132894,"(12, 3)",A1,True,take_victim,victim_1_,"(8, 8)",1,0,0.0,7.827180862426758,Bolt,False,
mission_nocomm,PA66,human,188,1752132897,"(8, 8)",A1,True,drop_victim,victim_1_,"(8, 8)",1,5,0.0,7.827180862426758,Bolt,True,True
mission_nocomm,PA66,will,189,1752132897,"(9, 8)",D1,True,drop_victim,victim_2_,"(9, 8)",2,10,0.0625,7.827180862426758,Bolt,True,True
mission_nocomm,PA66,will,207,1752132899,"(3, 9)",D1,True,take_victim,victim_3_,"(10, 8)",3,10,0.125,7.827180862426758,Bolt,False,
mission_nocomm,PA66,will,225,1752132901,"(10, 8)",D1,True,drop_victim,victim_3_,"(10, 8)",3,15,0.125,7.827180862426758,Bolt,True,True
mission_nocomm,PA66,will,249,1752132903,"(1, 8)",D2,True,take_victim,victim_6_,"(9, 9)",6,15,0.1875,7.827180862426758,Bolt,False,
mission_nocomm,PA66,human,255,1752132904,"(10, 2)",A2,True,take_victim,victim_4_,"(11, 8)",4,15,0.1875,7.827180862426758,Bolt,False,
mission_nocomm,PA66,human,275,1752132906,"(11, 8)",A2,True,drop_victim,victim_4_,"(11, 8)",4,20,0.1875,7.827180862426758,Bolt,True,True
mission_nocomm,PA66,human,353,1752132914,"(15, 10)",B1,True,take_victim,victim_5_,"(8, 9)",5,20,0.25,12.534781694412231,Bolt,False,
mission_nocomm,PA66,human,404,1752132920,"(8, 9)",B1,True,drop_victim,victim_5_,"(8, 9)",5,25,0.25,15.68288278579712,Bolt,True,True
mission_nocomm,PA66,will,405,1752132920,"(9, 9)",D2,True,drop_victim,victim_6_,"(9, 9)",6,30,0.3125,15.68288278579712,Bolt,True,True
mission_nocomm,PA66,human,433,1752132923,"(11, 1)",A2,True,take_victim,victim_7_,"(10, 9)",7,30,0.375,15.68288278579712,Bolt,False,
mission_nocomm,PA66,human,458,1752132925,"(10, 9)",A2,True,drop_victim,victim_7_,"(10, 9)",7,35,0.375,15.68288278579712,Bolt,True,True
mission_nocomm,PA66,will,475,1752132927,"(9, 17)",C2,True,take_victim,victim_11_,"(10, 10)",11,35,0.4375,15.68288278579712,Bolt,False,
mission_nocomm,PA66,human,529,1752132933,"(18, 8)",B2,True,take_victim,victim_8_,"(11, 9)",8,35,0.4375,20.819998025894165,Bolt,False,
mission_nocomm,PA66,human,597,1752132940,"(11, 9)",B2,True,drop_victim,victim_8_,"(11, 9)",8,40,0.4375,26.886146783828735,Bolt,True,True
mission_nocomm,PA66,human,671,1752132947,"(16, 9)",B1,True,take_victim,victim_9_,"(8, 10)",9,40,0.5,33.82795071601868,Bolt,False,
mission_nocomm,PA66,human,744,1752132955,"(8, 10)",B1,True,drop_victim,victim_9_,"(8, 10)",9,45,0.5,39.71171689033508,Bolt,True,True
mission_nocomm,PA66,human,775,1752132958,"(8, 4)",A1,True,take_victim,victim_10_,"(9, 10)",10,45,0.5625,39.71171689033508,Bolt,False,
mission_nocomm,PA66,human,796,1752132961,"(9, 10)",A1,True,drop_victim,victim_10_,"(9, 10)",10,50,0.5625,39.71171689033508,Bolt,True,True
mission_nocomm,PA66,will,797,1752132961,"(10, 10)",C2,True,drop_victim,victim_11_,"(10, 10)",11,55,0.625,39.71171689033508,Bolt,True,True
mission_nocomm,PA66,will,879,1752132969,"(7, 18)",C2,True,take_victim,victim_13_,"(8, 11)",13,55,0.6875,46.105594635009766,Bolt,False,
mission_nocomm,PA66,human,893,1752132971,"(17, 11)",B2,True,take_victim,victim_12_,"(11, 10)",12,55,0.6875,47.571165561676025,Bolt,False,
mission_nocomm,PA66,human,959,1752132978,"(11, 10)",B2,True,drop_victim,victim_12_,"(11, 10)",12,60,0.6875,53.109975814819336,Bolt,True,True
mission_nocomm,PA66,will,981,1752132980,"(8, 11)",C2,True,drop_victim,victim_13_,"(8, 11)",13,65,0.75,53.109975814819336,Bolt,True,True
mission_nocomm,PA66,will,1033,1752132985,"(9, 16)",C1,True,take_victim,victim_14_,"(9, 11)",14,65,0.8125,53.109975814819336,Bolt,False,
mission_nocomm,PA66,will,1107,1752132993,"(9, 11)",C1,True,drop_victim,victim_14_,"(9, 11)",14,70,0.8125,53.109975814819336,Bolt,True,True
mission_nocomm,PA66,will,1145,1752132997,"(10, 15)",C1,True,take_victim,victim_15_,"(10, 11)",15,70,0.875,53.109975814819336,Bolt,False,
mission_nocomm,PA66,human,1182,1752133001,"(2, 7)",D2,False,take_victim,victim_16_,"(11, 11)",16,70,0.875,53.109975814819336,Bolt,False,
mission_nocomm,PA66,will,1205,1752133003,"(10, 11)",C1,True,drop_victim,victim_15_,"(10, 11)",15,75,0.875,53.109975814819336,Bolt,True,True
mission_nocomm,PA66,human,1232,1752133006,"(11, 11)",D2,False,drop_victim,victim_16_,"(11, 11)",16,80,0.9375,53.109975814819336,Bolt,True,True
mission_comm,PA59,nowill,71,1752047280,"(12, 16)",C1,True,take_victim,victim_2_,"(9, 8)",2,0,0.0,0.0,Bolt,False,
mission_comm,PA59,human,112,1752047284,"(10, 4)",A1,True,take_victim,victim_1_,"(8, 8)",1,0,0.0,0.0,Bolt,False,
mission_comm,PA59,human,137,1752047287,"(8, 8)",A1,True,drop_victim,victim_1_,"(8, 8)",1,5,0.0,0.0,Bolt,True,True
mission_comm,PA59,nowill,151,1752047288,"(9, 8)",C1,True,drop_victim,victim_2_,"(9, 8)",2,10,0.0625,0.0,Bolt,True,True
mission_comm,PA59,nowill,167,1752047290,"(4, 11)",D1,True,take_victim,victim_3_,"(10, 8)",3,10,0.125,0.0,Bolt,False,
mission_comm,PA59,nowill,183,1752047291,"(10, 8)",D1,True,drop_victim,victim_3_,"(10, 8)",3,15,0.125,0.0,Bolt,True,True
mission_comm,PA59,human,232,1752047297,"(1, 8)",D2,False,take_victim,victim_4_,"(11, 8)",4,15,0.1875,0.0,Bolt,False,
mission_comm,PA59,human,254,1752047299,"(11, 8)",D2,False,drop_victim,victim_4_,"(11, 8)",4,20,0.1875,0.0,Bolt,True,True
mission_comm,PA59,nowill,265,1752047300,"(18, 10)",B2,True,take_victim,victim_6_,"(9, 9)",6,20,0.25,0.0,Bolt,False,
mission_comm,PA59,human,294,1752047303,"(2, 12)",D2,False,take_victim,victim_5_,"(8, 9)",5,20,0.25,0.0,Bolt,False,
mission_comm,PA59,human,318,1752047306,"(8, 9)",D2,False,drop_victim,victim_5_,"(8, 9)",5,25,0.25,0.0,Bolt,True,True
mission_comm,PA59,nowill,371,1752047311,"(9, 9)",B2,True,drop_victim,victim_6_,"(9, 9)",6,30,0.3125,0.0,Bolt,True,True
mission_comm,PA59,nowill,441,1752047318,"(10, 17)",C2,True,take_victim,victim_7_,"(10, 9)",7,30,0.375,1.8850951194763184,Bolt,False,
mission_comm,PA59,human,504,1752047325,"(16, 11)",B1,True,take_victim,victim_9_,"(8, 10)",9,30,0.375,9.09817600250244,Bolt,False,
mission_comm,PA59,nowill,533,1752047328,"(10, 9)",C2,True,drop_victim,victim_7_,"(10, 9)",7,35,0.375,11.504405975341797,Bolt,True,True
mission_comm,PA59,human,612,1752047336,"(8, 10)",B1,True,drop_victim,victim_9_,"(8, 10)",9,37,0.4375,13.38046097755432,Bolt,True,False
mission_comm,PA59,nowill,617,1752047337,"(8, 18)",C2,True,take_victim,victim_8_,"(11, 9)",8,37,0.5,13.38046097755432,Bolt,False,
mission_comm,PA59,human,648,1752047340,"(10, 2)",A2,True,take_victim,victim_10_,"(9, 10)",10,37,0.5,13.38046097755432,Bolt,False,
mission_comm,PA59,nowill,723,1752047348,"(11, 9)",C2,True,drop_victim,victim_8_,"(11, 9)",8,42,0.5,13.38046097755432,Bolt,True,True
mission_comm,PA59,human,727,1752047348,"(9, 10)",A2,True,drop_victim,victim_10_,"(9, 10)",10,47,0.5625,13.38046097755432,Bolt,True,True
mission_comm,PA59,nowill,745,1752047350,"(3, 9)",D1,True,take_victim,victim_13_,"(8, 11)",13,47,0.625,13.48785924911499,Bolt,False,
mission_comm,PA59,human,806,1752047357,"(15, 10)",B1,True,take_victim,victim_11_,"(10, 10)",11,47,0.625,20.088800191879272,Bolt,False,
mission_comm,PA59,human,853,1752047362,"(10, 10)",B1,True,drop_victim,victim_11_,"(10, 10)",11,52,0.625,23.46673822402954,Bolt,True,True
mission_comm,PA59,human,881,1752047365,"(11, 3)",A1,True,take_victim,victim_12_,"(11, 10)",12,52,0.6875,23.46673822402954,Bolt,False,
mission_comm,PA59,human,898,1752047366,"(11, 10)",A1,True,drop_victim,victim_12_,"(11, 10)",12,57,0.6875,23.46673822402954,Bolt,True,True
mission_comm,PA59,nowill,899,1752047367,"(8, 11)",D1,True,drop_victim,victim_13_,"(8, 11)",13,62,0.75,23.46673822402954,Bolt,True,True
mission_comm,PA59,human,943,1752047371,"(12, 1)",A2,True,take_victim,victim_16_,"(11, 11)",16,62,0.8125,23.46673822402954,Bolt,False,
mission_comm,PA59,nowill,971,1752047374,"(17, 11)",B2,True,take_victim,victim_14_,"(9, 11)",14,62,0.8125,23.46673822402954,Bolt,False,
mission_comm,PA59,nowill,1063,1752047384,"(9, 11)",B2,True,drop_victim,victim_14_,"(9, 11)",14,67,0.8125,23.46673822402954,Bolt,True,True
mission_comm,PA59,nowill,1101,1752047388,"(10, 15)",C1,True,take_victim,victim_15_,"(10, 11)",15,67,0.875,23.46673822402954,Bolt,False,
mission_comm,PA59,nowill,1161,1752047394,"(10, 11)",C1,True,drop_victim,victim_15_,"(10, 11)",15,72,0.875,23.46673822402954,Bolt,True,True
mission_comm,PA59,human,1165,1752047394,"(11, 11)",A2,True,drop_victim,victim_16_,"(11, 11)",16,77,0.9375,23.46673822402954,Bolt,True,True
mission_comm,PA59,human,81,1752047644,"(11, 3)",A1,True,take_victim,victim_2_,"(9, 8)",2,0,0.0,0.0,Argo,False,
mission_comm,PA59,will,87,1752047645,"(18, 11)",B2,True,take_victim,victim_1_,"(8, 8)",1,0,0.0,0.0,Argo,False,
mission_comm,PA59,human,134,1752047650,"(9, 8)",A1,True,drop_victim,victim_2_,"(9, 8)",2,2,0.0,0.0,Argo,True,False
mission_comm,PA59,human,187,1752047655,"(10, 16)",C1,False,take_victim,victim_3_,"(10, 8)",3,2,0.0625,4.412146806716919,Argo,False,
mission_comm,PA59,will,195,1752047656,"(8, 8)",B2,True,drop_victim,victim_1_,"(8, 8)",1,7,0.0625,4.825835943222046,Argo,True,True
mission_comm,PA59,human,243,1752047661,"(10, 8)",C1,False,drop_victim,victim_3_,"(10, 8)",3,12,0.125,8.59771203994751,Argo,True,True
mission_comm,PA59,will,281,1752047665,"(12, 18)",C2,True,take_victim,victim_5_,"(8, 9)",5,12,0.1875,8.59771203994751,Argo,False,
mission_comm,PA59,human,380,1752047675,"(15, 10)",B1,False,take_victim,victim_4_,"(11, 8)",4,12,0.1875,15.329432964324951,Argo,False,
mission_comm,PA59,human,428,1752047680,"(11, 8)",B1,False,drop_victim,victim_4_,"(11, 8)",4,17,0.1875,18.567867040634155,Argo,True,True
mission_comm,PA59,will,429,1752047680,"(8, 9)",C2,True,drop_victim,victim_5_,"(8, 9)",5,22,0.25,18.567867040634155,Argo,True,True
mission_comm,PA59,human,470,1752047685,"(4, 7)",D1,True,take_victim,victim_7_,"(10, 9)",7,22,0.3125,18.567867040634155,Argo,False,
mission_comm,PA59,will,501,1752047688,"(17, 8)",B2,True,take_victim,victim_6_,"(9, 9)",6,22,0.3125,18.567867040634155,Argo,False,
mission_comm,PA59,human,532,1752047691,"(10, 9)",D1,True,drop_victim,victim_7_,"(10, 9)",7,24,0.3125,18.567867040634155,Argo,True,False
mission_comm,PA59,human,551,1752047693,"(10, 1)",A2,True,take_victim,victim_8_,"(11, 9)",8,24,0.375,18.567867040634155,Argo,False,
mission_comm,PA59,human,572,1752047695,"(11, 9)",A2,True,drop_victim,victim_8_,"(11, 9)",8,26,0.375,18.567867040634155,Argo,True,False
mission_comm,PA59,will,593,1752047698,"(9, 9)",B2,True,drop_victim,victim_6_,"(9, 9)",6,31,0.4375,18.567867040634155,Argo,True,True
mission_comm,PA59,human,597,1752047698,"(8, 4)",A1,True,take_victim,victim_9_,"(8, 10)",9,31,0.5,18.567867040634155,Argo,False,
mission_comm,PA59,will,611,1752047700,"(3, 9)",D1,True,take_victim,victim_10_,"(9, 10)",10,31,0.5,18.567867040634155,Argo,False,
mission_comm,PA59,human,616,1752047700,"(8, 10)",A1,True,drop_victim,victim_9_,"(8, 10)",9,36,0.5,18.567867040634155,Argo,True,True
mission_comm,PA59,will,627,1752047701,"(9, 10)",D1,True,drop_victim,victim_10_,"(9, 10)",10,41,0.5625,18.567867040634155,Argo,True,True
mission_comm,PA59,will,695,1752047708,"(8, 17)",C2,True,take_victim,victim_11_,"(10, 10)",11,41,0.625,18.567867040634155,Argo,False,
mission_comm,PA59,human,708,1752047710,"(11, 2)",A2,True,take_victim,victim_12_,"(11, 10)",12,41,0.625,18.567867040634155,Argo,False,
mission_comm,PA59,will,785,1752047718,"(10, 10)",C2,True,drop_victim,victim_11_,"(10, 10)",11,46,0.625,18.567867040634155,Argo,True,True
mission_comm,PA59,human,797,1752047719,"(11, 10)",A2,True,drop_victim,victim_12_,"(11, 10)",12,51,0.6875,18.567867040634155,Argo,True,True
mission_comm,PA59,will,809,1752047720,"(1, 10)",D2,True,take_victim,victim_13_,"(8, 11)",13,51,0.75,18.567867040634155,Argo,False,
mission_comm,PA59,will,827,1752047722,"(8, 11)",D2,True,drop_victim,victim_13_,"(8, 11)",13,56,0.75,18.567867040634155,Argo,True,True
mission_comm,PA59,will,845,1752047724,"(2, 9)",D2,True,take_victim,victim_14_,"(9, 11)",14,56,0.8125,18.567867040634155,Argo,False,
mission_comm,PA59,will,863,1752047726,"(9, 11)",D2,True,drop_victim,victim_14_,"(9, 11)",14,61,0.8125,18.77886199951172,Argo,True,True
mission_comm,PA59,human,920,1752047732,"(16, 7)",B1,False,take_victim,victim_15_,"(10, 11)",15,61,0.875,24.95885992050171,Argo,False,
mission_comm,PA59,human,983,1752047739,"(10, 11)",B1,False,drop_victim,victim_15_,"(10, 11)",15,66,0.875,29.426925897598267,Argo,True,True
mission_comm,PA59,human,1065,1752047747,"(9, 15)",C1,False,take_victim,victim_16_,"(11, 11)",16,66,0.9375,37.28079080581665,Argo,False,
mission_comm,PA59,human,1110,1752047752,"(11, 11)",C1,False,drop_victim,victim_16_,"(11, 11)",16,71,0.9375,40.64988994598389,Argo,True,True
mission_nocomm,PA61,will,73,1752062824,"(17, 8)",B2,True,take_victim,victim_1_,"(8, 8)",1,0,0.0,0.0,Bolt,False,
mission_nocomm,PA61,will,167,1752062834,"(8, 8)",B2,True,drop_victim,victim_1_,"(8, 8)",1,5,0.0,0.0,Bolt,True,True
mission_nocomm,PA61,will,225,1752062840,"(16, 9)",B1,True,take_victim,victim_3_,"(10, 8)",3,5,0.0625,0.0,Bolt,False,
mission_nocomm,PA61,human,325,1752062851,"(11, 4)",A1,True,take_victim,victim_2_,"(9, 8)",2,5,0.0625,0.0,Bolt,False,
mission_nocomm,PA61,human,353,1752062854,"(9, 8)",A1,True,drop_victim,victim_2_,"(9, 8)",2,10,0.0625,0.0,Bolt,True,True
mission_nocomm,PA61,will,354,1752062854,"(10, 8)",B1,True,drop_victim,victim_3_,"(10, 8)",3,15,0.125,0.0,Bolt,True,True
mission_nocomm,PA61,will,394,1752062858,"(15, 7)",B1,True,take_victim,victim_8_,"(11, 9)",8,15,0.1875,0.0,Bolt,False,
mission_nocomm,PA61,human,410,1752062860,"(11, 2)",A2,True,take_victim,victim_4_,"(11, 8)",4,15,0.1875,0.0,Bolt,False,
mission_nocomm,PA61,human,440,1752062863,"(11, 8)",A2,True,drop_victim,victim_4_,"(11, 8)",4,20,0.1875,0.0,Bolt,True,True
mission_nocomm,PA61,human,497,1752062869,"(3, 9)",D1,True,take_victim,victim_7_,"(10, 9)",7,20,0.25,0.0,Bolt,False,
mission_nocomm,PA61,human,525,1752062872,"(10, 9)",D1,True,drop_victim,victim_7_,"(10, 9)",7,22,0.25,0.0,Bolt,True,False
mission_nocomm,PA61,human,606,1752062880,"(2, 11)",D2,True,take_victim,victim_6_,"(9, 9)",6,22,0.3125,0.0,Bolt,False,
mission_nocomm,PA61,human,638,1752062883,"(9, 9)",D2,True,drop_victim,victim_6_,"(9, 9)",6,24,0.3125,0.0,Bolt,True,False
mission_nocomm,PA61,human,1023,1752062924,"(9, 1)",A2,True,take_victim,victim_5_,"(8, 9)",5,24,0.375,0.0,Bolt,False,
mission_nocomm,PA61,human,1048,1752062926,"(8, 9)",A2,True,drop_victim,victim_5_,"(8, 9)",5,29,0.375,0.0,Bolt,True,True
mission_nocomm,PA61,will,1049,1752062927,"(11, 9)",B1,True,drop_victim,victim_8_,"(11, 9)",8,34,0.4375,0.0,Bolt,True,True
mission_nocomm,PA61,will,1105,1752062932,"(12, 16)",C1,True,take_victim,victim_9_,"(8, 10)",9,34,0.5,0.0,Bolt,False,
mission_nocomm,PA61,will,1181,1752062940,"(8, 10)",C1,True,drop_victim,victim_9_,"(8, 10)",9,39,0.5,0.0,Bolt,True,True
mission_nocomm,PA61,will,1263,1752062949,"(11, 18)",C2,True,take_victim,victim_10_,"(9, 10)",10,39,0.5625,0.0,Bolt,False,
mission_nocomm,PA61,will,1367,1752062960,"(9, 10)",C2,True,drop_victim,victim_10_,"(9, 10)",10,44,0.5625,0.0,Bolt,True,True
mission_nocomm,PA61,will,1435,1752062967,"(7, 17)",C2,True,take_victim,victim_12_,"(11, 10)",12,44,0.625,0.0,Bolt,False,
mission_nocomm,PA61,human,1637,1752062988,"(1, 8)",D2,True,take_victim,victim_11_,"(10, 10)",11,44,0.625,0.0,Bolt,False,
mission_nocomm,PA61,human,1673,1752062992,"(10, 10)",D2,True,drop_victim,victim_11_,"(10, 10)",11,49,0.625,0.0,Bolt,True,True
mission_nocomm,PA61,will,1674,1752062992,"(11, 10)",C2,True,drop_victim,victim_12_,"(11, 10)",12,54,0.6875,0.0,Bolt,True,True
mission_nocomm,PA61,will,1754,1752063001,"(18, 12)",B2,True,take_victim,victim_13_,"(8, 11)",13,54,0.75,0.0,Bolt,False,
mission_nocomm,PA61,will,1874,1752063013,"(8, 11)",B2,True,drop_victim,victim_13_,"(8, 11)",13,59,0.75,0.0,Bolt,True,True
mission_nocomm,PA61,human,1883,1752063014,"(9, 3)",A1,True,take_victim,victim_14_,"(9, 11)",14,59,0.8125,0.0,Bolt,False,
mission_nocomm,PA61,will,1912,1752063017,"(9, 15)",C1,True,take_victim,victim_16_,"(11, 11)",16,59,0.8125,0.0,Bolt,False,
mission_nocomm,PA61,human,1924,1752063018,"(9, 11)",A1,True,drop_victim,victim_14_,"(9, 11)",14,64,0.8125,0.0,Bolt,True,True
mission_nocomm,PA61,human,2015,1752063028,"(4, 8)",D1,True,take_victim,victim_15_,"(10, 11)",15,64,0.875,0.0,Bolt,False,
mission_nocomm,PA61,human,2047,1752063031,"(10, 11)",D1,True,drop_victim,victim_15_,"(10, 11)",15,69,0.875,0.0,Bolt,True,True
mission_nocomm,PA61,will,2048,1752063031,"(11, 11)",C1,True,drop_victim,victim_16_,"(11, 11)",16,74,0.9375,0.0,Bolt,True,True
mission_nocomm,PA61,nowill,13,1752063294,"(3, 12)",D1,True,take_victim,victim_3_,"(10, 8)",3,0,0.0,0.0,Argo,False,
mission_nocomm,PA61,human,72,1752063300,"(12, 3)",A1,True,take_victim,victim_1_,"(8, 8)",1,0,0.0,0.0,Argo,False,
mission_nocomm,PA61,human,108,1752063304,"(8, 8)",A1,True,drop_victim,victim_1_,"(8, 8)",1,5,0.0,0.0,Argo,True,True
mission_nocomm,PA61,human,149,1752063308,"(10, 1)",A2,True,take_victim,victim_2_,"(9, 8)",2,5,0.0625,0.0,Argo,False,
mission_nocomm,PA61,human,180,1752063312,"(9, 8)",A2,True,drop_victim,victim_2_,"(9, 8)",2,10,0.0625,0.0,Argo,True,True
mission_nocomm,PA61,nowill,181,1752063312,"(10, 8)",D1,True,drop_victim,victim_3_,"(10, 8)",3,15,0.125,0.0,Argo,True,True
mission_nocomm,PA61,nowill,239,1752063318,"(9, 16)",C1,True,take_victim,victim_5_,"(8, 9)",5,15,0.1875,0.0,Argo,False,
mission_nocomm,PA61,human,311,1752063325,"(16, 7)",B1,True,take_victim,victim_6_,"(9, 9)",6,15,0.1875,7.337354183197021,Argo,False,
mission_nocomm,PA61,human,578,1752063353,"(18, 11)",B2,True,take_victim,victim_4_,"(11, 8)",4,15,0.1875,22.472999095916748,Argo,False,
mission_nocomm,PA61,human,673,1752063363,"(11, 8)",B2,True,drop_victim,victim_4_,"(11, 8)",4,20,0.1875,28.65545105934143,Argo,True,True
mission_nocomm,PA61,nowill,674,1752063363,"(8, 9)",C1,True,drop_victim,victim_5_,"(8, 9)",5,25,0.25,28.65545105934143,Argo,True,True
mission_nocomm,PA61,nowill,694,1752063365,"(1, 10)",D2,True,take_victim,victim_8_,"(11, 9)",8,25,0.3125,28.65545105934143,Argo,False,
mission_nocomm,PA61,human,742,1752063370,"(17, 9)",B2,True,take_victim,victim_13_,"(8, 11)",13,25,0.3125,32.84265112876892,Argo,False,
mission_nocomm,PA61,human,771,1752063374,"(16, 9)",B1,True,take_victim,victim_6_,"(9, 9)",6,25,0.3125,35.887261152267456,Argo,False,
mission_nocomm,PA61,human,830,1752063380,"(9, 9)",B1,True,drop_victim,victim_6_,"(9, 9)",6,30,0.3125,40.07589817047119,Argo,True,True
mission_nocomm,PA61,human,888,1752063386,"(7, 2)",A2,True,take_victim,victim_7_,"(10, 9)",7,30,0.375,40.07589817047119,Argo,False,
mission_nocomm,PA61,human,927,1752063390,"(10, 9)",A2,True,drop_victim,victim_7_,"(10, 9)",7,35,0.375,40.07589817047119,Argo,True,True
mission_nocomm,PA61,nowill,928,1752063390,"(11, 9)",D2,True,drop_victim,victim_8_,"(11, 9)",8,40,0.4375,40.07589817047119,Argo,True,True
mission_nocomm,PA61,nowill,952,1752063392,"(2, 8)",D2,True,take_victim,victim_9_,"(8, 10)",9,40,0.5,40.07589817047119,Argo,False,
mission_nocomm,PA61,nowill,968,1752063394,"(8, 10)",D2,True,drop_victim,victim_9_,"(8, 10)",9,45,0.5,40.07589817047119,Argo,True,True
mission_nocomm,PA61,human,996,1752063397,"(11, 4)",A1,True,take_victim,victim_10_,"(9, 10)",10,45,0.5625,40.07589817047119,Argo,False,
mission_nocomm,PA61,human,1024,1752063400,"(9, 10)",A1,True,drop_victim,victim_10_,"(9, 10)",10,50,0.5625,40.07589817047119,Argo,True,True
mission_nocomm,PA61,nowill,1050,1752063403,"(7, 18)",C2,True,take_victim,victim_11_,"(10, 10)",11,50,0.625,40.07589817047119,Argo,False,
mission_nocomm,PA61,human,1112,1752063409,"(15, 10)",B1,True,take_victim,victim_12_,"(11, 10)",12,50,0.625,44.66484212875366,Argo,False,
mission_nocomm,PA61,nowill,1154,1752063414,"(10, 10)",C2,True,drop_victim,victim_11_,"(10, 10)",11,55,0.625,48.01936411857605,Argo,True,True
mission_nocomm,PA61,human,1165,1752063415,"(11, 10)",B1,True,drop_victim,victim_12_,"(11, 10)",12,60,0.6875,48.01936411857605,Argo,True,True
mission_nocomm,PA61,nowill,1172,1752063416,"(4, 8)",D1,True,take_victim,victim_14_,"(9, 11)",14,60,0.75,48.01936411857605,Argo,False,
mission_nocomm,PA61,human,1379,1752063437,"(17, 9)",B2,True,take_victim,victim_13_,"(8, 11)",13,60,0.75,63.520400047302246,Argo,False,
mission_nocomm,PA61,human,1455,1752063445,"(8, 11)",B2,True,drop_victim,victim_13_,"(8, 11)",13,65,0.75,68.77378821372986,Argo,True,True
mission_nocomm,PA61,nowill,1456,1752063445,"(9, 11)",D1,True,drop_victim,victim_14_,"(9, 11)",14,70,0.8125,68.77378821372986,Argo,True,True
mission_nocomm,PA61,nowill,1522,1752063452,"(10, 17)",C2,True,take_victim,victim_15_,"(10, 11)",15,70,0.875,72.67197227478027,Argo,False,
mission_nocomm,PA61,human,1590,1752063459,"(12, 15)",C1,False,take_victim,victim_16_,"(11, 11)",16,70,0.875,80.4019079208374,Argo,False,
mission_nocomm,PA61,nowill,1610,1752063461,"(10, 11)",C2,True,drop_victim,victim_15_,"(10, 11)",15,75,0.875,82.18937110900879,Argo,True,True
mission_nocomm,PA61,human,1645,1752063465,"(11, 11)",C1,False,drop_victim,victim_16_,"(11, 11)",16,80,0.9375,85.3349199295044,Argo,True,True
mission_comm,PA43,will,69,1751382979,"(9, 17)",C2,True,take_victim,victim_1_,"(8, 8)",1,0,0.0,0.0,Argo,False,
mission_comm,PA43,human,140,1751382987,"(9, 2)",A2,True,take_victim,victim_3_,"(10, 8)",3,0,0.0,0.0,Argo,False,
mission_comm,PA43,will,163,1751382989,"(8, 8)",C2,True,drop_victim,victim_1_,"(8, 8)",1,5,0.0,0.0,Argo,True,True
mission_comm,PA43,will,249,1751382998,"(8, 18)",C2,True,take_victim,victim_2_,"(9, 8)",2,5,0.0625,0.0,Argo,False,
mission_comm,PA43,will,357,1751383010,"(9, 8)",C2,True,drop_victim,victim_2_,"(9, 8)",2,10,0.0625,0.0,Argo,True,True
mission_comm,PA43,human,367,1751383011,"(10, 8)",A2,True,drop_victim,victim_3_,"(10, 8)",3,15,0.125,0.0,Argo,True,True
mission_comm,PA43,human,395,1751383014,"(12, 1)",A2,True,take_victim,victim_6_,"(9, 9)",6,15,0.1875,0.0,Argo,False,
mission_comm,PA43,will,427,1751383017,"(17, 9)",B2,True,take_victim,victim_4_,"(11, 8)",4,15,0.1875,0.0,Argo,False,
mission_comm,PA43,will,515,1751383026,"(11, 8)",B2,True,drop_victim,victim_4_,"(11, 8)",4,20,0.1875,0.0,Argo,True,True
mission_comm,PA43,will,573,1751383032,"(9, 16)",C1,True,take_victim,victim_5_,"(8, 9)",5,20,0.25,0.0,Argo,False,
mission_comm,PA43,will,651,1751383040,"(8, 9)",C1,True,drop_victim,victim_5_,"(8, 9)",5,25,0.25,0.0,Argo,True,True
mission_comm,PA43,human,657,1751383041,"(9, 9)",A2,True,drop_victim,victim_6_,"(9, 9)",6,30,0.3125,0.0,Argo,True,True
mission_comm,PA43,will,693,1751383045,"(10, 15)",C1,True,take_victim,victim_7_,"(10, 9)",7,30,0.375,0.0,Argo,False,
mission_comm,PA43,human,699,1751383045,"(10, 3)",A1,True,take_victim,victim_8_,"(11, 9)",8,30,0.375,0.0,Argo,False,
mission_comm,PA43,will,757,1751383051,"(10, 9)",C1,True,drop_victim,victim_7_,"(10, 9)",7,35,0.375,0.0,Argo,True,True
mission_comm,PA43,human,765,1751383052,"(11, 9)",A1,True,drop_victim,victim_8_,"(11, 9)",8,40,0.4375,0.0,Argo,True,True
mission_comm,PA43,human,789,1751383055,"(3, 9)",D1,True,take_victim,victim_9_,"(8, 10)",9,40,0.5,0.0,Argo,False,
mission_comm,PA43,will,797,1751383056,"(15, 11)",B1,True,take_victim,victim_11_,"(10, 10)",11,40,0.5,0.0,Argo,False,
mission_comm,PA43,human,830,1751383059,"(9, 10)",D1,True,take_victim,victim_9_,"(8, 10)",9,40,0.5,0.0,Argo,False,
mission_comm,PA43,human,839,1751383060,"(8, 10)",D1,True,drop_victim,victim_9_,"(8, 10)",9,45,0.5,0.0,Argo,True,True
mission_comm,PA43,human,859,1751383062,"(1, 10)",D2,True,take_victim,victim_10_,"(9, 10)",10,45,0.5625,0.0,Argo,False,
mission_comm,PA43,human,882,1751383065,"(9, 10)",D2,True,drop_victim,victim_10_,"(9, 10)",10,50,0.5625,0.0,Argo,True,True
mission_comm,PA43,will,883,1751383065,"(10, 10)",B1,True,drop_victim,victim_11_,"(10, 10)",11,55,0.625,0.0,Argo,True,True
mission_comm,PA43,human,921,1751383069,"(2, 12)",D2,True,take_victim,victim_12_,"(11, 10)",12,55,0.6875,0.0,Argo,False,
mission_comm,PA43,will,937,1751383070,"(16, 12)",B1,True,take_victim,victim_14_,"(9, 11)",14,55,0.6875,0.0,Argo,False,
mission_comm,PA43,human,961,1751383073,"(11, 10)",D2,True,drop_victim,victim_12_,"(11, 10)",12,60,0.6875,0.0,Argo,True,True
mission_comm,PA43,human,1001,1751383077,"(7, 4)",A1,True,take_victim,victim_13_,"(8, 11)",13,60,0.75,0.0,Argo,False,
mission_comm,PA43,human,1022,1751383079,"(8, 11)",A1,True,drop_victim,victim_13_,"(8, 11)",13,65,0.75,0.0,Argo,True,True
mission_comm,PA43,will,1027,1751383080,"(9, 11)",B1,True,drop_victim,victim_14_,"(9, 11)",14,70,0.8125,0.0,Argo,True,True
mission_comm,PA43,human,1071,1751383084,"(4, 8)",D1,True,take_victim,victim_16_,"(11, 11)",16,70,0.875,0.0,Argo,False,
mission_comm,PA43,will,1111,1751383089,"(18, 12)",B2,True,take_victim,victim_15_,"(10, 11)",15,70,0.875,0.0,Argo,False,
mission_comm,PA43,will,1227,1751383101,"(10, 11)",B2,True,drop_victim,victim_15_,"(10, 11)",15,75,0.875,0.0,Argo,True,True
mission_comm,PA43,human,1232,1751383101,"(11, 11)",D1,True,drop_victim,victim_16_,"(11, 11)",16,80,0.9375,0.0,Argo,True,True
mission_comm,PA43,nowill,17,1751383309,"(1, 7)",D2,True,take_victim,victim_1_,"(8, 8)",1,0,0.0,0.0,Bolt,False,
mission_comm,PA43,nowill,35,1751383310,"(8, 8)",D2,True,drop_victim,victim_1_,"(8, 8)",1,5,0.0,0.0,Bolt,True,True
mission_comm,PA43,nowill,93,1751383317,"(8, 16)",C1,True,take_victim,victim_5_,"(8, 9)",5,5,0.0625,0.0,Bolt,False,
mission_comm,PA43,human,356,1751383344,"(16, 7)",B1,True,take_victim,victim_2_,"(9, 8)",2,5,0.0625,8.484879970550537,Bolt,False,
mission_comm,PA43,human,417,1751383350,"(9, 8)",B1,True,drop_victim,victim_2_,"(9, 8)",2,10,0.0625,12.78325891494751,Bolt,True,True
mission_comm,PA43,human,488,1751383358,"(17, 9)",B2,True,take_victim,victim_3_,"(10, 8)",3,10,0.125,19.08896017074585,Bolt,False,
mission_comm,PA43,human,550,1751383364,"(10, 8)",B2,True,drop_victim,victim_3_,"(10, 8)",3,15,0.125,24.222244024276733,Bolt,True,True
mission_comm,PA43,human,606,1751383370,"(15, 11)",B1,True,take_victim,victim_4_,"(11, 8)",4,15,0.1875,27.25171709060669,Bolt,False,
mission_comm,PA43,human,657,1751383376,"(11, 8)",B1,True,drop_victim,victim_4_,"(11, 8)",4,20,0.1875,30.494412899017338,Bolt,True,True
mission_comm,PA43,nowill,658,1751383376,"(8, 9)",C1,True,drop_victim,victim_5_,"(8, 9)",5,25,0.25,30.494412899017338,Bolt,True,True
mission_comm,PA43,nowill,700,1751383380,"(10, 15)",C1,True,take_victim,victim_6_,"(9, 9)",6,25,0.3125,30.494412899017338,Bolt,False,
mission_comm,PA43,nowill,764,1751383387,"(9, 9)",C1,True,drop_victim,victim_6_,"(9, 9)",6,30,0.3125,30.494412899017338,Bolt,True,True
mission_comm,PA43,human,787,1751383389,"(10, 1)",A2,True,take_victim,victim_9_,"(8, 10)",9,30,0.375,30.494412899017338,Bolt,False,
mission_comm,PA43,nowill,834,1751383394,"(8, 17)",C2,True,take_victim,victim_7_,"(10, 9)",7,30,0.375,30.494412899017338,Bolt,False,
mission_comm,PA43,nowill,926,1751383404,"(10, 9)",C2,True,drop_victim,victim_7_,"(10, 9)",7,35,0.375,30.494412899017338,Bolt,True,True
mission_comm,PA43,nowill,948,1751383406,"(2, 10)",D2,True,take_victim,victim_8_,"(11, 9)",8,35,0.4375,30.494412899017338,Bolt,False,
mission_comm,PA43,nowill,970,1751383408,"(11, 9)",D2,True,drop_victim,victim_8_,"(11, 9)",8,40,0.4375,30.494412899017338,Bolt,True,True
mission_comm,PA43,human,975,1751383409,"(8, 10)",A2,True,drop_victim,victim_9_,"(8, 10)",9,45,0.5,30.494412899017338,Bolt,True,True
mission_comm,PA43,nowill,990,1751383411,"(4, 7)",D1,True,take_victim,victim_12_,"(11, 10)",12,45,0.5625,30.494412899017338,Bolt,False,
mission_comm,PA43,human,1000,1751383412,"(9, 3)",A1,True,take_victim,victim_10_,"(9, 10)",10,45,0.5625,30.494412899017338,Bolt,False,
mission_comm,PA43,human,1023,1751383414,"(9, 10)",A1,True,drop_victim,victim_10_,"(9, 10)",10,50,0.5625,30.494412899017338,Bolt,True,True
mission_comm,PA43,human,1044,1751383416,"(10, 4)",A1,True,take_victim,victim_11_,"(10, 10)",11,50,0.625,30.494412899017338,Bolt,False,
mission_comm,PA43,human,1064,1751383418,"(10, 10)",A1,True,drop_victim,victim_11_,"(10, 10)",11,55,0.625,30.494412899017338,Bolt,True,True
mission_comm,PA43,nowill,1065,1751383418,"(11, 10)",D1,True,drop_victim,victim_12_,"(11, 10)",12,60,0.6875,30.494412899017338,Bolt,True,True
mission_comm,PA43,nowill,1147,1751383427,"(11, 18)",C2,True,take_victim,victim_15_,"(10, 11)",15,60,0.75,36.03949809074402,Bolt,False,
mission_comm,PA43,human,1169,1751383429,"(18, 11)",B2,True,take_victim,victim_14_,"(9, 11)",14,60,0.75,38.53907227516174,Bolt,False,
mission_comm,PA43,human,1260,1751383439,"(9, 11)",B2,True,drop_victim,victim_14_,"(9, 11)",14,62,0.75,44.526822090148926,Bolt,True,False
mission_comm,PA43,human,1299,1751383443,"(8, 2)",A2,True,take_victim,victim_13_,"(8, 11)",13,62,0.8125,44.526822090148926,Bolt,False,
mission_comm,PA43,human,1321,1751383445,"(8, 11)",A2,True,drop_victim,victim_13_,"(8, 11)",13,67,0.8125,44.526822090148926,Bolt,True,True
mission_comm,PA43,nowill,1322,1751383445,"(10, 11)",C2,True,drop_victim,victim_15_,"(10, 11)",15,72,0.875,44.526822090148926,Bolt,True,True
mission_comm,PA43,nowill,1342,1751383447,"(3, 8)",D1,True,take_victim,victim_16_,"(11, 11)",16,72,0.9375,44.526822090148926,Bolt,False,
mission_comm,PA43,nowill,1362,1751383450,"(11, 11)",D1,True,drop_victim,victim_16_,"(11, 11)",16,77,0.9375,44.526822090148926,Bolt,True,True
mission_nocomm,PA44,will,15,1751441208,"(2, 8)",D2,True,take_victim,victim_3_,"(10, 8)",3,0,0.0,0.0,Bolt,False,
mission_nocomm,PA44,human,368,1751441245,"(7, 18)",C2,True,take_victim,victim_1_,"(8, 8)",1,0,0.0,12.264585971832275,Bolt,False,
mission_nocomm,PA44,human,452,1751441254,"(8, 8)",C2,True,drop_victim,victim_1_,"(8, 8)",1,5,0.0,18.764039993286133,Bolt,True,True
mission_nocomm,PA44,human,582,1751441268,"(9, 16)",C1,True,take_victim,victim_2_,"(9, 8)",2,5,0.0625,25.692742109298703,Bolt,False,
mission_nocomm,PA44,human,642,1751441274,"(9, 8)",C1,True,drop_victim,victim_2_,"(9, 8)",2,10,0.0625,30.30064606666565,Bolt,True,True
mission_nocomm,PA44,will,643,1751441274,"(10, 8)",D2,True,drop_victim,victim_3_,"(10, 8)",3,15,0.125,30.30064606666565,Bolt,True,True
mission_nocomm,PA44,will,667,1751441276,"(1, 9)",D2,True,take_victim,victim_4_,"(11, 8)",4,15,0.1875,30.30064606666565,Bolt,False,
mission_nocomm,PA44,will,691,1751441279,"(11, 8)",D2,True,drop_victim,victim_4_,"(11, 8)",4,20,0.1875,30.30064606666565,Bolt,True,True
mission_nocomm,PA44,will,709,1751441281,"(10, 2)",A2,True,take_victim,victim_6_,"(9, 9)",6,20,0.25,31.455278873443604,Bolt,False,
mission_nocomm,PA44,human,759,1751441286,"(9, 17)",C2,True,take_victim,victim_5_,"(8, 9)",5,20,0.25,37.099448919296265,Bolt,False,
mission_nocomm,PA44,human,829,1751441293,"(8, 9)",C2,True,drop_victim,victim_5_,"(8, 9)",5,25,0.25,42.45156288146973,Bolt,True,True
mission_nocomm,PA44,will,830,1751441293,"(9, 9)",A2,True,drop_victim,victim_6_,"(9, 9)",6,30,0.3125,42.45156288146973,Bolt,True,True
mission_nocomm,PA44,will,848,1751441295,"(10, 3)",A1,True,take_victim,victim_8_,"(11, 9)",8,30,0.375,42.45156288146973,Bolt,False,
mission_nocomm,PA44,human,937,1751441305,"(18, 7)",B2,True,take_victim,victim_7_,"(10, 9)",7,30,0.375,48.21274423599243,Bolt,False,
mission_nocomm,PA44,human,1019,1751441313,"(10, 9)",B2,True,drop_victim,victim_7_,"(10, 9)",7,35,0.375,54.073458194732666,Bolt,True,True
mission_nocomm,PA44,will,1020,1751441313,"(11, 9)",A1,True,drop_victim,victim_8_,"(11, 9)",8,40,0.4375,54.073458194732666,Bolt,True,True
mission_nocomm,PA44,will,1042,1751441316,"(3, 7)",D1,True,take_victim,victim_10_,"(9, 10)",10,40,0.5,54.073458194732666,Bolt,False,
mission_nocomm,PA44,human,1142,1751441326,"(17, 12)",B2,True,take_victim,victim_9_,"(8, 10)",9,40,0.5,61.49646615982056,Bolt,False,
mission_nocomm,PA44,human,1225,1751441335,"(8, 10)",B2,True,drop_victim,victim_9_,"(8, 10)",9,45,0.5,68.16947507858276,Bolt,True,True
mission_nocomm,PA44,will,1226,1751441335,"(9, 10)",D1,True,drop_victim,victim_10_,"(9, 10)",10,50,0.5625,68.16947507858276,Bolt,True,True
mission_nocomm,PA44,will,1244,1751441337,"(8, 4)",A1,True,take_victim,victim_14_,"(9, 11)",14,50,0.625,68.16947507858276,Bolt,False,
mission_nocomm,PA44,human,1280,1751441341,"(11, 15)",C1,True,take_victim,victim_11_,"(10, 10)",11,50,0.625,70.98835802078247,Bolt,False,
mission_nocomm,PA44,human,1328,1751441346,"(10, 10)",C1,True,drop_victim,victim_11_,"(10, 10)",11,55,0.625,74.43653607368469,Bolt,True,True
mission_nocomm,PA44,human,1414,1751441355,"(15, 11)",B1,True,take_victim,victim_12_,"(11, 10)",12,55,0.6875,80.8351149559021,Bolt,False,
mission_nocomm,PA44,human,1461,1751441360,"(11, 10)",B1,True,drop_victim,victim_12_,"(11, 10)",12,60,0.6875,84.27502202987671,Bolt,True,True
mission_nocomm,PA44,human,1528,1751441367,"(16, 7)",B1,True,take_victim,victim_13_,"(8, 11)",13,60,0.75,88.05733704566956,Bolt,False,
mission_nocomm,PA44,human,1591,1751441373,"(8, 11)",B1,True,drop_victim,victim_13_,"(8, 11)",13,65,0.75,92.65170288085938,Bolt,True,True
mission_nocomm,PA44,will,1592,1751441373,"(9, 11)",A1,True,drop_victim,victim_14_,"(9, 11)",14,70,0.8125,92.65170288085938,Bolt,True,True
mission_nocomm,PA44,will,1608,1751441375,"(4, 12)",D1,True,take_victim,victim_15_,"(10, 11)",15,70,0.875,92.65170288085938,Bolt,False,
mission_nocomm,PA44,will,1624,1751441377,"(10, 11)",D1,True,drop_victim,victim_15_,"(10, 11)",15,75,0.875,92.65170288085938,Bolt,True,True
mission_nocomm,PA44,will,1650,1751441379,"(11, 1)",A2,True,take_victim,victim_16_,"(11, 11)",16,75,0.9375,92.65170288085938,Bolt,False,
mission_nocomm,PA44,will,1674,1751441382,"(11, 11)",A2,True,drop_victim,victim_16_,"(11, 11)",16,80,0.9375,92.65170288085938,Bolt,True,True
mission_nocomm,PA44,nowill,15,1751441647,"(2, 8)",D2,True,take_victim,victim_1_,"(8, 8)",1,0,0.0,0.0,Argo,False,
mission_nocomm,PA44,nowill,31,1751441649,"(8, 8)",D2,True,drop_victim,victim_1_,"(8, 8)",1,5,0.0,0.0,Argo,True,True
mission_nocomm,PA44,nowill,117,1751441658,"(8, 18)",C2,True,take_victim,victim_2_,"(9, 8)",2,5,0.0625,3.904571056365967,Argo,False,
mission_nocomm,PA44,human,171,1751441664,"(17, 10)",B2,True,take_victim,victim_3_,"(10, 8)",3,5,0.0625,9.75865602493286,Argo,False,
mission_nocomm,PA44,nowill,225,1751441669,"(9, 8)",C2,True,drop_victim,victim_2_,"(9, 8)",2,10,0.0625,14.974354028701782,Argo,True,True
mission_nocomm,PA44,nowill,241,1751441671,"(4, 11)",D1,True,take_victim,victim_7_,"(10, 9)",7,10,0.125,15.949702978134155,Argo,False,
mission_nocomm,PA44,human,243,1751441671,"(10, 8)",B2,True,drop_victim,victim_3_,"(10, 8)",3,15,0.125,15.949702978134155,Argo,True,True
mission_nocomm,PA44,human,284,1751441676,"(9, 2)",A2,True,take_victim,victim_4_,"(11, 8)",4,15,0.1875,15.949702978134155,Argo,False,
mission_nocomm,PA44,human,314,1751441679,"(11, 8)",A2,True,drop_victim,victim_4_,"(11, 8)",4,20,0.1875,15.949702978134155,Argo,True,True
mission_nocomm,PA44,human,360,1751441684,"(9, 3)",A1,True,take_victim,victim_5_,"(8, 9)",5,20,0.25,15.949702978134155,Argo,False,
mission_nocomm,PA44,human,385,1751441686,"(8, 9)",A1,True,drop_victim,victim_5_,"(8, 9)",5,25,0.25,15.949702978134155,Argo,True,True
mission_nocomm,PA44,human,418,1751441690,"(11, 4)",A1,True,take_victim,victim_6_,"(9, 9)",6,25,0.3125,15.949702978134155,Argo,False,
mission_nocomm,PA44,human,456,1751441694,"(9, 9)",A1,True,drop_victim,victim_6_,"(9, 9)",6,30,0.3125,15.949702978134155,Argo,True,True
mission_nocomm,PA44,nowill,457,1751441694,"(10, 9)",D1,True,drop_victim,victim_7_,"(10, 9)",7,35,0.375,15.949702978134155,Argo,True,True
mission_nocomm,PA44,nowill,477,1751441696,"(3, 12)",D1,True,take_victim,victim_8_,"(11, 9)",8,35,0.4375,15.949702978134155,Argo,False,
mission_nocomm,PA44,nowill,497,1751441698,"(11, 9)",D1,True,drop_victim,victim_8_,"(11, 9)",8,40,0.4375,17.00203013420105,Argo,True,True
mission_nocomm,PA44,nowill,539,1751441702,"(9, 15)",C1,True,take_victim,victim_11_,"(10, 10)",11,40,0.5,22.110888957977295,Argo,False,
mission_nocomm,PA44,human,559,1751441704,"(18, 12)",B2,True,take_victim,victim_9_,"(8, 10)",9,40,0.5,24.218997955322266,Argo,False,
mission_nocomm,PA44,human,653,1751441714,"(8, 10)",B2,True,drop_victim,victim_9_,"(8, 10)",9,45,0.5,32.163634061813354,Argo,True,True
mission_nocomm,PA44,human,675,1751441716,"(8, 1)",A2,True,take_victim,victim_10_,"(9, 10)",10,45,0.5625,32.163634061813354,Argo,False,
mission_nocomm,PA44,human,703,1751441719,"(9, 10)",A2,True,drop_victim,victim_10_,"(9, 10)",10,50,0.5625,32.163634061813354,Argo,True,True
mission_nocomm,PA44,nowill,704,1751441720,"(10, 10)",C1,True,drop_victim,victim_11_,"(10, 10)",11,55,0.625,32.163634061813354,Argo,True,True
mission_nocomm,PA44,nowill,772,1751441727,"(11, 17)",C2,True,take_victim,victim_12_,"(11, 10)",12,55,0.6875,36.03674507141113,Argo,False,
mission_nocomm,PA44,nowill,862,1751441736,"(11, 10)",C2,True,drop_victim,victim_12_,"(11, 10)",12,60,0.6875,42.634369134902954,Argo,True,True
mission_nocomm,PA44,nowill,888,1751441739,"(1, 12)",D2,True,take_victim,victim_13_,"(8, 11)",13,60,0.75,43.68489098548889,Argo,False,
mission_nocomm,PA44,nowill,906,1751441741,"(8, 11)",D2,True,drop_victim,victim_13_,"(8, 11)",13,65,0.75,45.5714750289917,Argo,True,True
mission_nocomm,PA44,nowill,958,1751441746,"(8, 16)",C1,True,take_victim,victim_16_,"(11, 11)",16,65,0.8125,51.33660101890564,Argo,False,
mission_nocomm,PA44,human,962,1751441747,"(16, 9)",B1,True,take_victim,victim_14_,"(9, 11)",14,65,0.8125,51.75822401046753,Argo,False,
mission_nocomm,PA44,human,1019,1751441753,"(9, 11)",B1,True,drop_victim,victim_14_,"(9, 11)",14,70,0.8125,56.06348514556885,Argo,True,True
mission_nocomm,PA44,human,1085,1751441759,"(15, 12)",B1,True,take_victim,victim_15_,"(10, 11)",15,70,0.875,61.821975231170654,Argo,False,
mission_nocomm,PA44,human,1137,1751441765,"(10, 11)",B1,True,drop_victim,victim_15_,"(10, 11)",15,75,0.875,66.03122425079346,Argo,True,True
mission_nocomm,PA44,nowill,1138,1751441765,"(11, 11)",C1,True,drop_victim,victim_16_,"(11, 11)",16,80,0.9375,66.03122425079346,Argo,True,True
mission_nocomm,PA72,will,87,1752239486,"(18, 12)",B2,True,take_victim,victim_2_,"(9, 8)",2,0,0.0,0.0,Argo,False,
mission_nocomm,PA72,human,513,1752239531,"(10, 1)",A2,True,take_victim,victim_1_,"(8, 8)",1,0,0.0,0.0,Argo,False,
mission_nocomm,PA72,human,556,1752239535,"(8, 8)",A2,True,drop_victim,victim_1_,"(8, 8)",1,5,0.0,0.0,Argo,True,True
mission_nocomm,PA72,will,557,1752239536,"(9, 8)",B2,True,drop_victim,victim_2_,"(9, 8)",2,10,0.0625,0.0,Argo,True,True
mission_nocomm,PA72,human,590,1752239539,"(1, 8)",D2,True,take_victim,victim_3_,"(10, 8)",3,10,0.125,0.0,Argo,False,
mission_nocomm,PA72,human,613,1752239541,"(10, 8)",D2,True,drop_victim,victim_3_,"(10, 8)",3,15,0.125,0.0,Argo,True,True
mission_nocomm,PA72,will,615,1752239542,"(8, 16)",C1,True,take_victim,victim_4_,"(11, 8)",4,15,0.1875,0.0,Argo,False,
mission_nocomm,PA72,human,641,1752239544,"(11, 2)",A2,True,take_victim,victim_5_,"(8, 9)",5,15,0.1875,0.0,Argo,False,
mission_nocomm,PA72,human,667,1752239547,"(8, 9)",A2,True,drop_victim,victim_5_,"(8, 9)",5,17,0.1875,0.0,Argo,True,False
mission_nocomm,PA72,will,695,1752239550,"(11, 8)",C1,True,drop_victim,victim_4_,"(11, 8)",4,22,0.25,0.0,Argo,True,True
mission_nocomm,PA72,human,731,1752239554,"(2, 10)",D2,True,take_victim,victim_11_,"(10, 10)",11,22,0.3125,0.0,Argo,False,
mission_nocomm,PA72,human,748,1752239556,"(10, 10)",D2,True,drop_victim,victim_11_,"(10, 10)",11,24,0.3125,0.0,Argo,True,False
mission_nocomm,PA72,human,764,1752239557,"(9, 4)",A1,True,take_victim,victim_10_,"(9, 10)",10,24,0.375,0.0,Argo,False,
mission_nocomm,PA72,will,767,1752239558,"(10, 17)",C2,True,take_victim,victim_6_,"(9, 9)",6,24,0.375,0.0,Argo,False,
mission_nocomm,PA72,human,780,1752239559,"(9, 10)",A1,True,drop_victim,victim_10_,"(9, 10)",10,26,0.375,0.0,Argo,True,False
mission_nocomm,PA72,human,803,1752239561,"(8, 3)",A1,True,take_victim,victim_13_,"(8, 11)",13,26,0.4375,0.0,Argo,False,
mission_nocomm,PA72,human,820,1752239563,"(8, 11)",A1,True,drop_victim,victim_13_,"(8, 11)",13,28,0.4375,0.0,Argo,True,False
mission_nocomm,PA72,will,859,1752239567,"(9, 9)",C2,True,drop_victim,victim_6_,"(9, 9)",6,33,0.5,0.0973260402679443,Argo,True,True
mission_nocomm,PA72,human,900,1752239571,"(11, 15)",C1,False,take_victim,victim_9_,"(8, 10)",9,33,0.5625,4.621167898178101,Argo,False,
mission_nocomm,PA72,will,929,1752239575,"(17, 10)",B2,True,take_victim,victim_7_,"(10, 9)",7,33,0.5625,7.573379039764404,Argo,False,
mission_nocomm,PA72,human,963,1752239578,"(8, 10)",C1,False,drop_victim,victim_9_,"(8, 10)",9,35,0.5625,10.410347938537598,Argo,True,False
mission_nocomm,PA72,human,990,1752239581,"(4, 12)",D1,True,take_victim,victim_15_,"(10, 11)",15,35,0.625,10.410347938537598,Argo,False,
mission_nocomm,PA72,will,1019,1752239584,"(10, 9)",B2,True,drop_victim,victim_7_,"(10, 9)",7,40,0.625,10.410347938537598,Argo,True,True
mission_nocomm,PA72,will,1073,1752239590,"(16, 12)",B1,True,take_victim,victim_8_,"(11, 9)",8,40,0.6875,10.410347938537598,Argo,False,
mission_nocomm,PA72,human,1076,1752239590,"(10, 11)",D1,True,drop_victim,victim_15_,"(10, 11)",15,42,0.6875,10.410347938537598,Argo,True,False
mission_nocomm,PA72,human,1094,1752239592,"(3, 10)",D1,True,take_victim,victim_16_,"(11, 11)",16,42,0.75,10.410347938537598,Argo,False,
mission_nocomm,PA72,human,1119,1752239594,"(11, 11)",D1,True,drop_victim,victim_16_,"(11, 11)",16,44,0.75,10.410347938537598,Argo,True,False
mission_nocomm,PA72,will,1147,1752239597,"(11, 9)",B1,True,drop_victim,victim_8_,"(11, 9)",8,49,0.8125,10.509389877319336,Argo,True,True
mission_nocomm,PA72,will,1185,1752239601,"(15, 10)",B1,True,take_victim,victim_12_,"(11, 10)",12,49,0.875,14.47974681854248,Argo,False,
mission_nocomm,PA72,human,1211,1752239604,"(7, 18)",C2,False,take_victim,victim_14_,"(9, 11)",14,49,0.875,17.71418571472168,Argo,False,
mission_nocomm,PA72,human,1235,1752239606,"(7, 18)",C2,False,take_victim,victim_14_,"(9, 11)",14,49,0.875,20.212828636169434,Argo,False,
mission_nocomm,PA72,will,1245,1752239608,"(11, 10)",B1,True,drop_victim,victim_12_,"(11, 10)",12,54,0.875,20.636559009552,Argo,True,True
mission_nocomm,PA72,human,1305,1752239614,"(9, 11)",C2,False,drop_victim,victim_14_,"(9, 11)",14,59,0.9375,26.26680898666382,Argo,True,True
mission_nocomm,PA72,nowill,41,1752239801,"(12, 15)",C1,True,take_victim,victim_3_,"(10, 8)",3,0,0.0,0.0,Bolt,False,
mission_nocomm,PA72,human,44,1752239801,"(9, 4)",A1,True,take_victim,victim_1_,"(8, 8)",1,0,0.0,0.0,Bolt,False,
mission_nocomm,PA72,human,61,1752239803,"(8, 8)",A1,True,drop_victim,victim_1_,"(8, 8)",1,5,0.0,0.0,Bolt,True,True
mission_nocomm,PA72,human,179,1752239816,"(17, 8)",B2,True,take_victim,victim_5_,"(8, 9)",5,5,0.0625,4.917530059814453,Bolt,False,
mission_nocomm,PA72,human,243,1752239822,"(8, 9)",B2,True,drop_victim,victim_5_,"(8, 9)",5,7,0.0625,10.17880892753601,Bolt,True,False
mission_nocomm,PA72,human,318,1752239830,"(18, 11)",B2,True,take_victim,victim_2_,"(9, 8)",2,7,0.125,17.07845115661621,Bolt,False,
mission_nocomm,PA72,human,433,1752239842,"(9, 8)",B2,True,drop_victim,victim_2_,"(9, 8)",2,12,0.125,27.6375470161438,Bolt,True,True
mission_nocomm,PA72,nowill,434,1752239842,"(10, 8)",C1,True,drop_victim,victim_3_,"(10, 8)",3,17,0.1875,27.6375470161438,Bolt,True,True
mission_nocomm,PA72,human,518,1752239851,"(3, 10)",D1,False,take_victim,victim_7_,"(10, 9)",7,17,0.25,27.6375470161438,Bolt,False,
mission_nocomm,PA72,nowill,520,1752239851,"(7, 18)",C2,True,take_victim,victim_4_,"(11, 8)",4,17,0.25,27.6375470161438,Bolt,False,
mission_nocomm,PA72,human,542,1752239853,"(10, 9)",D1,False,drop_victim,victim_7_,"(10, 9)",7,19,0.25,27.6375470161438,Bolt,True,False
mission_nocomm,PA72,human,565,1752239856,"(1, 12)",D2,False,take_victim,victim_8_,"(11, 9)",8,19,0.3125,27.6375470161438,Bolt,False,
mission_nocomm,PA72,human,596,1752239859,"(11, 9)",D2,False,drop_victim,victim_8_,"(11, 9)",8,21,0.3125,27.6375470161438,Bolt,True,False
mission_nocomm,PA72,nowill,628,1752239862,"(11, 8)",C2,True,drop_victim,victim_4_,"(11, 8)",4,26,0.375,27.6375470161438,Bolt,True,True
mission_nocomm,PA72,human,651,1752239865,"(4, 12)",D1,False,take_victim,victim_10_,"(9, 10)",10,26,0.4375,27.6375470161438,Bolt,False,
mission_nocomm,PA72,human,679,1752239868,"(9, 10)",D1,False,drop_victim,victim_10_,"(9, 10)",10,28,0.4375,27.6375470161438,Bolt,True,False
mission_nocomm,PA72,nowill,700,1752239870,"(10, 17)",C2,True,take_victim,victim_6_,"(9, 9)",6,28,0.5,27.6375470161438,Bolt,False,
mission_nocomm,PA72,human,726,1752239873,"(8, 2)",A2,True,take_victim,victim_14_,"(9, 11)",14,28,0.5,27.6375470161438,Bolt,False,
mission_nocomm,PA72,human,747,1752239875,"(9, 11)",A2,True,drop_victim,victim_14_,"(9, 11)",14,30,0.5,27.6375470161438,Bolt,True,False
mission_nocomm,PA72,nowill,792,1752239880,"(9, 9)",C2,True,drop_victim,victim_6_,"(9, 9)",6,35,0.5625,30.5643048286438,Bolt,True,True
mission_nocomm,PA72,human,828,1752239883,"(16, 9)",B1,True,take_victim,victim_11_,"(10, 10)",11,35,0.625,34.649569034576416,Bolt,False,
mission_nocomm,PA72,nowill,848,1752239886,"(7, 16)",C1,True,take_victim,victim_9_,"(8, 10)",9,35,0.625,36.10769200325012,Bolt,False,
mission_nocomm,PA72,human,881,1752239889,"(10, 10)",B1,True,drop_victim,victim_11_,"(10, 10)",11,37,0.625,38.9378616809845,Bolt,True,False
mission_nocomm,PA72,human,923,1752239893,"(11, 3)",A1,True,take_victim,victim_12_,"(11, 10)",12,37,0.6875,38.9378616809845,Bolt,False,
mission_nocomm,PA72,nowill,924,1752239894,"(8, 10)",C1,True,drop_victim,victim_9_,"(8, 10)",9,42,0.6875,38.9378616809845,Bolt,True,True
mission_nocomm,PA72,nowill,942,1752239895,"(2, 10)",D2,True,take_victim,victim_13_,"(8, 11)",13,42,0.75,38.9378616809845,Bolt,False,
mission_nocomm,PA72,human,951,1752239896,"(11, 11)",A1,True,take_victim,victim_12_,"(11, 10)",12,42,0.75,38.9378616809845,Bolt,False,
mission_nocomm,PA72,human,956,1752239897,"(11, 10)",A1,True,drop_victim,victim_12_,"(11, 10)",12,47,0.75,38.9378616809845,Bolt,True,True
mission_nocomm,PA72,nowill,958,1752239897,"(8, 11)",D2,True,drop_victim,victim_13_,"(8, 11)",13,52,0.8125,38.9378616809845,Bolt,True,True
mission_nocomm,PA72,human,976,1752239899,"(10, 1)",A2,True,take_victim,victim_15_,"(10, 11)",15,52,0.875,38.9378616809845,Bolt,False,
mission_nocomm,PA72,human,994,1752239901,"(10, 11)",A2,True,drop_victim,victim_15_,"(10, 11)",15,57,0.875,38.9378616809845,Bolt,True,True
mission_nocomm,PA72,human,1026,1752239904,"(15, 11)",B1,True,take_victim,victim_16_,"(11, 11)",16,57,0.9375,41.225905895233154,Bolt,False,
mission_nocomm,PA72,human,1060,1752239908,"(11, 11)",B1,True,drop_victim,victim_16_,"(11, 11)",16,62,0.9375,44.157464027404785,Bolt,True,True
mission_nocomm,PA21,will,45,1750080079,"(15, 11)",B1,True,take_victim,victim_2_,"(9, 8)",2,0,0.0,0.0,Argo,False,
mission_nocomm,PA21,human,123,1750080087,"(1, 12)",D2,True,take_victim,victim_1_,"(8, 8)",1,0,0.0,0.0,Argo,False,
mission_nocomm,PA21,human,167,1750080092,"(8, 8)",D2,True,drop_victim,victim_1_,"(8, 8)",1,5,0.0,0.0,Argo,True,True
mission_nocomm,PA21,will,168,1750080092,"(9, 8)",B1,True,drop_victim,victim_2_,"(9, 8)",2,10,0.0625,0.0,Argo,True,True
mission_nocomm,PA21,will,252,1750080101,"(18, 8)",B2,True,take_victim,victim_3_,"(10, 8)",3,10,0.125,0.0,Argo,False,
mission_nocomm,PA21,human,331,1750080109,"(3, 7)",D1,True,take_victim,victim_6_,"(9, 9)",6,10,0.125,0.0,Argo,False,
mission_nocomm,PA21,will,356,1750080112,"(10, 8)",B2,True,drop_victim,victim_3_,"(10, 8)",3,15,0.125,0.0,Argo,True,True
mission_nocomm,PA21,will,400,1750080116,"(9, 15)",C1,True,take_victim,victim_4_,"(11, 8)",4,15,0.1875,0.0,Argo,False,
mission_nocomm,PA21,will,466,1750080123,"(11, 8)",C1,True,drop_victim,victim_4_,"(11, 8)",4,20,0.1875,1.870149850845337,Argo,True,True
mission_nocomm,PA21,will,538,1750080131,"(7, 17)",C2,True,take_victim,victim_5_,"(8, 9)",5,20,0.25,9.496732950210571,Argo,False,
mission_nocomm,PA21,human,574,1750080134,"(3, 9)",D1,True,take_victim,victim_6_,"(9, 9)",6,20,0.25,10.43671202659607,Argo,False,
mission_nocomm,PA21,will,630,1750080140,"(8, 9)",C2,True,drop_victim,victim_5_,"(8, 9)",5,25,0.25,10.43671202659607,Argo,True,True
mission_nocomm,PA21,human,646,1750080142,"(9, 9)",D1,True,drop_victim,victim_6_,"(9, 9)",6,30,0.3125,10.43671202659607,Argo,True,True
mission_nocomm,PA21,human,671,1750080145,"(8, 3)",A1,True,take_victim,victim_7_,"(10, 9)",7,30,0.375,10.43671202659607,Argo,False,
mission_nocomm,PA21,will,686,1750080146,"(7, 16)",C1,True,take_victim,victim_8_,"(11, 9)",8,30,0.375,10.43671202659607,Argo,False,
mission_nocomm,PA21,human,709,1750080148,"(10, 9)",A1,True,drop_victim,victim_7_,"(10, 9)",7,35,0.375,10.43671202659607,Argo,True,True
mission_nocomm,PA21,human,757,1750080154,"(2, 9)",D2,True,take_victim,victim_9_,"(8, 10)",9,35,0.4375,10.43671202659607,Argo,False,
mission_nocomm,PA21,will,764,1750080154,"(11, 9)",C1,True,drop_victim,victim_8_,"(11, 9)",8,40,0.4375,10.43671202659607,Argo,True,True
mission_nocomm,PA21,human,799,1750080158,"(8, 10)",D2,True,drop_victim,victim_9_,"(8, 10)",9,45,0.5,10.43671202659607,Argo,True,True
mission_nocomm,PA21,will,816,1750080160,"(16, 9)",B1,True,take_victim,victim_14_,"(9, 11)",14,45,0.5625,10.43671202659607,Argo,False,
mission_nocomm,PA21,human,833,1750080161,"(7, 4)",A1,True,take_victim,victim_10_,"(9, 10)",10,45,0.5625,10.43671202659607,Argo,False,
mission_nocomm,PA21,human,866,1750080165,"(9, 10)",A1,True,drop_victim,victim_10_,"(9, 10)",10,50,0.5625,10.43671202659607,Argo,True,True
mission_nocomm,PA21,human,902,1750080169,"(7, 1)",A2,True,take_victim,victim_11_,"(10, 10)",11,50,0.625,10.43671202659607,Argo,False,
mission_nocomm,PA21,human,945,1750080173,"(10, 10)",A2,True,drop_victim,victim_11_,"(10, 10)",11,55,0.625,10.43671202659607,Argo,True,True
mission_nocomm,PA21,human,989,1750080178,"(8, 2)",A2,True,take_victim,victim_12_,"(11, 10)",12,55,0.6875,10.43671202659607,Argo,False,
mission_nocomm,PA21,human,1034,1750080182,"(11, 10)",A2,True,drop_victim,victim_12_,"(11, 10)",12,60,0.6875,10.43671202659607,Argo,True,True
mission_nocomm,PA21,human,1063,1750080186,"(4, 8)",D1,True,take_victim,victim_13_,"(8, 11)",13,60,0.75,10.43671202659607,Argo,False,
mission_nocomm,PA21,human,1098,1750080189,"(8, 11)",D1,True,drop_victim,victim_13_,"(8, 11)",13,65,0.75,10.43671202659607,Argo,True,True
mission_nocomm,PA21,will,1099,1750080189,"(9, 11)",B1,True,drop_victim,victim_14_,"(9, 11)",14,70,0.8125,10.43671202659607,Argo,True,True
mission_nocomm,PA21,will,1169,1750080197,"(17, 12)",B2,True,take_victim,victim_15_,"(10, 11)",15,70,0.875,15.584447145462036,Argo,False,
mission_nocomm,PA21,human,1216,1750080202,"(9, 18)",C2,False,take_victim,victim_16_,"(11, 11)",16,70,0.875,20.724914073944092,Argo,False,
mission_nocomm,PA21,will,1271,1750080207,"(10, 11)",B2,True,drop_victim,victim_15_,"(10, 11)",15,75,0.875,25.965038299560547,Argo,True,True
mission_nocomm,PA21,human,1310,1750080211,"(11, 11)",C2,False,drop_victim,victim_16_,"(11, 11)",16,80,0.9375,26.897879123687744,Argo,True,True
mission_nocomm,PA21,nowill,13,1750080432,"(3, 12)",D1,True,take_victim,victim_3_,"(10, 8)",3,0,0.0,0.0,Bolt,False,
mission_nocomm,PA21,human,149,1750080447,"(17, 7)",B2,True,take_victim,victim_1_,"(8, 8)",1,0,0.0,6.262866973876953,Bolt,False,
mission_nocomm,PA21,human,243,1750080456,"(8, 8)",B2,True,drop_victim,victim_1_,"(8, 8)",1,5,0.0,12.855216979980469,Bolt,True,True
mission_nocomm,PA21,human,286,1750080461,"(11, 4)",A1,True,take_victim,victim_2_,"(9, 8)",2,5,0.0625,12.855216979980469,Bolt,False,
mission_nocomm,PA21,human,319,1750080464,"(9, 8)",A1,True,drop_victim,victim_2_,"(9, 8)",2,10,0.0625,12.855216979980469,Bolt,True,True
mission_nocomm,PA21,nowill,320,1750080465,"(10, 8)",D1,True,drop_victim,victim_3_,"(10, 8)",3,15,0.125,12.855216979980469,Bolt,True,True
mission_nocomm,PA21,nowill,364,1750080469,"(7, 15)",C1,True,take_victim,victim_4_,"(11, 8)",4,15,0.1875,14.51665997505188,Bolt,False,
mission_nocomm,PA21,nowill,430,1750080476,"(11, 8)",C1,True,drop_victim,victim_4_,"(11, 8)",4,20,0.1875,14.51665997505188,Bolt,True,True
mission_nocomm,PA21,human,447,1750080478,"(12, 1)",A2,True,take_victim,victim_8_,"(11, 9)",8,20,0.25,14.51665997505188,Bolt,False,
mission_nocomm,PA21,nowill,454,1750080478,"(2, 7)",D2,True,take_victim,victim_5_,"(8, 9)",5,20,0.25,14.51665997505188,Bolt,False,
mission_nocomm,PA21,nowill,470,1750080480,"(8, 9)",D2,True,drop_victim,victim_5_,"(8, 9)",5,25,0.25,14.51665997505188,Bolt,True,True
mission_nocomm,PA21,nowill,484,1750080482,"(4, 9)",D1,True,take_victim,victim_6_,"(9, 9)",6,25,0.3125,14.51665997505188,Bolt,False,
mission_nocomm,PA21,nowill,498,1750080483,"(9, 9)",D1,True,drop_victim,victim_6_,"(9, 9)",6,30,0.3125,14.51665997505188,Bolt,True,True
mission_nocomm,PA21,human,532,1750080487,"(11, 9)",A2,True,drop_victim,victim_8_,"(11, 9)",8,32,0.375,14.51665997505188,Bolt,True,False
mission_nocomm,PA21,nowill,568,1750080490,"(12, 17)",C2,True,take_victim,victim_7_,"(10, 9)",7,32,0.4375,14.51665997505188,Bolt,False,
mission_nocomm,PA21,nowill,660,1750080500,"(10, 9)",C2,True,drop_victim,victim_7_,"(10, 9)",7,37,0.4375,20.229302167892456,Bolt,True,True
mission_nocomm,PA21,nowill,684,1750080503,"(1, 8)",D2,True,take_victim,victim_9_,"(8, 10)",9,37,0.5,22.647813320159912,Bolt,False,
mission_nocomm,PA21,nowill,702,1750080504,"(8, 10)",D2,True,drop_victim,victim_9_,"(8, 10)",9,42,0.5,23.9038610458374,Bolt,True,True
mission_nocomm,PA21,human,734,1750080508,"(16, 12)",B1,True,take_victim,victim_11_,"(10, 10)",11,42,0.5625,27.99700927734375,Bolt,False,
mission_nocomm,PA21,nowill,756,1750080510,"(10, 16)",C1,True,take_victim,victim_10_,"(9, 10)",10,42,0.5625,29.46425700187683,Bolt,False,
mission_nocomm,PA21,human,815,1750080516,"(10, 10)",B1,True,drop_victim,victim_11_,"(10, 10)",11,44,0.5625,33.252050161361694,Bolt,True,False
mission_nocomm,PA21,nowill,832,1750080518,"(9, 10)",C1,True,drop_victim,victim_10_,"(9, 10)",10,49,0.625,33.252050161361694,Bolt,True,True
mission_nocomm,PA21,human,857,1750080521,"(9, 2)",A2,True,take_victim,victim_12_,"(11, 10)",12,49,0.6875,33.252050161361694,Bolt,False,
mission_nocomm,PA21,nowill,914,1750080527,"(8, 18)",C2,True,take_victim,victim_14_,"(9, 11)",14,49,0.6875,33.252050161361694,Bolt,False,
mission_nocomm,PA21,human,920,1750080527,"(11, 10)",A2,True,drop_victim,victim_12_,"(11, 10)",12,54,0.6875,33.252050161361694,Bolt,True,True
mission_nocomm,PA21,human,1016,1750080537,"(18, 9)",B2,True,take_victim,victim_13_,"(8, 11)",13,54,0.75,41.19911313056946,Bolt,False,
mission_nocomm,PA21,human,1105,1750080547,"(8, 11)",B2,True,drop_victim,victim_13_,"(8, 11)",13,59,0.75,47.073543071746826,Bolt,True,True
mission_nocomm,PA21,nowill,1106,1750080547,"(9, 11)",C2,True,drop_victim,victim_14_,"(9, 11)",14,64,0.8125,47.073543071746826,Bolt,True,True
mission_nocomm,PA21,human,1140,1750080550,"(10, 3)",A1,True,take_victim,victim_15_,"(10, 11)",15,64,0.875,47.073543071746826,Bolt,False,
mission_nocomm,PA21,human,1193,1750080556,"(10, 11)",A1,True,drop_victim,victim_15_,"(10, 11)",15,69,0.875,49.887829303741455,Bolt,True,True
mission_nocomm,PA21,human,1269,1750080564,"(15, 7)",B1,True,take_victim,victim_16_,"(11, 11)",16,69,0.9375,56.89866042137146,Bolt,False,
mission_nocomm,PA21,human,1333,1750080570,"(11, 11)",B1,True,drop_victim,victim_16_,"(11, 11)",16,74,0.9375,60.12171936035156,Bolt,True,True
mission_nocomm,PA26,will,45,1750169890,"(15, 11)",B1,True,take_victim,victim_1_,"(8, 8)",1,0,0.0,0.0,Bolt,False,
mission_nocomm,PA26,human,63,1750169892,"(7, 1)",A2,True,take_victim,victim_2_,"(9, 8)",2,0,0.0,0.0,Bolt,False,
mission_nocomm,PA26,human,107,1750169897,"(9, 3)",A1,True,take_victim,victim_3_,"(10, 8)",3,0,0.0,0.0,Bolt,False,
mission_nocomm,PA26,will,111,1750169897,"(8, 8)",B1,True,drop_victim,victim_1_,"(8, 8)",1,5,0.0,0.0,Bolt,True,True
mission_nocomm,PA26,human,142,1750169900,"(7, 7)",A2,True,take_victim,victim_2_,"(9, 8)",2,5,0.0625,0.0,Bolt,False,
mission_nocomm,PA26,human,153,1750169901,"(9, 8)",A2,True,drop_victim,victim_2_,"(9, 8)",2,10,0.0625,0.0,Bolt,True,True
mission_nocomm,PA26,human,170,1750169903,"(10, 6)",A1,True,take_victim,victim_3_,"(10, 8)",3,10,0.125,0.0,Bolt,False,
mission_nocomm,PA26,human,183,1750169905,"(10, 8)",A1,True,drop_victim,victim_3_,"(10, 8)",3,15,0.125,0.0,Bolt,True,True
mission_nocomm,PA26,will,183,1750169905,"(17, 11)",B2,True,take_victim,victim_4_,"(11, 8)",4,15,0.125,0.0,Bolt,False,
mission_nocomm,PA26,human,222,1750169909,"(4, 10)",D1,True,take_victim,victim_6_,"(9, 9)",6,15,0.1875,0.0,Bolt,False,
mission_nocomm,PA26,human,256,1750169912,"(2, 8)",D2,True,take_victim,victim_8_,"(11, 9)",8,15,0.1875,0.0,Bolt,False,
mission_nocomm,PA26,will,271,1750169914,"(11, 8)",B2,True,drop_victim,victim_4_,"(11, 8)",4,20,0.1875,0.0,Bolt,True,True
mission_nocomm,PA26,human,294,1750169916,"(1, 7)",D2,True,take_victim,victim_10_,"(9, 10)",10,20,0.25,0.0,Bolt,False,
mission_nocomm,PA26,will,329,1750169920,"(12, 16)",C1,True,take_victim,victim_5_,"(8, 9)",5,20,0.25,0.0,Bolt,False,
mission_nocomm,PA26,human,331,1750169920,"(3, 11)",D1,True,take_victim,victim_14_,"(9, 11)",14,20,0.25,0.0,Bolt,False,
mission_nocomm,PA26,human,366,1750169924,"(7, 4)",A1,True,take_victim,victim_16_,"(11, 11)",16,20,0.25,0.0,Bolt,False,
mission_nocomm,PA26,will,407,1750169928,"(8, 9)",C1,True,drop_victim,victim_5_,"(8, 9)",5,25,0.25,0.0,Bolt,True,True
mission_nocomm,PA26,human,438,1750169931,"(7, 8)",D1,True,take_victim,victim_6_,"(9, 9)",6,25,0.3125,0.0,Bolt,False,
mission_nocomm,PA26,human,452,1750169933,"(9, 9)",D1,True,drop_victim,victim_6_,"(9, 9)",6,30,0.3125,0.0,Bolt,True,True
mission_nocomm,PA26,human,470,1750169935,"(9, 2)",A2,True,take_victim,victim_12_,"(11, 10)",12,30,0.375,0.0,Bolt,False,
mission_nocomm,PA26,will,477,1750169935,"(11, 17)",C2,True,take_victim,victim_7_,"(10, 9)",7,30,0.375,0.0,Bolt,False,
mission_nocomm,PA26,human,508,1750169939,"(6, 8)",D2,True,take_victim,victim_8_,"(11, 9)",8,30,0.375,0.0,Bolt,False,
mission_nocomm,PA26,will,569,1750169945,"(10, 9)",C2,True,drop_victim,victim_7_,"(10, 9)",7,35,0.375,0.0003807544708251,Bolt,True,True
mission_nocomm,PA26,will,611,1750169949,"(10, 15)",C1,True,take_victim,victim_9_,"(8, 10)",9,35,0.4375,3.763920783996582,Bolt,False,
mission_nocomm,PA26,human,627,1750169951,"(7, 8)",D2,True,take_victim,victim_8_,"(11, 9)",8,35,0.4375,4.712185859680176,Bolt,False,
mission_nocomm,PA26,human,642,1750169953,"(11, 9)",D2,True,drop_victim,victim_8_,"(11, 9)",8,40,0.4375,4.712185859680176,Bolt,True,True
mission_nocomm,PA26,human,663,1750169955,"(7, 7)",D2,True,take_victim,victim_10_,"(9, 10)",10,40,0.5,4.712185859680176,Bolt,False,
mission_nocomm,PA26,will,673,1750169956,"(8, 10)",C1,True,drop_victim,victim_9_,"(8, 10)",9,45,0.5,4.712185859680176,Bolt,True,True
mission_nocomm,PA26,human,693,1750169958,"(9, 10)",D2,True,drop_victim,victim_10_,"(9, 10)",10,50,0.5625,4.712185859680176,Bolt,True,True
mission_nocomm,PA26,human,722,1750169961,"(6, 9)",A2,True,take_victim,victim_12_,"(11, 10)",12,50,0.625,4.712185859680176,Bolt,False,
mission_nocomm,PA26,will,759,1750169965,"(18, 10)",B2,True,take_victim,victim_11_,"(10, 10)",11,50,0.625,4.712185859680176,Bolt,False,
mission_nocomm,PA26,will,863,1750169976,"(10, 10)",B2,True,drop_victim,victim_11_,"(10, 10)",11,55,0.625,4.712185859680176,Bolt,True,True
mission_nocomm,PA26,human,880,1750169978,"(11, 10)",A2,True,drop_victim,victim_12_,"(11, 10)",12,60,0.6875,4.712185859680176,Bolt,True,True
mission_nocomm,PA26,will,945,1750169984,"(12, 18)",C2,True,take_victim,victim_13_,"(8, 11)",13,60,0.75,9.534780979156494,Bolt,False,
mission_nocomm,PA26,human,968,1750169987,"(16, 8)",B1,False,take_victim,victim_15_,"(10, 11)",15,60,0.75,12.563955783843994,Bolt,False,
mission_nocomm,PA26,human,1038,1750169994,"(6, 7)",D1,True,take_victim,victim_14_,"(9, 11)",14,60,0.75,16.763725757598877,Bolt,False,
mission_nocomm,PA26,will,1047,1750169995,"(8, 11)",C2,True,drop_victim,victim_13_,"(8, 11)",13,65,0.75,16.763725757598877,Bolt,True,True
mission_nocomm,PA26,human,1064,1750169997,"(9, 11)",D1,True,drop_victim,victim_14_,"(9, 11)",14,70,0.8125,16.763725757598877,Bolt,True,True
mission_nocomm,PA26,human,1082,1750169999,"(12, 8)",B1,False,take_victim,victim_15_,"(10, 11)",15,70,0.875,16.763725757598877,Bolt,False,
mission_nocomm,PA26,human,1104,1750170001,"(10, 11)",B1,False,drop_victim,victim_15_,"(10, 11)",15,75,0.875,16.763725757598877,Bolt,True,True
mission_nocomm,PA26,human,1122,1750170003,"(7, 9)",A1,True,take_victim,victim_16_,"(11, 11)",16,75,0.9375,16.763725757598877,Bolt,False,
mission_nocomm,PA26,human,1142,1750170005,"(11, 11)",A1,True,drop_victim,victim_16_,"(11, 11)",16,80,0.9375,16.763725757598877,Bolt,True,True
mission_nocomm,PA26,nowill,13,1750170208,"(3, 8)",D1,True,take_victim,victim_3_,"(10, 8)",3,0,0.0,0.0,Argo,False,
mission_nocomm,PA26,human,44,1750170211,"(10, 1)",A2,True,take_victim,victim_1_,"(8, 8)",1,0,0.0,0.0,Argo,False,
mission_nocomm,PA26,human,72,1750170214,"(8, 8)",A2,True,drop_victim,victim_1_,"(8, 8)",1,5,0.0,0.0,Argo,True,True
mission_nocomm,PA26,human,124,1750170220,"(17, 8)",B2,True,take_victim,victim_2_,"(9, 8)",2,5,0.0625,4.406826972961426,Argo,False,
mission_nocomm,PA26,human,186,1750170226,"(9, 8)",B2,True,drop_victim,victim_2_,"(9, 8)",2,10,0.0625,9.617779970169067,Argo,True,True
mission_nocomm,PA26,nowill,187,1750170226,"(10, 8)",D1,True,drop_victim,victim_3_,"(10, 8)",3,15,0.125,9.617779970169067,Argo,True,True
mission_nocomm,PA26,human,199,1750170227,"(9, 4)",A1,True,take_victim,victim_4_,"(11, 8)",4,15,0.1875,9.617779970169067,Argo,False,
mission_nocomm,PA26,human,216,1750170229,"(11, 8)",A1,True,drop_victim,victim_4_,"(11, 8)",4,20,0.1875,9.617779970169067,Argo,True,True
mission_nocomm,PA26,nowill,231,1750170231,"(9, 15)",C1,True,take_victim,victim_5_,"(8, 9)",5,20,0.25,9.617779970169067,Argo,False,
mission_nocomm,PA26,nowill,295,1750170237,"(8, 9)",C1,True,drop_victim,victim_5_,"(8, 9)",5,25,0.25,15.23853611946106,Argo,True,True
mission_nocomm,PA26,nowill,315,1750170240,"(1, 7)",D2,True,take_victim,victim_6_,"(9, 9)",6,25,0.3125,17.22017002105713,Argo,False,
mission_nocomm,PA26,nowill,335,1750170242,"(9, 9)",D2,True,drop_victim,victim_6_,"(9, 9)",6,30,0.3125,20.033910036087036,Argo,True,True
mission_nocomm,PA26,nowill,351,1750170243,"(4, 10)",D1,True,take_victim,victim_7_,"(10, 9)",7,30,0.375,21.62153697013855,Argo,False,
mission_nocomm,PA26,nowill,367,1750170245,"(10, 9)",D1,True,drop_victim,victim_7_,"(10, 9)",7,35,0.375,23.287298917770386,Argo,True,True
mission_nocomm,PA26,human,382,1750170247,"(16, 10)",B1,True,take_victim,victim_10_,"(9, 10)",10,35,0.4375,24.926806926727295,Argo,False,
mission_nocomm,PA26,nowill,389,1750170247,"(2, 11)",D2,True,take_victim,victim_8_,"(11, 9)",8,35,0.4375,25.54046893119812,Argo,False,
mission_nocomm,PA26,nowill,411,1750170250,"(11, 9)",D2,True,drop_victim,victim_8_,"(11, 9)",8,40,0.4375,27.430766105651855,Argo,True,True
mission_nocomm,PA26,human,449,1750170254,"(10, 3)",A1,True,take_victim,victim_9_,"(8, 10)",9,40,0.5,29.31369113922119,Argo,False,
mission_nocomm,PA26,human,474,1750170256,"(8, 10)",A1,True,drop_victim,victim_9_,"(8, 10)",9,45,0.5,29.31369113922119,Argo,True,True
mission_nocomm,PA26,nowill,481,1750170257,"(10, 17)",C2,True,take_victim,victim_11_,"(10, 10)",11,45,0.5625,29.31369113922119,Argo,False,
mission_nocomm,PA26,human,493,1750170258,"(12, 7)",B1,True,take_victim,victim_10_,"(9, 10)",10,45,0.5625,29.31369113922119,Argo,False,
mission_nocomm,PA26,human,519,1750170261,"(9, 10)",B1,True,drop_victim,victim_10_,"(9, 10)",10,50,0.5625,29.31369113922119,Argo,True,True
mission_nocomm,PA26,nowill,571,1750170266,"(10, 10)",C2,True,drop_victim,victim_11_,"(10, 10)",11,55,0.625,33.0768940448761,Argo,True,True
mission_nocomm,PA26,human,579,1750170267,"(18, 10)",B2,True,take_victim,victim_12_,"(11, 10)",12,55,0.6875,34.54437303543091,Argo,False,
mission_nocomm,PA26,nowill,625,1750170272,"(11, 16)",C1,True,take_victim,victim_14_,"(9, 11)",14,55,0.6875,38.82773494720459,Argo,False,
mission_nocomm,PA26,human,645,1750170274,"(11, 10)",B2,True,drop_victim,victim_12_,"(11, 10)",12,60,0.6875,40.716238021850586,Argo,True,True
mission_nocomm,PA26,human,671,1750170277,"(11, 2)",A2,True,take_victim,victim_13_,"(8, 11)",13,60,0.75,40.716238021850586,Argo,False,
mission_nocomm,PA26,human,700,1750170280,"(8, 11)",A2,True,drop_victim,victim_13_,"(8, 11)",13,65,0.75,40.716238021850586,Argo,True,True
mission_nocomm,PA26,nowill,701,1750170280,"(9, 11)",C1,True,drop_victim,victim_14_,"(9, 11)",14,70,0.8125,40.716238021850586,Argo,True,True
mission_nocomm,PA26,human,739,1750170284,"(15, 8)",B1,True,take_victim,victim_15_,"(10, 11)",15,70,0.875,43.12242603302002,Argo,False,
mission_nocomm,PA26,nowill,781,1750170288,"(8, 18)",C2,True,take_victim,victim_16_,"(11, 11)",16,70,0.875,46.45922017097473,Argo,False,
mission_nocomm,PA26,human,790,1750170289,"(10, 11)",B1,True,drop_victim,victim_15_,"(10, 11)",15,75,0.875,46.45922017097473,Argo,True,True
mission_nocomm,PA26,nowill,883,1750170299,"(11, 11)",C2,True,drop_victim,victim_16_,"(11, 11)",16,80,0.9375,46.45922017097473,Argo,True,True
mission_comm,PA19,nowill,13,1750069912,"(3, 8)",D1,True,take_victim,victim_2_,"(9, 8)",2,0,0.0,0.0,Bolt,False,
mission_comm,PA19,human,74,1750069919,"(9, 4)",A1,True,take_victim,victim_1_,"(8, 8)",1,0,0.0,0.0,Bolt,False,
mission_comm,PA19,human,97,1750069921,"(8, 8)",A1,True,drop_victim,victim_1_,"(8, 8)",1,5,0.0,0.0,Bolt,True,True
mission_comm,PA19,nowill,98,1750069921,"(9, 8)",D1,True,drop_victim,victim_2_,"(9, 8)",2,10,0.0625,0.0,Bolt,True,True
mission_comm,PA19,nowill,142,1750069926,"(11, 15)",C1,True,take_victim,victim_3_,"(10, 8)",3,10,0.125,0.0,Bolt,False,
mission_comm,PA19,human,144,1750069926,"(7, 3)",A1,True,take_victim,victim_9_,"(8, 10)",9,10,0.125,0.0,Bolt,False,
mission_comm,PA19,human,172,1750069929,"(8, 10)",A1,True,drop_victim,victim_9_,"(8, 10)",9,12,0.125,0.0,Bolt,True,False
mission_comm,PA19,nowill,208,1750069933,"(10, 8)",C1,True,drop_victim,victim_3_,"(10, 8)",3,17,0.1875,0.0,Bolt,True,True
mission_comm,PA19,nowill,226,1750069935,"(4, 10)",D1,True,take_victim,victim_5_,"(8, 9)",5,17,0.25,0.0,Bolt,False,
mission_comm,PA19,human,251,1750069937,"(9, 1)",A2,True,take_victim,victim_4_,"(11, 8)",4,17,0.25,0.0,Bolt,False,
mission_comm,PA19,human,279,1750069940,"(11, 8)",A2,True,drop_victim,victim_4_,"(11, 8)",4,22,0.25,0.0,Bolt,True,True
mission_comm,PA19,nowill,280,1750069940,"(8, 9)",D1,True,drop_victim,victim_5_,"(8, 9)",5,27,0.3125,0.0,Bolt,True,True
mission_comm,PA19,nowill,300,1750069942,"(1, 7)",D2,True,take_victim,victim_6_,"(9, 9)",6,27,0.375,0.0,Bolt,False,
mission_comm,PA19,nowill,320,1750069944,"(9, 9)",D2,True,drop_victim,victim_6_,"(9, 9)",6,32,0.375,0.0,Bolt,True,True
mission_comm,PA19,human,378,1750069950,"(7, 2)",A2,True,take_victim,victim_12_,"(11, 10)",12,32,0.4375,0.0,Bolt,False,
mission_comm,PA19,nowill,390,1750069952,"(8, 17)",C2,True,take_victim,victim_7_,"(10, 9)",7,32,0.4375,0.0,Bolt,False,
mission_comm,PA19,human,420,1750069955,"(11, 10)",A2,True,drop_victim,victim_12_,"(11, 10)",12,34,0.4375,0.0,Bolt,True,False
mission_comm,PA19,nowill,482,1750069961,"(10, 9)",C2,True,drop_victim,victim_7_,"(10, 9)",7,39,0.5,0.0,Bolt,True,True
mission_comm,PA19,nowill,538,1750069967,"(12, 16)",C1,True,take_victim,victim_11_,"(10, 10)",11,39,0.5625,5.6227641105651855,Bolt,False,
mission_comm,PA19,human,565,1750069970,"(18, 11)",B2,True,take_victim,victim_8_,"(11, 9)",8,39,0.5625,8.54523229598999,Bolt,False,
mission_comm,PA19,human,656,1750069980,"(11, 9)",B2,True,drop_victim,victim_8_,"(11, 9)",8,44,0.5625,16.492629051208496,Bolt,True,True
mission_comm,PA19,human,749,1750069989,"(16, 10)",B1,True,take_victim,victim_10_,"(9, 10)",10,44,0.625,23.379085779190063,Bolt,False,
mission_comm,PA19,human,814,1750069996,"(9, 10)",B1,True,drop_victim,victim_10_,"(9, 10)",10,49,0.625,28.271384954452515,Bolt,True,True
mission_comm,PA19,nowill,815,1750069996,"(10, 10)",C1,True,drop_victim,victim_11_,"(10, 10)",11,54,0.6875,28.271384954452515,Bolt,True,True
mission_comm,PA19,nowill,897,1750070005,"(10, 18)",C2,True,take_victim,victim_14_,"(9, 11)",14,54,0.75,31.083285808563232,Bolt,False,
mission_comm,PA19,human,918,1750070007,"(17, 8)",B2,True,take_victim,victim_13_,"(8, 11)",13,54,0.75,33.89679670333862,Bolt,False,
mission_comm,PA19,human,1005,1750070016,"(8, 11)",B2,True,drop_victim,victim_13_,"(8, 11)",13,59,0.75,40.58575987815857,Bolt,True,True
mission_comm,PA19,nowill,1006,1750070016,"(9, 11)",C2,True,drop_victim,victim_14_,"(9, 11)",14,64,0.8125,40.58575987815857,Bolt,True,True
mission_comm,PA19,nowill,1026,1750070018,"(2, 11)",D2,True,take_victim,victim_15_,"(10, 11)",15,64,0.875,40.58575987815857,Bolt,False,
mission_comm,PA19,nowill,1046,1750070020,"(10, 11)",D2,True,drop_victim,victim_15_,"(10, 11)",15,69,0.875,41.52560257911682,Bolt,True,True
mission_comm,PA19,human,1082,1750070024,"(15, 12)",B1,True,take_victim,victim_16_,"(11, 11)",16,69,0.9375,46.01652669906616,Bolt,False,
mission_comm,PA19,human,1134,1750070030,"(11, 11)",B1,True,drop_victim,victim_16_,"(11, 11)",16,74,0.9375,50.406402587890625,Bolt,True,True
mission_comm,PA19,will,73,1750070258,"(17, 8)",B2,True,take_victim,victim_1_,"(8, 8)",1,0,0.0,0.0,Argo,False,
mission_comm,PA19,human,98,1750070261,"(7, 2)",A2,True,take_victim,victim_3_,"(10, 8)",3,0,0.0,0.0,Argo,False,
mission_comm,PA19,human,131,1750070265,"(10, 8)",A2,True,drop_victim,victim_3_,"(10, 8)",3,2,0.0,0.0,Argo,True,False
mission_comm,PA19,human,165,1750070268,"(3, 12)",D1,True,take_victim,victim_4_,"(11, 8)",4,2,0.0625,0.0,Argo,False,
mission_comm,PA19,will,167,1750070268,"(8, 8)",B2,True,drop_victim,victim_1_,"(8, 8)",1,7,0.0625,0.0,Argo,True,True
mission_comm,PA19,human,196,1750070271,"(11, 8)",D1,True,drop_victim,victim_4_,"(11, 8)",4,9,0.125,0.0,Argo,True,False
mission_comm,PA19,will,225,1750070274,"(9, 16)",C1,True,take_victim,victim_2_,"(9, 8)",2,9,0.1875,0.0,Argo,False,
mission_comm,PA19,human,257,1750070278,"(8, 1)",A2,True,take_victim,victim_7_,"(10, 9)",7,9,0.1875,0.0,Argo,False,
mission_comm,PA19,human,294,1750070282,"(10, 9)",A2,True,drop_victim,victim_7_,"(10, 9)",7,11,0.1875,0.0,Argo,True,False
mission_comm,PA19,will,305,1750070283,"(9, 8)",C1,True,drop_victim,victim_2_,"(9, 8)",2,16,0.25,0.0,Argo,True,True
mission_comm,PA19,human,346,1750070287,"(4, 7)",D1,True,take_victim,victim_9_,"(8, 10)",9,16,0.3125,0.0,Argo,False,
mission_comm,PA19,will,361,1750070289,"(16, 10)",B1,True,take_victim,victim_5_,"(8, 9)",5,16,0.3125,0.0,Argo,False,
mission_comm,PA19,human,380,1750070291,"(8, 10)",D1,True,drop_victim,victim_9_,"(8, 10)",9,18,0.3125,0.0,Argo,True,False
mission_comm,PA19,human,408,1750070294,"(12, 3)",A1,True,take_victim,victim_10_,"(9, 10)",10,18,0.375,0.0,Argo,False,
mission_comm,PA19,will,441,1750070297,"(8, 9)",B1,True,drop_victim,victim_5_,"(8, 9)",5,23,0.375,0.0,Argo,True,True
mission_comm,PA19,human,443,1750070297,"(9, 10)",A1,True,drop_victim,victim_10_,"(9, 10)",10,25,0.4375,0.0,Argo,True,False
mission_comm,PA19,human,477,1750070301,"(1, 7)",D2,True,take_victim,victim_11_,"(10, 10)",11,25,0.5,0.0,Argo,False,
mission_comm,PA19,human,515,1750070305,"(10, 10)",D2,True,drop_victim,victim_11_,"(10, 10)",11,27,0.5,0.0,Argo,True,False
mission_comm,PA19,will,527,1750070306,"(18, 10)",B2,True,take_victim,victim_6_,"(9, 9)",6,27,0.5625,0.0,Argo,False,
mission_comm,PA19,human,546,1750070308,"(11, 4)",A1,True,take_victim,victim_13_,"(8, 11)",13,27,0.5625,0.0,Argo,False,
mission_comm,PA19,human,573,1750070311,"(8, 11)",A1,True,drop_victim,victim_13_,"(8, 11)",13,29,0.5625,0.0,Argo,True,False
mission_comm,PA19,will,633,1750070317,"(9, 9)",B2,True,drop_victim,victim_6_,"(9, 9)",6,34,0.625,0.0,Argo,True,True
mission_comm,PA19,human,638,1750070318,"(2, 8)",D2,True,take_victim,victim_16_,"(11, 11)",16,34,0.6875,0.0,Argo,False,
mission_comm,PA19,will,675,1750070321,"(15, 12)",B1,True,take_victim,victim_8_,"(11, 9)",8,34,0.6875,0.0,Argo,False,
mission_comm,PA19,will,735,1750070328,"(11, 9)",B1,True,drop_victim,victim_8_,"(11, 9)",8,39,0.6875,0.0,Argo,True,True
mission_comm,PA19,human,797,1750070334,"(11, 11)",D2,True,drop_victim,victim_16_,"(11, 11)",16,41,0.75,0.0,Argo,True,False
mission_comm,PA19,will,819,1750070337,"(9, 18)",C2,True,take_victim,victim_12_,"(11, 10)",12,41,0.8125,0.0,Argo,False,
mission_comm,PA19,will,923,1750070347,"(11, 10)",C2,True,drop_victim,victim_12_,"(11, 10)",12,46,0.8125,0.0,Argo,True,True
mission_comm,PA19,will,963,1750070352,"(7, 15)",C1,True,take_victim,victim_14_,"(9, 11)",14,46,0.875,2.3922529220581055,Argo,False,
mission_comm,PA19,human,1023,1750070358,"(8, 17)",C2,False,take_victim,victim_15_,"(10, 11)",15,46,0.875,8.896474123001099,Argo,False,
mission_comm,PA19,will,1023,1750070358,"(9, 11)",C1,True,drop_victim,victim_14_,"(9, 11)",14,51,0.875,8.896474123001099,Argo,True,True
mission_comm,PA19,human,1086,1750070365,"(10, 11)",C2,False,drop_victim,victim_15_,"(10, 11)",15,56,0.9375,14.119965076446531,Argo,True,True
mission_nocomm,PA10,nowill,69,1749803712,"(12, 17)",C2,True,take_victim,victim_1_,"(8, 8)",1,0,0.0,0.0,Argo,False,
mission_nocomm,PA10,human,161,1749803722,"(7, 4)",A1,True,take_victim,victim_8_,"(11, 9)",8,0,0.0,0.0,Argo,False,
mission_nocomm,PA10,nowill,163,1749803722,"(8, 8)",C2,True,drop_victim,victim_1_,"(8, 8)",1,5,0.0,0.0,Argo,True,True
mission_nocomm,PA10,nowill,207,1749803726,"(12, 15)",C1,True,take_victim,victim_3_,"(10, 8)",3,5,0.0625,0.0,Argo,False,
mission_nocomm,PA10,human,431,1749803750,"(18, 7)",B2,True,take_victim,victim_2_,"(9, 8)",2,5,0.0625,7.434751033782959,Argo,False,
mission_nocomm,PA10,human,525,1749803760,"(9, 8)",B2,True,drop_victim,victim_2_,"(9, 8)",2,10,0.0625,13.40706992149353,Argo,True,True
mission_nocomm,PA10,nowill,526,1749803760,"(10, 8)",C1,True,drop_victim,victim_3_,"(10, 8)",3,15,0.125,13.40706992149353,Argo,True,True
mission_nocomm,PA10,nowill,612,1749803769,"(10, 18)",C2,True,take_victim,victim_4_,"(11, 8)",4,15,0.1875,13.40706992149353,Argo,False,
mission_nocomm,PA10,human,627,1749803770,"(8, 2)",A2,True,take_victim,victim_5_,"(8, 9)",5,15,0.1875,13.40706992149353,Argo,False,
mission_nocomm,PA10,nowill,720,1749803780,"(11, 8)",C2,True,drop_victim,victim_4_,"(11, 8)",4,20,0.1875,13.40706992149353,Argo,True,True
mission_nocomm,PA10,nowill,746,1749803783,"(1, 10)",D2,True,take_victim,victim_11_,"(10, 10)",11,20,0.25,13.40706992149353,Argo,False,
mission_nocomm,PA10,human,761,1749803784,"(8, 9)",A2,True,drop_victim,victim_5_,"(8, 9)",5,25,0.25,13.40706992149353,Argo,True,True
mission_nocomm,PA10,human,918,1749803801,"(16, 8)",B1,True,take_victim,victim_7_,"(10, 9)",7,25,0.3125,18.733444929122925,Argo,False,
mission_nocomm,PA10,human,1147,1749803825,"(11, 3)",A1,True,take_victim,victim_6_,"(9, 9)",6,25,0.3125,30.585214853286743,Argo,False,
mission_nocomm,PA10,human,1182,1749803829,"(9, 9)",A1,True,drop_victim,victim_6_,"(9, 9)",6,30,0.3125,30.585214853286743,Argo,True,True
mission_nocomm,PA10,human,1261,1749803837,"(15, 8)",B1,True,take_victim,victim_7_,"(10, 9)",7,30,0.375,37.62535881996155,Argo,False,
mission_nocomm,PA10,human,1320,1749803843,"(10, 9)",B1,True,drop_victim,victim_7_,"(10, 9)",7,35,0.375,41.38605284690857,Argo,True,True
mission_nocomm,PA10,human,1363,1749803847,"(8, 4)",A1,True,take_victim,victim_8_,"(11, 9)",8,35,0.4375,41.38605284690857,Argo,False,
mission_nocomm,PA10,human,1402,1749803852,"(11, 9)",A1,True,drop_victim,victim_8_,"(11, 9)",8,40,0.4375,41.38605284690857,Argo,True,True
mission_nocomm,PA10,human,1469,1749803859,"(15, 7)",B1,True,take_victim,victim_9_,"(8, 10)",9,40,0.5,44.7494158744812,Argo,False,
mission_nocomm,PA10,human,1555,1749803868,"(8, 10)",B1,True,drop_victim,victim_9_,"(8, 10)",9,45,0.5,48.72779607772827,Argo,True,True
mission_nocomm,PA10,human,1608,1749803873,"(10, 1)",A2,True,take_victim,victim_10_,"(9, 10)",10,45,0.5625,48.72779607772827,Argo,False,
mission_nocomm,PA10,human,1646,1749803877,"(9, 10)",A2,True,drop_victim,victim_10_,"(9, 10)",10,50,0.5625,48.72779607772827,Argo,True,True
mission_nocomm,PA10,nowill,1647,1749803877,"(10, 10)",D2,True,drop_victim,victim_11_,"(10, 10)",11,55,0.625,48.72779607772827,Argo,True,True
mission_nocomm,PA10,nowill,1669,1749803880,"(2, 9)",D2,True,take_victim,victim_12_,"(11, 10)",12,55,0.6875,48.72779607772827,Argo,False,
mission_nocomm,PA10,nowill,1691,1749803882,"(11, 10)",D2,True,drop_victim,victim_12_,"(11, 10)",12,60,0.6875,48.72779607772827,Argo,True,True
mission_nocomm,PA10,nowill,1745,1749803888,"(11, 16)",C1,True,take_victim,victim_13_,"(8, 11)",13,60,0.75,48.72779607772827,Argo,False,
mission_nocomm,PA10,nowill,1819,1749803895,"(8, 11)",C1,True,drop_victim,victim_13_,"(8, 11)",13,65,0.75,48.72779607772827,Argo,True,True
mission_nocomm,PA10,nowill,1835,1749803897,"(3, 10)",D1,True,take_victim,victim_14_,"(9, 11)",14,65,0.8125,48.72779607772827,Argo,False,
mission_nocomm,PA10,nowill,1851,1749803899,"(9, 11)",D1,True,drop_victim,victim_14_,"(9, 11)",14,70,0.8125,48.72779607772827,Argo,True,True
mission_nocomm,PA10,nowill,1867,1749803900,"(4, 7)",D1,True,take_victim,victim_15_,"(10, 11)",15,70,0.875,48.72779607772827,Argo,False,
mission_nocomm,PA10,nowill,1883,1749803902,"(10, 11)",D1,True,drop_victim,victim_15_,"(10, 11)",15,75,0.875,48.72779607772827,Argo,True,True
mission_nocomm,PA10,human,1981,1749803912,"(17, 8)",B2,True,take_victim,victim_16_,"(11, 11)",16,75,0.9375,57.72141313552856,Argo,False,
mission_nocomm,PA10,human,2061,1749803921,"(11, 11)",B2,True,drop_victim,victim_16_,"(11, 11)",16,80,0.9375,63.583744049072266,Argo,True,True
mission_nocomm,PA10,will,15,1749804090,"(8, 4)",A1,True,take_victim,victim_2_,"(9, 8)",2,0,0.0,0.0,Bolt,False,
mission_nocomm,PA10,human,122,1749804101,"(15, 9)",B1,True,take_victim,victim_1_,"(8, 8)",1,0,0.0,5.440063953399658,Bolt,False,
mission_nocomm,PA10,human,192,1749804109,"(8, 8)",B1,True,drop_victim,victim_1_,"(8, 8)",1,5,0.0,8.777488708496094,Bolt,True,True
mission_nocomm,PA10,will,193,1749804109,"(9, 8)",A1,True,drop_victim,victim_2_,"(9, 8)",2,10,0.0625,8.777488708496094,Bolt,True,True
mission_nocomm,PA10,will,211,1749804111,"(3, 11)",D1,True,take_victim,victim_5_,"(8, 9)",5,10,0.125,8.777488708496094,Bolt,False,
mission_nocomm,PA10,human,372,1749804127,"(10, 16)",C1,True,take_victim,victim_3_,"(10, 8)",3,10,0.125,19.541420698165897,Bolt,False,
mission_nocomm,PA10,human,458,1749804137,"(10, 8)",C1,True,drop_victim,victim_3_,"(10, 8)",3,15,0.125,26.349557638168335,Bolt,True,True
mission_nocomm,PA10,human,597,1749804151,"(16, 11)",B1,True,take_victim,victim_4_,"(11, 8)",4,15,0.1875,36.30664277076721,Bolt,False,
mission_nocomm,PA10,human,676,1749804159,"(11, 8)",B1,True,drop_victim,victim_4_,"(11, 8)",4,20,0.1875,41.53468465805054,Bolt,True,True
mission_nocomm,PA10,will,677,1749804159,"(8, 9)",D1,True,drop_victim,victim_5_,"(8, 9)",5,25,0.25,41.53468465805054,Bolt,True,True
mission_nocomm,PA10,will,697,1749804161,"(1, 8)",D2,True,take_victim,victim_6_,"(9, 9)",6,25,0.3125,41.53468465805054,Bolt,False,
mission_nocomm,PA10,will,717,1749804164,"(9, 9)",D2,True,drop_victim,victim_6_,"(9, 9)",6,30,0.3125,41.53468465805054,Bolt,True,True
mission_nocomm,PA10,will,739,1749804166,"(9, 1)",A2,True,take_victim,victim_9_,"(8, 10)",9,30,0.375,41.53468465805054,Bolt,False,
mission_nocomm,PA10,human,823,1749804175,"(8, 18)",C2,True,take_victim,victim_7_,"(10, 9)",7,30,0.375,47.38725686073303,Bolt,False,
mission_nocomm,PA10,human,909,1749804184,"(10, 9)",C2,True,drop_victim,victim_7_,"(10, 9)",7,35,0.375,53.35403490066528,Bolt,True,True
mission_nocomm,PA10,human,1011,1749804194,"(11, 17)",C2,True,take_victim,victim_8_,"(11, 9)",8,35,0.4375,60.58232283592224,Bolt,False,
mission_nocomm,PA10,human,1080,1749804202,"(11, 9)",C2,True,drop_victim,victim_8_,"(11, 9)",8,40,0.4375,65.9056749343872,Bolt,True,True
mission_nocomm,PA10,will,1081,1749804202,"(8, 10)",A2,True,drop_victim,victim_9_,"(8, 10)",9,45,0.5,65.9056749343872,Bolt,True,True
mission_nocomm,PA10,will,1103,1749804204,"(12, 2)",A2,True,take_victim,victim_10_,"(9, 10)",10,45,0.5625,65.9056749343872,Bolt,False,
mission_nocomm,PA10,will,1123,1749804206,"(9, 10)",A2,True,drop_victim,victim_10_,"(9, 10)",10,50,0.5625,65.9056749343872,Bolt,True,True
mission_nocomm,PA10,will,1143,1749804208,"(7, 3)",A1,True,take_victim,victim_12_,"(11, 10)",12,50,0.625,65.9056749343872,Bolt,False,
mission_nocomm,PA10,human,1241,1749804218,"(18, 8)",B2,True,take_victim,victim_11_,"(10, 10)",11,50,0.625,72.9462718963623,Bolt,False,
mission_nocomm,PA10,human,1333,1749804228,"(10, 10)",B2,True,drop_victim,victim_11_,"(10, 10)",11,55,0.625,79.02153778076172,Bolt,True,True
mission_nocomm,PA10,will,1334,1749804228,"(11, 10)",A1,True,drop_victim,victim_12_,"(11, 10)",12,60,0.6875,79.02153778076172,Bolt,True,True
mission_nocomm,PA10,will,1354,1749804230,"(4, 10)",D1,True,take_victim,victim_15_,"(10, 11)",15,60,0.75,79.02153778076172,Bolt,False,
mission_nocomm,PA10,human,1419,1749804237,"(11, 15)",C1,True,take_victim,victim_13_,"(8, 11)",13,60,0.75,81.84928965568542,Bolt,False,
mission_nocomm,PA10,human,1504,1749804246,"(8, 11)",C1,True,drop_victim,victim_13_,"(8, 11)",13,65,0.75,85.62831377983093,Bolt,True,True
mission_nocomm,PA10,human,1569,1749804253,"(17, 11)",B2,True,take_victim,victim_14_,"(9, 11)",14,65,0.8125,91.0758135318756,Bolt,False,
mission_nocomm,PA10,human,1635,1749804260,"(9, 11)",B2,True,drop_victim,victim_14_,"(9, 11)",14,70,0.8125,96.1977436542511,Bolt,True,True
mission_nocomm,PA10,will,1636,1749804260,"(10, 11)",D1,True,drop_victim,victim_15_,"(10, 11)",15,75,0.875,96.1977436542511,Bolt,True,True
mission_nocomm,PA10,will,1658,1749804262,"(2, 10)",D2,True,take_victim,victim_16_,"(11, 11)",16,75,0.9375,96.1977436542511,Bolt,False,
mission_nocomm,PA10,will,1680,1749804264,"(11, 11)",D2,True,drop_victim,victim_16_,"(11, 11)",16,80,0.9375,96.1977436542511,Bolt,True,True
mission_comm,PA17,will,55,1750061574,"(10, 16)",C1,True,take_victim,victim_3_,"(10, 8)",3,0,0.0,0.0,Argo,False,
mission_comm,PA17,human,127,1750061581,"(11, 3)",A1,True,take_victim,victim_1_,"(8, 8)",1,0,0.0,0.0,Argo,False,
mission_comm,PA17,human,187,1750061587,"(8, 8)",A1,True,drop_victim,victim_1_,"(8, 8)",1,5,0.0,0.0,Argo,True,True
mission_comm,PA17,human,255,1750061595,"(1, 10)",D2,True,take_victim,victim_2_,"(9, 8)",2,5,0.0625,0.0,Argo,False,
mission_comm,PA17,human,338,1750061603,"(9, 7)",D2,True,take_victim,victim_2_,"(9, 8)",2,5,0.0625,0.0,Argo,False,
mission_comm,PA17,human,356,1750061605,"(9, 8)",D2,True,drop_victim,victim_2_,"(9, 8)",2,10,0.0625,0.0,Argo,True,True
mission_comm,PA17,will,357,1750061605,"(10, 8)",C1,True,drop_victim,victim_3_,"(10, 8)",3,15,0.125,0.0,Argo,True,True
mission_comm,PA17,will,439,1750061614,"(18, 12)",B2,True,take_victim,victim_4_,"(11, 8)",4,15,0.1875,0.0,Argo,False,
mission_comm,PA17,human,508,1750061621,"(12, 4)",A1,True,take_victim,victim_5_,"(8, 9)",5,15,0.1875,0.0,Argo,False,
mission_comm,PA17,will,541,1750061624,"(11, 8)",B2,True,drop_victim,victim_4_,"(11, 8)",4,20,0.1875,0.0,Argo,True,True
mission_comm,PA17,human,565,1750061627,"(8, 9)",A1,True,drop_victim,victim_5_,"(8, 9)",5,25,0.25,0.0,Argo,True,True
mission_comm,PA17,will,579,1750061628,"(15, 10)",B1,True,take_victim,victim_6_,"(9, 9)",6,25,0.3125,0.0,Argo,False,
mission_comm,PA17,will,643,1750061635,"(9, 9)",B1,True,drop_victim,victim_6_,"(9, 9)",6,30,0.3125,0.0,Argo,True,True
mission_comm,PA17,will,685,1750061640,"(11, 15)",C1,True,take_victim,victim_8_,"(11, 9)",8,30,0.375,0.0,Argo,False,
mission_comm,PA17,human,728,1750061644,"(3, 7)",D1,True,take_victim,victim_7_,"(10, 9)",7,30,0.375,0.0,Argo,False,
mission_comm,PA17,human,776,1750061649,"(10, 9)",D1,True,drop_victim,victim_7_,"(10, 9)",7,35,0.375,0.0,Argo,True,True
mission_comm,PA17,will,777,1750061649,"(11, 9)",C1,True,drop_victim,victim_8_,"(11, 9)",8,40,0.4375,0.0,Argo,True,True
mission_comm,PA17,will,829,1750061655,"(16, 8)",B1,True,take_victim,victim_12_,"(11, 10)",12,40,0.5,0.0,Argo,False,
mission_comm,PA17,human,855,1750061657,"(12, 1)",A2,True,take_victim,victim_9_,"(8, 10)",9,40,0.5,0.0,Argo,False,
mission_comm,PA17,human,926,1750061665,"(8, 10)",A2,True,drop_victim,victim_9_,"(8, 10)",9,45,0.5,0.0,Argo,True,True
mission_comm,PA17,human,972,1750061670,"(8, 2)",A2,True,take_victim,victim_10_,"(9, 10)",10,45,0.5625,0.0,Argo,False,
mission_comm,PA17,human,1022,1750061675,"(9, 10)",A2,True,drop_victim,victim_10_,"(9, 10)",10,50,0.5625,0.0,Argo,True,True
mission_comm,PA17,human,1083,1750061681,"(4, 9)",D1,True,take_victim,victim_11_,"(10, 10)",11,50,0.625,0.0,Argo,False,
mission_comm,PA17,human,1141,1750061687,"(10, 10)",D1,True,drop_victim,victim_11_,"(10, 10)",11,55,0.625,0.0,Argo,True,True
mission_comm,PA17,will,1142,1750061687,"(11, 10)",B1,True,drop_victim,victim_12_,"(11, 10)",12,60,0.6875,0.0,Argo,True,True
mission_comm,PA17,will,1210,1750061695,"(11, 17)",C2,True,take_victim,victim_13_,"(8, 11)",13,60,0.75,0.0,Argo,False,
mission_comm,PA17,will,1298,1750061704,"(8, 11)",C2,True,drop_victim,victim_13_,"(8, 11)",13,65,0.75,0.0,Argo,True,True
mission_comm,PA17,human,1314,1750061705,"(2, 7)",D2,True,take_victim,victim_14_,"(9, 11)",14,65,0.8125,0.0,Argo,False,
mission_comm,PA17,will,1378,1750061712,"(8, 18)",C2,True,take_victim,victim_15_,"(10, 11)",15,65,0.8125,0.0,Argo,False,
mission_comm,PA17,human,1510,1750061726,"(10, 11)",D2,True,take_victim,victim_14_,"(9, 11)",14,65,0.8125,0.0,Argo,False,
mission_comm,PA17,human,1566,1750061732,"(9, 11)",D2,True,drop_victim,victim_14_,"(9, 11)",14,70,0.8125,0.0,Argo,True,True
mission_comm,PA17,will,1567,1750061732,"(10, 11)",C2,True,drop_victim,victim_15_,"(10, 11)",15,75,0.875,0.0,Argo,True,True
mission_comm,PA17,will,1635,1750061739,"(17, 11)",B2,True,take_victim,victim_16_,"(11, 11)",16,75,0.9375,0.0,Argo,False,
mission_comm,PA17,will,1723,1750061748,"(11, 11)",B2,True,drop_victim,victim_16_,"(11, 11)",16,80,0.9375,0.0,Argo,True,True
mission_comm,PA17,nowill,73,1750062005,"(17, 11)",B2,True,take_victim,victim_3_,"(10, 8)",3,0,0.0,0.0,Bolt,False,
mission_comm,PA17,human,95,1750062008,"(7, 1)",A2,True,take_victim,victim_1_,"(8, 8)",1,0,0.0,0.0,Bolt,False,
mission_comm,PA17,human,132,1750062011,"(8, 8)",A2,True,drop_victim,victim_1_,"(8, 8)",1,5,0.0,0.0,Bolt,True,True
mission_comm,PA17,human,199,1750062018,"(3, 7)",D1,False,take_victim,victim_2_,"(9, 8)",2,5,0.0625,0.0,Bolt,False,
mission_comm,PA17,human,241,1750062023,"(9, 8)",D1,False,drop_victim,victim_2_,"(9, 8)",2,10,0.0625,0.0,Bolt,True,True
mission_comm,PA17,nowill,242,1750062023,"(10, 8)",B2,True,drop_victim,victim_3_,"(10, 8)",3,15,0.125,0.0,Bolt,True,True
mission_comm,PA17,human,319,1750062031,"(4, 10)",D1,False,take_victim,victim_4_,"(11, 8)",4,15,0.1875,0.0,Bolt,False,
mission_comm,PA17,nowill,328,1750062032,"(7, 18)",C2,True,take_victim,victim_5_,"(8, 9)",5,15,0.1875,0.0,Bolt,False,
mission_comm,PA17,human,373,1750062037,"(11, 8)",D1,False,drop_victim,victim_4_,"(11, 8)",4,20,0.1875,0.0,Bolt,True,True
mission_comm,PA17,nowill,434,1750062043,"(8, 9)",C2,True,drop_victim,victim_5_,"(8, 9)",5,25,0.25,0.0,Bolt,True,True
mission_comm,PA17,nowill,476,1750062047,"(10, 15)",C1,True,take_victim,victim_6_,"(9, 9)",6,25,0.3125,0.0,Bolt,False,
mission_comm,PA17,nowill,540,1750062054,"(9, 9)",C1,True,drop_victim,victim_6_,"(9, 9)",6,30,0.3125,0.0,Bolt,True,True
mission_comm,PA17,human,564,1750062057,"(8, 3)",A1,True,take_victim,victim_7_,"(10, 9)",7,30,0.375,0.0,Bolt,False,
mission_comm,PA17,nowill,596,1750062060,"(8, 16)",C1,True,take_victim,victim_8_,"(11, 9)",8,30,0.375,0.0,Bolt,False,
mission_comm,PA17,human,623,1750062063,"(10, 9)",A1,True,drop_victim,victim_7_,"(10, 9)",7,35,0.375,0.0,Bolt,True,True
mission_comm,PA17,nowill,674,1750062068,"(11, 9)",C1,True,drop_victim,victim_8_,"(11, 9)",8,40,0.4375,0.0,Bolt,True,True
mission_comm,PA17,nowill,726,1750062074,"(16, 12)",B1,True,take_victim,victim_9_,"(8, 10)",9,40,0.5,0.0,Bolt,False,
mission_comm,PA17,human,754,1750062077,"(9, 2)",A2,True,take_victim,victim_10_,"(9, 10)",10,40,0.5,0.0,Bolt,False,
mission_comm,PA17,human,782,1750062079,"(9, 10)",A2,True,drop_victim,victim_10_,"(9, 10)",10,42,0.5,0.0,Bolt,True,False
mission_comm,PA17,nowill,818,1750062083,"(8, 10)",B1,True,drop_victim,victim_9_,"(8, 10)",9,47,0.5625,0.0,Bolt,True,True
mission_comm,PA17,human,878,1750062090,"(1, 8)",D2,False,take_victim,victim_12_,"(11, 10)",12,47,0.625,0.0,Bolt,False,
mission_comm,PA17,nowill,904,1750062092,"(18, 10)",B2,True,take_victim,victim_11_,"(10, 10)",11,47,0.625,0.0,Bolt,False,
mission_comm,PA17,human,930,1750062095,"(11, 10)",D2,False,drop_victim,victim_12_,"(11, 10)",12,49,0.625,0.0,Bolt,True,False
mission_comm,PA17,human,986,1750062101,"(2, 10)",D2,False,take_victim,victim_13_,"(8, 11)",13,49,0.6875,0.0,Bolt,False,
mission_comm,PA17,nowill,1008,1750062103,"(10, 10)",B2,True,drop_victim,victim_11_,"(10, 10)",11,54,0.6875,0.0,Bolt,True,True
mission_comm,PA17,human,1059,1750062108,"(8, 11)",D2,False,drop_victim,victim_13_,"(8, 11)",13,59,0.75,0.0,Bolt,True,True
mission_comm,PA17,nowill,1076,1750062110,"(8, 17)",C2,True,take_victim,victim_15_,"(10, 11)",15,59,0.8125,0.0,Bolt,False,
mission_comm,PA17,human,1106,1750062113,"(7, 4)",A1,True,take_victim,victim_14_,"(9, 11)",14,59,0.8125,0.0,Bolt,False,
mission_comm,PA17,human,1164,1750062119,"(9, 11)",A1,True,drop_victim,victim_14_,"(9, 11)",14,64,0.8125,0.0,Bolt,True,True
mission_comm,PA17,nowill,1165,1750062120,"(10, 11)",C2,True,drop_victim,victim_15_,"(10, 11)",15,69,0.875,0.0,Bolt,True,True
mission_comm,PA17,nowill,1205,1750062124,"(15, 8)",B1,True,take_victim,victim_16_,"(11, 11)",16,69,0.9375,0.0,Bolt,False,
mission_comm,PA17,nowill,1265,1750062130,"(11, 11)",B1,True,drop_victim,victim_16_,"(11, 11)",16,74,0.9375,0.0,Bolt,True,True
mission_nocomm,PA28,nowill,41,1750234218,"(9, 15)",C1,True,take_victim,victim_2_,"(9, 8)",2,0,0.0,0.0,Bolt,False,
mission_nocomm,PA28,human,201,1750234235,"(16, 12)",B1,True,take_victim,victim_1_,"(8, 8)",1,0,0.0,13.462119102478027,Bolt,False,
mission_nocomm,PA28,human,287,1750234244,"(8, 8)",B1,True,drop_victim,victim_1_,"(8, 8)",1,5,0.0,18.69688606262207,Bolt,True,True
mission_nocomm,PA28,nowill,288,1750234244,"(9, 8)",C1,True,drop_victim,victim_2_,"(9, 8)",2,10,0.0625,18.69688606262207,Bolt,True,True
mission_nocomm,PA28,nowill,306,1750234246,"(3, 12)",D1,True,take_victim,victim_4_,"(11, 8)",4,10,0.125,18.69688606262207,Bolt,False,
mission_nocomm,PA28,human,378,1750234253,"(15, 10)",B1,True,take_victim,victim_3_,"(10, 8)",3,10,0.125,25.372925996780396,Bolt,False,
mission_nocomm,PA28,human,431,1750234259,"(10, 8)",B1,True,drop_victim,victim_3_,"(10, 8)",3,15,0.125,28.83074307441711,Bolt,True,True
mission_nocomm,PA28,nowill,432,1750234259,"(11, 8)",D1,True,drop_victim,victim_4_,"(11, 8)",4,20,0.1875,28.83074307441711,Bolt,True,True
mission_nocomm,PA28,nowill,504,1750234266,"(12, 17)",C2,True,take_victim,victim_8_,"(11, 9)",8,20,0.25,34.37225294113159,Bolt,False,
mission_nocomm,PA28,human,531,1750234269,"(18, 10)",B2,True,take_victim,victim_5_,"(8, 9)",5,20,0.25,37.52086520195007,Bolt,False,
mission_nocomm,PA28,human,618,1750234278,"(8, 9)",B2,True,drop_victim,victim_5_,"(8, 9)",5,25,0.25,43.470901012420654,Bolt,True,True
mission_nocomm,PA28,human,663,1750234283,"(12, 2)",A2,True,take_victim,victim_6_,"(9, 9)",6,25,0.3125,43.470901012420654,Bolt,False,
mission_nocomm,PA28,human,707,1750234287,"(9, 9)",A2,True,drop_victim,victim_6_,"(9, 9)",6,30,0.3125,43.470901012420654,Bolt,True,True
mission_nocomm,PA28,human,853,1750234303,"(17, 7)",B2,True,take_victim,victim_7_,"(10, 9)",7,30,0.375,57.94879412651062,Bolt,False,
mission_nocomm,PA28,human,929,1750234311,"(10, 9)",B2,True,drop_victim,victim_7_,"(10, 9)",7,35,0.375,63.19321298599243,Bolt,True,True
mission_nocomm,PA28,nowill,930,1750234311,"(11, 9)",C2,True,drop_victim,victim_8_,"(11, 9)",8,40,0.4375,63.19321298599243,Bolt,True,True
mission_nocomm,PA28,nowill,954,1750234313,"(2, 7)",D2,True,take_victim,victim_9_,"(8, 10)",9,40,0.5,63.19321298599243,Bolt,False,
mission_nocomm,PA28,nowill,970,1750234315,"(8, 10)",D2,True,drop_victim,victim_9_,"(8, 10)",9,45,0.5,63.19321298599243,Bolt,True,True
mission_nocomm,PA28,nowill,984,1750234317,"(4, 7)",D1,True,take_victim,victim_11_,"(10, 10)",11,45,0.5625,63.19321298599243,Bolt,False,
mission_nocomm,PA28,human,993,1750234317,"(12, 4)",A1,True,take_victim,victim_10_,"(9, 10)",10,45,0.5625,63.19321298599243,Bolt,False,
mission_nocomm,PA28,human,1026,1750234321,"(9, 10)",A1,True,drop_victim,victim_10_,"(9, 10)",10,50,0.5625,63.19321298599243,Bolt,True,True
mission_nocomm,PA28,nowill,1027,1750234321,"(10, 10)",D1,True,drop_victim,victim_11_,"(10, 10)",11,55,0.625,63.19321298599243,Bolt,True,True
mission_nocomm,PA28,human,1075,1750234326,"(10, 3)",A1,True,take_victim,victim_13_,"(8, 11)",13,55,0.6875,63.19321298599243,Bolt,False,
mission_nocomm,PA28,nowill,1109,1750234330,"(10, 18)",C2,True,take_victim,victim_12_,"(11, 10)",12,55,0.6875,63.19321298599243,Bolt,False,
mission_nocomm,PA28,human,1115,1750234330,"(8, 11)",A1,True,drop_victim,victim_13_,"(8, 11)",13,57,0.6875,63.19321298599243,Bolt,True,False
mission_nocomm,PA28,human,1169,1750234336,"(11, 1)",A2,True,take_victim,victim_15_,"(10, 11)",15,57,0.75,63.19321298599243,Bolt,False,
mission_nocomm,PA28,nowill,1213,1750234341,"(11, 10)",C2,True,drop_victim,victim_12_,"(11, 10)",12,62,0.75,63.19321298599243,Bolt,True,True
mission_nocomm,PA28,nowill,1239,1750234343,"(1, 8)",D2,True,take_victim,victim_14_,"(9, 11)",14,62,0.8125,63.19321298599243,Bolt,False,
mission_nocomm,PA28,nowill,1259,1750234345,"(9, 11)",D2,True,drop_victim,victim_14_,"(9, 11)",14,67,0.8125,63.19321298599243,Bolt,True,True
mission_nocomm,PA28,human,1271,1750234347,"(10, 11)",A2,True,drop_victim,victim_15_,"(10, 11)",15,72,0.875,63.19321298599243,Bolt,True,True
mission_nocomm,PA28,nowill,1311,1750234351,"(11, 16)",C1,True,take_victim,victim_16_,"(11, 11)",16,72,0.9375,63.19321298599243,Bolt,False,
mission_nocomm,PA28,nowill,1385,1750234359,"(11, 11)",C1,True,drop_victim,victim_16_,"(11, 11)",16,77,0.9375,63.19321298599243,Bolt,True,True
mission_nocomm,PA28,will,87,1750234762,"(18, 12)",B2,True,take_victim,victim_1_,"(8, 8)",1,0,0.0,0.0,Argo,False,
mission_nocomm,PA28,will,195,1750234773,"(8, 8)",B2,True,drop_victim,victim_1_,"(8, 8)",1,5,0.0,0.0,Argo,True,True
mission_nocomm,PA28,human,249,1750234779,"(7, 2)",A2,True,take_victim,victim_5_,"(8, 9)",5,5,0.0625,0.0,Argo,False,
mission_nocomm,PA28,will,267,1750234781,"(7, 17)",C2,True,take_victim,victim_2_,"(9, 8)",2,5,0.0625,0.0,Argo,False,
mission_nocomm,PA28,will,361,1750234791,"(9, 8)",C2,True,drop_victim,victim_2_,"(9, 8)",2,10,0.0625,0.0,Argo,True,True
mission_nocomm,PA28,will,417,1750234796,"(16, 7)",B1,True,take_victim,victim_3_,"(10, 8)",3,10,0.125,0.0,Argo,False,
mission_nocomm,PA28,will,493,1750234804,"(10, 8)",B1,True,drop_victim,victim_3_,"(10, 8)",3,15,0.125,0.0,Argo,True,True
mission_nocomm,PA28,will,537,1750234809,"(11, 15)",C1,True,take_victim,victim_4_,"(11, 8)",4,15,0.1875,0.0,Argo,False,
mission_nocomm,PA28,will,603,1750234816,"(11, 8)",C1,True,drop_victim,victim_4_,"(11, 8)",4,20,0.1875,0.0,Argo,True,True
mission_nocomm,PA28,human,616,1750234817,"(8, 9)",A2,True,drop_victim,victim_5_,"(8, 9)",5,25,0.25,0.0,Argo,True,True
mission_nocomm,PA28,will,641,1750234820,"(15, 12)",B1,True,take_victim,victim_7_,"(10, 9)",7,25,0.3125,0.0,Argo,False,
mission_nocomm,PA28,human,642,1750234820,"(2, 9)",D2,True,take_victim,victim_6_,"(9, 9)",6,25,0.3125,0.0,Argo,False,
mission_nocomm,PA28,human,666,1750234823,"(9, 9)",D2,True,drop_victim,victim_6_,"(9, 9)",6,30,0.3125,0.0,Argo,True,True
mission_nocomm,PA28,will,703,1750234826,"(10, 9)",B1,True,drop_victim,victim_7_,"(10, 9)",7,35,0.375,0.0,Argo,True,True
mission_nocomm,PA28,human,728,1750234829,"(4, 11)",D1,True,take_victim,victim_8_,"(11, 9)",8,35,0.4375,0.0,Argo,False,
mission_nocomm,PA28,human,766,1750234833,"(11, 9)",D1,True,drop_victim,victim_8_,"(11, 9)",8,40,0.4375,0.0,Argo,True,True
mission_nocomm,PA28,will,771,1750234833,"(17, 9)",B2,True,take_victim,victim_12_,"(11, 10)",12,40,0.5,0.0,Argo,False,
mission_nocomm,PA28,human,796,1750234836,"(3, 8)",D1,True,take_victim,victim_9_,"(8, 10)",9,40,0.5,0.0,Argo,False,
mission_nocomm,PA28,human,829,1750234840,"(8, 10)",D1,True,drop_victim,victim_9_,"(8, 10)",9,45,0.5,0.0,Argo,True,True
mission_nocomm,PA28,human,867,1750234843,"(1, 12)",D2,True,take_victim,victim_10_,"(9, 10)",10,45,0.5625,0.0,Argo,False,
mission_nocomm,PA28,human,909,1750234848,"(9, 10)",D2,True,drop_victim,victim_10_,"(9, 10)",10,50,0.5625,0.0,Argo,True,True
mission_nocomm,PA28,human,935,1750234851,"(9, 3)",A1,True,take_victim,victim_11_,"(10, 10)",11,50,0.625,0.0,Argo,False,
mission_nocomm,PA28,human,959,1750234853,"(10, 10)",A1,True,drop_victim,victim_11_,"(10, 10)",11,55,0.625,0.0,Argo,True,True
mission_nocomm,PA28,will,960,1750234853,"(11, 10)",B2,True,drop_victim,victim_12_,"(11, 10)",12,60,0.6875,0.0,Argo,True,True
mission_nocomm,PA28,will,1014,1750234859,"(10, 16)",C1,True,take_victim,victim_13_,"(8, 11)",13,60,0.75,0.0,Argo,False,
mission_nocomm,PA28,human,1021,1750234860,"(12, 1)",A2,True,take_victim,victim_14_,"(9, 11)",14,60,0.75,0.0,Argo,False,
mission_nocomm,PA28,will,1088,1750234867,"(8, 11)",C1,True,drop_victim,victim_13_,"(8, 11)",13,65,0.75,0.0,Argo,True,True
mission_nocomm,PA28,human,1099,1750234868,"(9, 11)",A2,True,drop_victim,victim_14_,"(9, 11)",14,70,0.8125,0.0,Argo,True,True
mission_nocomm,PA28,human,1129,1750234871,"(10, 4)",A1,True,take_victim,victim_16_,"(11, 11)",16,70,0.875,0.0,Argo,False,
mission_nocomm,PA28,will,1168,1750234875,"(11, 18)",C2,True,take_victim,victim_15_,"(10, 11)",15,70,0.875,0.0,Argo,False,
mission_nocomm,PA28,will,1270,1750234886,"(10, 11)",C2,True,drop_victim,victim_15_,"(10, 11)",15,75,0.875,0.0,Argo,True,True
mission_nocomm,PA28,human,1277,1750234886,"(11, 11)",A1,True,drop_victim,victim_16_,"(11, 11)",16,80,0.9375,0.0,Argo,True,True
mission_nocomm,PA74,will,17,1752586842,"(1, 12)",D2,True,take_victim,victim_1_,"(8, 8)",1,0,0.0,0.0,Bolt,False,
mission_nocomm,PA74,will,35,1752586843,"(8, 8)",D2,True,drop_victim,victim_1_,"(8, 8)",1,5,0.0,0.0,Bolt,True,True
mission_nocomm,PA74,will,49,1752586845,"(4, 11)",D1,True,take_victim,victim_3_,"(10, 8)",3,5,0.0625,0.0,Bolt,False,
mission_nocomm,PA74,human,110,1752586851,"(11, 2)",A2,True,take_victim,victim_2_,"(9, 8)",2,5,0.0625,0.0,Bolt,False,
mission_nocomm,PA74,human,134,1752586854,"(9, 8)",A2,True,drop_victim,victim_2_,"(9, 8)",2,10,0.0625,0.0,Bolt,True,True
mission_nocomm,PA74,will,135,1752586854,"(10, 8)",D1,True,drop_victim,victim_3_,"(10, 8)",3,15,0.125,0.0,Bolt,True,True
mission_nocomm,PA74,will,179,1752586858,"(7, 15)",C1,True,take_victim,victim_4_,"(11, 8)",4,15,0.1875,0.0,Bolt,False,
mission_nocomm,PA74,will,245,1752586865,"(11, 8)",C1,True,drop_victim,victim_4_,"(11, 8)",4,20,0.1875,0.0,Bolt,True,True
mission_nocomm,PA74,will,267,1752586868,"(3, 12)",D1,True,take_victim,victim_6_,"(9, 9)",6,20,0.25,1.3670790195465088,Bolt,False,
mission_nocomm,PA74,human,353,1752586877,"(17, 11)",B2,True,take_victim,victim_5_,"(8, 9)",5,20,0.25,10.459248065948486,Bolt,False,
mission_nocomm,PA74,human,425,1752586884,"(8, 9)",B2,True,drop_victim,victim_5_,"(8, 9)",5,25,0.25,15.802056074142456,Bolt,True,True
mission_nocomm,PA74,will,426,1752586884,"(9, 9)",D1,True,drop_victim,victim_6_,"(9, 9)",6,30,0.3125,15.802056074142456,Bolt,True,True
mission_nocomm,PA74,will,496,1752586892,"(7, 17)",C2,True,take_victim,victim_7_,"(10, 9)",7,30,0.375,15.802056074142456,Bolt,False,
mission_nocomm,PA74,human,523,1752586894,"(2, 10)",D2,False,take_victim,victim_8_,"(11, 9)",8,30,0.375,15.802056074142456,Bolt,False,
mission_nocomm,PA74,will,588,1752586901,"(10, 9)",C2,True,drop_victim,victim_7_,"(10, 9)",7,35,0.375,15.802056074142456,Bolt,True,True
mission_nocomm,PA74,human,601,1752586903,"(11, 9)",D2,False,drop_victim,victim_8_,"(11, 9)",8,40,0.4375,15.802056074142456,Bolt,True,True
mission_nocomm,PA74,will,644,1752586907,"(12, 16)",C1,True,take_victim,victim_9_,"(8, 10)",9,40,0.5,15.802056074142456,Bolt,False,
mission_nocomm,PA74,human,684,1752586911,"(7, 3)",A1,True,take_victim,victim_10_,"(9, 10)",10,40,0.5,15.802056074142456,Bolt,False,
mission_nocomm,PA74,will,720,1752586915,"(8, 10)",C1,True,drop_victim,victim_9_,"(8, 10)",9,45,0.5,15.802056074142456,Bolt,True,True
mission_nocomm,PA74,human,733,1752586916,"(9, 10)",A1,True,drop_victim,victim_10_,"(9, 10)",10,50,0.5625,15.802056074142456,Bolt,True,True
mission_nocomm,PA74,will,802,1752586924,"(12, 18)",C2,True,take_victim,victim_14_,"(9, 11)",14,50,0.625,15.802056074142456,Bolt,False,
mission_nocomm,PA74,human,914,1752586935,"(18, 9)",B2,True,take_victim,victim_11_,"(10, 10)",11,50,0.625,23.44643783569336,Bolt,False,
mission_nocomm,PA74,human,1002,1752586945,"(10, 10)",B2,True,drop_victim,victim_11_,"(10, 10)",11,55,0.625,29.605494022369385,Bolt,True,True
mission_nocomm,PA74,human,1092,1752586954,"(15, 10)",B1,True,take_victim,victim_12_,"(11, 10)",12,55,0.6875,35.68406820297241,Bolt,False,
mission_nocomm,PA74,human,1144,1752586960,"(11, 10)",B1,True,drop_victim,victim_12_,"(11, 10)",12,60,0.6875,39.67221403121948,Bolt,True,True
mission_nocomm,PA74,human,1179,1752586963,"(10, 4)",A1,True,take_victim,victim_13_,"(8, 11)",13,60,0.75,39.67221403121948,Bolt,False,
mission_nocomm,PA74,human,1205,1752586966,"(8, 11)",A1,True,drop_victim,victim_13_,"(8, 11)",13,65,0.75,39.67221403121948,Bolt,True,True
mission_nocomm,PA74,will,1206,1752586966,"(9, 11)",C2,True,drop_victim,victim_14_,"(9, 11)",14,70,0.8125,39.67221403121948,Bolt,True,True
mission_nocomm,PA74,human,1259,1752586972,"(10, 1)",A2,True,take_victim,victim_15_,"(10, 11)",15,70,0.875,39.67221403121948,Bolt,False,
mission_nocomm,PA74,human,1285,1752586974,"(10, 11)",A2,True,drop_victim,victim_15_,"(10, 11)",15,75,0.875,39.67221403121948,Bolt,True,True
mission_nocomm,PA74,human,1384,1752586985,"(16, 9)",B1,True,take_victim,victim_16_,"(11, 11)",16,75,0.9375,48.99841618537903,Bolt,False,
mission_nocomm,PA74,human,1449,1752586991,"(11, 11)",B1,True,drop_victim,victim_16_,"(11, 11)",16,80,0.9375,53.08318114280701,Bolt,True,True
mission_nocomm,PA74,nowill,15,1752587371,"(2, 12)",D2,True,take_victim,victim_2_,"(9, 8)",2,0,0.0,0.0,Argo,False,
mission_nocomm,PA74,human,98,1752587380,"(15, 7)",B1,True,take_victim,victim_1_,"(8, 8)",1,0,0.0,3.7479562759399414,Argo,False,
mission_nocomm,PA74,human,149,1752587385,"(8, 8)",B1,True,drop_victim,victim_1_,"(8, 8)",1,5,0.0,6.789713144302368,Argo,True,True
mission_nocomm,PA74,nowill,150,1752587385,"(9, 8)",D2,True,drop_victim,victim_2_,"(9, 8)",2,10,0.0625,6.789713144302368,Argo,True,True
mission_nocomm,PA74,nowill,222,1752587393,"(7, 17)",C2,True,take_victim,victim_6_,"(9, 9)",6,10,0.125,6.789713144302368,Argo,False,
mission_nocomm,PA74,human,338,1752587405,"(17, 10)",B2,True,take_victim,victim_3_,"(10, 8)",3,10,0.125,18.532044410705566,Argo,False,
mission_nocomm,PA74,human,571,1752587429,"(10, 8)",B2,True,drop_victim,victim_3_,"(10, 8)",3,15,0.125,23.883216381073,Argo,True,True
mission_nocomm,PA74,human,664,1752587439,"(16, 9)",B1,True,take_victim,victim_4_,"(11, 8)",4,15,0.1875,29.12660312652588,Argo,False,
mission_nocomm,PA74,human,718,1752587445,"(11, 8)",B1,True,drop_victim,victim_4_,"(11, 8)",4,20,0.1875,33.300435304641724,Argo,True,True
mission_nocomm,PA74,human,785,1752587452,"(10, 4)",A1,True,take_victim,victim_5_,"(8, 9)",5,20,0.25,33.300435304641724,Argo,False,
mission_nocomm,PA74,human,807,1752587454,"(8, 9)",A1,True,drop_victim,victim_5_,"(8, 9)",5,25,0.25,33.300435304641724,Argo,True,True
mission_nocomm,PA74,nowill,808,1752587454,"(9, 9)",C2,True,drop_victim,victim_6_,"(9, 9)",6,30,0.3125,33.300435304641724,Argo,True,True
mission_nocomm,PA74,nowill,824,1752587456,"(4, 7)",D1,True,take_victim,victim_7_,"(10, 9)",7,30,0.375,33.300435304641724,Argo,False,
mission_nocomm,PA74,nowill,840,1752587458,"(10, 9)",D1,True,drop_victim,victim_7_,"(10, 9)",7,35,0.375,33.300435304641724,Argo,True,True
mission_nocomm,PA74,nowill,860,1752587460,"(3, 9)",D1,True,take_victim,victim_8_,"(11, 9)",8,35,0.4375,33.300435304641724,Argo,False,
mission_nocomm,PA74,nowill,880,1752587462,"(11, 9)",D1,True,drop_victim,victim_8_,"(11, 9)",8,40,0.4375,33.300435304641724,Argo,True,True
mission_nocomm,PA74,nowill,936,1752587468,"(9, 16)",C1,True,take_victim,victim_9_,"(8, 10)",9,40,0.5,33.300435304641724,Argo,False,
mission_nocomm,PA74,nowill,1012,1752587476,"(8, 10)",C1,True,drop_victim,victim_9_,"(8, 10)",9,45,0.5,33.300435304641724,Argo,True,True
mission_nocomm,PA74,nowill,1032,1752587478,"(1, 8)",D2,True,take_victim,victim_13_,"(8, 11)",13,45,0.5625,33.300435304641724,Argo,False,
mission_nocomm,PA74,human,1037,1752587478,"(7, 3)",A1,True,take_victim,victim_10_,"(9, 10)",10,45,0.5625,33.300435304641724,Argo,False,
mission_nocomm,PA74,human,1067,1752587481,"(9, 10)",A1,True,drop_victim,victim_10_,"(9, 10)",10,50,0.5625,33.300435304641724,Argo,True,True
mission_nocomm,PA74,human,1087,1752587483,"(10, 2)",A2,True,take_victim,victim_11_,"(10, 10)",11,50,0.625,33.300435304641724,Argo,False,
mission_nocomm,PA74,human,1116,1752587487,"(10, 10)",A2,True,drop_victim,victim_11_,"(10, 10)",11,55,0.625,33.300435304641724,Argo,True,True
mission_nocomm,PA74,human,1220,1752587497,"(18, 7)",B2,True,take_victim,victim_12_,"(11, 10)",12,55,0.6875,43.1392822265625,Argo,False,
mission_nocomm,PA74,human,1293,1752587505,"(11, 10)",B2,True,drop_victim,victim_12_,"(11, 10)",12,60,0.6875,49.318371057510376,Argo,True,True
mission_nocomm,PA74,nowill,1294,1752587505,"(8, 11)",D2,True,drop_victim,victim_13_,"(8, 11)",13,65,0.75,49.318371057510376,Argo,True,True
mission_nocomm,PA74,human,1335,1752587509,"(8, 1)",A2,True,take_victim,victim_14_,"(9, 11)",14,65,0.8125,49.318371057510376,Argo,False,
mission_nocomm,PA74,human,1364,1752587512,"(9, 11)",A2,True,drop_victim,victim_14_,"(9, 11)",14,70,0.8125,49.318371057510376,Argo,True,True
mission_nocomm,PA74,nowill,1374,1752587514,"(10, 18)",C2,True,take_victim,victim_15_,"(10, 11)",15,70,0.875,49.318371057510376,Argo,False,
mission_nocomm,PA74,human,1455,1752587522,"(10, 15)",C1,False,take_victim,victim_16_,"(11, 11)",16,70,0.875,56.35216927528381,Argo,False,
mission_nocomm,PA74,nowill,1476,1752587524,"(10, 11)",C2,True,drop_victim,victim_15_,"(10, 11)",15,75,0.875,57.82117009162903,Argo,True,True
mission_nocomm,PA74,human,1499,1752587527,"(11, 11)",C1,False,drop_victim,victim_16_,"(11, 11)",16,80,0.9375,59.70680832862854,Argo,True,True
mission_comm,PA73,nowill,83,1752245780,"(10, 18)",C2,True,take_victim,victim_2_,"(9, 8)",2,0,0.0,1.0442321300506592,Argo,False,
mission_comm,PA73,human,213,1752245794,"(15, 7)",B1,True,take_victim,victim_1_,"(8, 8)",1,0,0.0,15.301544189453123,Argo,False,
mission_comm,PA73,human,269,1752245800,"(8, 8)",B1,True,drop_victim,victim_1_,"(8, 8)",1,5,0.0,18.535033226013184,Argo,True,True
mission_comm,PA73,nowill,270,1752245800,"(9, 8)",C2,True,drop_victim,victim_2_,"(9, 8)",2,10,0.0625,18.535033226013184,Argo,True,True
mission_comm,PA73,nowill,286,1752245801,"(4, 10)",D1,True,take_victim,victim_3_,"(10, 8)",3,10,0.125,18.535033226013184,Argo,False,
mission_comm,PA73,nowill,302,1752245803,"(10, 8)",D1,True,drop_victim,victim_3_,"(10, 8)",3,15,0.125,18.535033226013184,Argo,True,True
mission_comm,PA73,human,326,1752245806,"(1, 12)",D2,False,take_victim,victim_4_,"(11, 8)",4,15,0.1875,18.535033226013184,Argo,False,
mission_comm,PA73,nowill,326,1752245806,"(1, 12)",D2,True,take_victim,victim_4_,"(11, 8)",4,15,0.1875,18.535033226013184,Argo,False,
mission_comm,PA73,nowill,350,1752245808,"(11, 8)",D2,True,drop_victim,victim_4_,"(11, 8)",4,20,0.1875,18.535033226013184,Argo,True,True
mission_comm,PA73,human,368,1752245810,"(3, 7)",D1,False,take_victim,victim_5_,"(8, 9)",5,20,0.25,18.535033226013184,Argo,False,
mission_comm,PA73,nowill,372,1752245810,"(3, 7)",D1,True,take_victim,victim_5_,"(8, 9)",5,20,0.25,18.535033226013184,Argo,False,
mission_comm,PA73,human,545,1752245828,"(7, 16)",C1,False,take_victim,victim_6_,"(9, 9)",6,20,0.25,32.235764026641846,Argo,False,
mission_comm,PA73,human,568,1752245831,"(7, 16)",C1,False,take_victim,victim_6_,"(9, 9)",6,20,0.25,34.66298222541809,Argo,False,
mission_comm,PA73,human,656,1752245840,"(8, 9)",D2,False,take_victim,victim_4_,"(11, 8)",4,20,0.25,38.83779621124267,Argo,False,
mission_comm,PA73,human,675,1752245842,"(11, 8)",D2,False,drop_victim,victim_4_,"(11, 8)",4,25,0.25,38.83779621124267,Argo,True,True
mission_comm,PA73,nowill,676,1752245842,"(8, 9)",D1,True,drop_victim,victim_5_,"(8, 9)",5,30,0.3125,38.83779621124267,Argo,True,True
mission_comm,PA73,nowill,732,1752245848,"(7, 16)",C1,True,take_victim,victim_6_,"(9, 9)",6,30,0.375,38.8380401134491,Argo,False,
mission_comm,PA73,human,798,1752245855,"(18, 12)",B2,True,take_victim,victim_7_,"(10, 9)",7,30,0.375,45.91777229309082,Argo,False,
mission_comm,PA73,nowill,810,1752245856,"(9, 9)",C1,True,drop_victim,victim_6_,"(9, 9)",6,35,0.375,47.168397188186646,Argo,True,True
mission_comm,PA73,nowill,880,1752245863,"(9, 17)",C2,True,take_victim,victim_10_,"(9, 10)",10,35,0.4375,52.79690337181091,Argo,False,
mission_comm,PA73,human,899,1752245865,"(10, 9)",B2,True,drop_victim,victim_7_,"(10, 9)",7,40,0.4375,52.79690337181091,Argo,True,True
mission_comm,PA73,human,932,1752245869,"(10, 1)",A2,True,take_victim,victim_8_,"(11, 9)",8,40,0.5,52.79690337181091,Argo,False,
mission_comm,PA73,human,960,1752245872,"(11, 9)",A2,True,drop_victim,victim_8_,"(11, 9)",8,45,0.5,52.79690337181091,Argo,True,True
mission_comm,PA73,human,1078,1752245884,"(17, 10)",B2,True,take_victim,victim_9_,"(8, 10)",9,45,0.5625,59.489341259002686,Argo,False,
mission_comm,PA73,human,1150,1752245892,"(7, 10)",B2,True,take_victim,victim_9_,"(8, 10)",9,45,0.5625,64.52649450302124,Argo,False,
mission_comm,PA73,human,1158,1752245893,"(8, 10)",B2,True,drop_victim,victim_9_,"(8, 10)",9,50,0.5625,64.52649450302124,Argo,True,True
mission_comm,PA73,nowill,1159,1752245893,"(9, 10)",C2,True,drop_victim,victim_10_,"(9, 10)",10,55,0.625,64.52649450302124,Argo,True,True
mission_comm,PA73,nowill,1179,1752245895,"(2, 10)",D2,True,take_victim,victim_15_,"(10, 11)",15,55,0.6875,64.52649450302124,Argo,False,
mission_comm,PA73,human,1251,1752245902,"(11, 4)",A1,True,take_victim,victim_12_,"(11, 10)",12,55,0.6875,64.52649450302124,Argo,False,
mission_comm,PA73,human,1279,1752245905,"(11, 11)",A1,True,take_victim,victim_12_,"(11, 10)",12,55,0.6875,64.52649450302124,Argo,False,
mission_comm,PA73,human,1288,1752245906,"(11, 10)",A1,True,drop_victim,victim_12_,"(11, 10)",12,57,0.6875,64.52649450302124,Argo,True,False
mission_comm,PA73,human,1350,1752245913,"(9, 2)",A2,True,take_victim,victim_13_,"(8, 11)",13,57,0.75,64.52649450302124,Argo,False,
mission_comm,PA73,human,1378,1752245916,"(8, 11)",A2,True,drop_victim,victim_13_,"(8, 11)",13,59,0.75,64.52649450302124,Argo,True,False
mission_comm,PA73,human,1406,1752245919,"(7, 3)",A1,True,take_victim,victim_14_,"(9, 11)",14,59,0.8125,64.52649450302124,Argo,False,
mission_comm,PA73,human,1442,1752245922,"(9, 11)",A1,True,drop_victim,victim_14_,"(9, 11)",14,61,0.8125,64.52649450302124,Argo,True,False
mission_comm,PA73,human,1540,1752245933,"(16, 9)",B1,True,take_victim,victim_11_,"(10, 10)",11,61,0.875,72.48464155197144,Argo,False,
mission_comm,PA73,human,1597,1752245939,"(10, 10)",B1,True,drop_victim,victim_11_,"(10, 10)",11,66,0.875,76.53294658660889,Argo,True,True
mission_comm,PA73,nowill,1598,1752245939,"(10, 11)",D2,True,drop_victim,victim_15_,"(10, 11)",15,71,0.9375,76.53294658660889,Argo,True,True
mission_comm,PA73,will,45,1752246132,"(15, 11)",B1,True,take_victim,victim_3_,"(10, 8)",3,0,0.0,0.0,Bolt,False,
mission_comm,PA73,human,64,1752246134,"(10, 3)",A1,True,take_victim,victim_1_,"(8, 8)",1,0,0.0,0.0,Bolt,False,
mission_comm,PA73,human,97,1752246138,"(8, 8)",A1,True,drop_victim,victim_1_,"(8, 8)",1,5,0.0,0.0,Bolt,True,True
mission_comm,PA73,human,121,1752246140,"(7, 1)",A2,True,take_victim,victim_2_,"(9, 8)",2,5,0.0625,0.0,Bolt,False,
mission_comm,PA73,human,159,1752246144,"(9, 8)",A2,True,drop_victim,victim_2_,"(9, 8)",2,10,0.0625,0.0,Bolt,True,True
mission_comm,PA73,will,160,1752246144,"(10, 8)",B1,True,drop_victim,victim_3_,"(10, 8)",3,15,0.125,0.0,Bolt,True,True
mission_comm,PA73,human,214,1752246150,"(3, 7)",D1,True,take_victim,victim_4_,"(11, 8)",4,15,0.1875,0.0,Bolt,False,
mission_comm,PA73,human,241,1752246153,"(11, 8)",D1,True,drop_victim,victim_4_,"(11, 8)",4,20,0.1875,0.0,Bolt,True,True
mission_comm,PA73,will,246,1752246153,"(10, 18)",C2,True,take_victim,victim_5_,"(8, 9)",5,20,0.25,0.0,Bolt,False,
mission_comm,PA73,human,275,1752246156,"(2, 8)",D2,True,take_victim,victim_6_,"(9, 9)",6,20,0.25,0.0,Bolt,False,
mission_comm,PA73,human,304,1752246159,"(9, 9)",D2,True,drop_victim,victim_6_,"(9, 9)",6,22,0.25,0.0,Bolt,True,False
mission_comm,PA73,human,326,1752246162,"(1, 9)",D2,True,take_victim,victim_13_,"(8, 11)",13,22,0.3125,0.0,Bolt,False,
mission_comm,PA73,will,352,1752246164,"(8, 9)",C2,True,drop_victim,victim_5_,"(8, 9)",5,27,0.3125,0.0,Bolt,True,True
mission_comm,PA73,human,361,1752246165,"(8, 11)",D2,True,drop_victim,victim_13_,"(8, 11)",13,29,0.375,0.0,Bolt,True,False
mission_comm,PA73,will,394,1752246169,"(8, 15)",C1,True,take_victim,victim_7_,"(10, 9)",7,29,0.4375,0.0,Bolt,False,
mission_comm,PA73,human,435,1752246173,"(12, 4)",A1,True,take_victim,victim_16_,"(11, 11)",16,29,0.4375,0.0,Bolt,False,
mission_comm,PA73,will,458,1752246176,"(10, 9)",C1,True,drop_victim,victim_7_,"(10, 9)",7,34,0.4375,0.0,Bolt,True,True
mission_comm,PA73,human,505,1752246181,"(11, 5)",A1,True,take_victim,victim_16_,"(11, 11)",16,34,0.5,0.0,Bolt,False,
mission_comm,PA73,will,526,1752246183,"(17, 11)",B2,True,take_victim,victim_8_,"(11, 9)",8,34,0.5,0.0,Bolt,False,
mission_comm,PA73,human,613,1752246192,"(16, 9)",B1,False,take_victim,victim_9_,"(8, 10)",9,34,0.5,8.051782846450806,Bolt,False,
mission_comm,PA73,will,614,1752246192,"(11, 9)",B2,True,drop_victim,victim_8_,"(11, 9)",8,39,0.5,8.149977922439575,Bolt,True,True
mission_comm,PA73,human,669,1752246198,"(8, 10)",B1,False,drop_victim,victim_9_,"(8, 10)",9,44,0.5625,12.233107805252075,Bolt,True,True
mission_comm,PA73,will,684,1752246199,"(8, 17)",C2,True,take_victim,victim_10_,"(9, 10)",10,44,0.625,12.233107805252075,Bolt,False,
mission_comm,PA73,human,767,1752246208,"(9, 2)",A2,True,take_victim,victim_11_,"(10, 10)",11,44,0.625,13.59618592262268,Bolt,False,
mission_comm,PA73,will,774,1752246209,"(9, 10)",C2,True,drop_victim,victim_10_,"(9, 10)",10,49,0.625,13.59618592262268,Bolt,True,True
mission_comm,PA73,human,799,1752246211,"(10, 10)",A2,True,drop_victim,victim_11_,"(10, 10)",11,54,0.6875,13.59618592262268,Bolt,True,True
mission_comm,PA73,will,858,1752246217,"(18, 9)",B2,True,take_victim,victim_12_,"(11, 10)",12,54,0.75,13.59618592262268,Bolt,False,
mission_comm,PA73,human,862,1752246218,"(4, 12)",D1,True,take_victim,victim_14_,"(9, 11)",14,54,0.75,13.59618592262268,Bolt,False,
mission_comm,PA73,will,960,1752246228,"(11, 10)",B2,True,drop_victim,victim_12_,"(11, 10)",12,59,0.75,13.59618592262268,Bolt,True,True
mission_comm,PA73,human,966,1752246229,"(9, 11)",D1,True,drop_victim,victim_14_,"(9, 11)",14,64,0.8125,13.59618592262268,Bolt,True,True
mission_comm,PA73,human,1004,1752246233,"(12, 6)",A1,True,take_victim,victim_16_,"(11, 11)",16,64,0.875,13.59618592262268,Bolt,False,
mission_comm,PA73,will,1014,1752246234,"(11, 16)",C1,True,take_victim,victim_15_,"(10, 11)",15,64,0.875,13.59618592262268,Bolt,False,
mission_comm,PA73,will,1088,1752246242,"(10, 11)",C1,True,drop_victim,victim_15_,"(10, 11)",15,69,0.875,13.59618592262268,Bolt,True,True
mission_comm,PA73,human,1093,1752246242,"(11, 11)",A1,True,drop_victim,victim_16_,"(11, 11)",16,74,0.9375,13.59618592262268,Bolt,True,True
mission_nocomm,PA45,nowill,17,1751454608,"(1, 7)",D2,True,take_victim,victim_2_,"(9, 8)",2,0,0.0,0.0,Argo,False,
mission_nocomm,PA45,human,230,1751454630,"(16, 10)",B1,True,take_victim,victim_1_,"(8, 8)",1,0,0.0,9.396752834320068,Argo,False,
mission_nocomm,PA45,human,305,1751454638,"(8, 8)",B1,True,drop_victim,victim_1_,"(8, 8)",1,5,0.0,13.706029176712036,Argo,True,True
mission_nocomm,PA45,nowill,306,1751454638,"(9, 8)",D2,True,drop_victim,victim_2_,"(9, 8)",2,10,0.0625,13.706029176712036,Argo,True,True
mission_nocomm,PA45,nowill,322,1751454640,"(4, 7)",D1,True,take_victim,victim_3_,"(10, 8)",3,10,0.125,13.706029176712036,Argo,False,
mission_nocomm,PA45,nowill,338,1751454642,"(10, 8)",D1,True,drop_victim,victim_3_,"(10, 8)",3,15,0.125,13.706029176712036,Argo,True,True
mission_nocomm,PA45,nowill,382,1751454646,"(8, 15)",C1,True,take_victim,victim_5_,"(8, 9)",5,15,0.1875,13.706029176712036,Argo,False,
mission_nocomm,PA45,human,385,1751454647,"(10, 3)",A1,True,take_victim,victim_4_,"(11, 8)",4,15,0.1875,13.706029176712036,Argo,False,
mission_nocomm,PA45,human,404,1751454649,"(11, 8)",A1,True,drop_victim,victim_4_,"(11, 8)",4,20,0.1875,13.706029176712036,Argo,True,True
mission_nocomm,PA45,nowill,446,1751454653,"(8, 9)",C1,True,drop_victim,victim_5_,"(8, 9)",5,25,0.25,13.706029176712036,Argo,True,True
mission_nocomm,PA45,human,506,1751454659,"(15, 7)",B1,True,take_victim,victim_7_,"(10, 9)",7,25,0.3125,19.365285396575928,Argo,False,
mission_nocomm,PA45,nowill,516,1751454660,"(9, 17)",C2,True,take_victim,victim_6_,"(9, 9)",6,25,0.3125,20.298421144485474,Argo,False,
mission_nocomm,PA45,nowill,608,1751454670,"(9, 9)",C2,True,drop_victim,victim_6_,"(9, 9)",6,30,0.3125,23.66709327697754,Argo,True,True
mission_nocomm,PA45,human,620,1751454671,"(10, 9)",B1,True,drop_victim,victim_7_,"(10, 9)",7,35,0.375,23.66709327697754,Argo,True,True
mission_nocomm,PA45,nowill,664,1751454676,"(12, 16)",C1,True,take_victim,victim_8_,"(11, 9)",8,35,0.4375,23.66709327697754,Argo,False,
mission_nocomm,PA45,human,695,1751454679,"(8, 2)",A2,True,take_victim,victim_10_,"(9, 10)",10,35,0.4375,23.66709327697754,Argo,False,
mission_nocomm,PA45,nowill,754,1751454685,"(11, 9)",C1,True,drop_victim,victim_8_,"(11, 9)",8,40,0.4375,23.66709327697754,Argo,True,True
mission_nocomm,PA45,nowill,838,1751454694,"(7, 18)",C2,True,take_victim,victim_9_,"(8, 10)",9,40,0.5,23.66709327697754,Argo,False,
mission_nocomm,PA45,nowill,942,1751454705,"(8, 10)",C2,True,drop_victim,victim_9_,"(8, 10)",9,45,0.5,23.66709327697754,Argo,True,True
mission_nocomm,PA45,human,947,1751454705,"(9, 10)",A2,True,drop_victim,victim_10_,"(9, 10)",10,50,0.5625,23.66709327697754,Argo,True,True
mission_nocomm,PA45,nowill,960,1751454707,"(2, 8)",D2,True,take_victim,victim_13_,"(8, 11)",13,50,0.625,23.66709327697754,Argo,False,
mission_nocomm,PA45,human,1042,1751454715,"(17, 12)",B2,True,take_victim,victim_11_,"(10, 10)",11,50,0.625,29.83290719985962,Argo,False,
mission_nocomm,PA45,human,1129,1751454724,"(10, 10)",B2,True,drop_victim,victim_11_,"(10, 10)",11,55,0.625,37.46281433105469,Argo,True,True
mission_nocomm,PA45,human,1219,1751454734,"(18, 9)",B2,True,take_victim,victim_12_,"(11, 10)",12,55,0.6875,44.460564374923706,Argo,False,
mission_nocomm,PA45,human,1297,1751454742,"(11, 10)",B2,True,drop_victim,victim_12_,"(11, 10)",12,60,0.6875,50.63123822212219,Argo,True,True
mission_nocomm,PA45,nowill,1298,1751454742,"(8, 11)",D2,True,drop_victim,victim_13_,"(8, 11)",13,65,0.75,50.63123822212219,Argo,True,True
mission_nocomm,PA45,nowill,1314,1751454744,"(3, 10)",D1,True,take_victim,victim_15_,"(10, 11)",15,65,0.8125,50.63123822212219,Argo,False,
mission_nocomm,PA45,human,1329,1751454745,"(12, 1)",A2,True,take_victim,victim_14_,"(9, 11)",14,65,0.8125,50.63123822212219,Argo,False,
mission_nocomm,PA45,human,1365,1751454749,"(9, 11)",A2,True,drop_victim,victim_14_,"(9, 11)",14,70,0.8125,50.63123822212219,Argo,True,True
mission_nocomm,PA45,nowill,1366,1751454749,"(10, 11)",D1,True,drop_victim,victim_15_,"(10, 11)",15,75,0.875,50.63123822212219,Argo,True,True
mission_nocomm,PA45,human,1394,1751454752,"(7, 4)",A1,True,take_victim,victim_16_,"(11, 11)",16,75,0.9375,50.63123822212219,Argo,False,
mission_nocomm,PA45,human,1429,1751454756,"(11, 11)",A1,True,drop_victim,victim_16_,"(11, 11)",16,80,0.9375,50.63123822212219,Argo,True,True
mission_nocomm,PA45,will,11,1751455019,"(4, 10)",D1,True,take_victim,victim_1_,"(8, 8)",1,0,0.0,0.0,Bolt,False,
mission_nocomm,PA45,will,23,1751455020,"(8, 8)",D1,True,drop_victim,victim_1_,"(8, 8)",1,5,0.0,0.0,Bolt,True,True
mission_nocomm,PA45,will,41,1751455022,"(2, 8)",D2,True,take_victim,victim_2_,"(9, 8)",2,5,0.0625,0.0,Bolt,False,
mission_nocomm,PA45,will,59,1751455024,"(9, 8)",D2,True,drop_victim,victim_2_,"(9, 8)",2,10,0.0625,0.0,Bolt,True,True
mission_nocomm,PA45,human,117,1751455030,"(7, 1)",A2,True,take_victim,victim_4_,"(11, 8)",4,10,0.125,0.0,Bolt,False,
mission_nocomm,PA45,will,145,1751455033,"(9, 18)",C2,True,take_victim,victim_3_,"(10, 8)",3,10,0.125,0.0,Bolt,False,
mission_nocomm,PA45,will,253,1751455044,"(10, 8)",C2,True,drop_victim,victim_3_,"(10, 8)",3,15,0.125,0.0,Bolt,True,True
mission_nocomm,PA45,human,259,1751455045,"(11, 8)",A2,True,drop_victim,victim_4_,"(11, 8)",4,20,0.1875,0.0,Bolt,True,True
mission_nocomm,PA45,will,297,1751455049,"(11, 15)",C1,True,take_victim,victim_8_,"(11, 9)",8,20,0.25,1.364475965499878,Bolt,False,
mission_nocomm,PA45,human,343,1751455054,"(17, 11)",B2,True,take_victim,victim_5_,"(8, 9)",5,20,0.25,6.483639717102051,Bolt,False,
mission_nocomm,PA45,human,416,1751455061,"(8, 9)",B2,True,drop_victim,victim_5_,"(8, 9)",5,25,0.25,11.689487934112549,Bolt,True,True
mission_nocomm,PA45,human,470,1751455067,"(15, 10)",B1,True,take_victim,victim_6_,"(9, 9)",6,25,0.3125,14.520021677017212,Bolt,False,
mission_nocomm,PA45,human,520,1751455072,"(9, 9)",B1,True,drop_victim,victim_6_,"(9, 9)",6,30,0.3125,17.756593704223633,Bolt,True,True
mission_nocomm,PA45,human,651,1751455086,"(16, 12)",B1,True,take_victim,victim_7_,"(10, 9)",7,30,0.375,28.97878384590149,Bolt,False,
mission_nocomm,PA45,human,719,1751455093,"(10, 9)",B1,True,drop_victim,victim_7_,"(10, 9)",7,35,0.375,34.20698380470276,Bolt,True,True
mission_nocomm,PA45,will,720,1751455093,"(11, 9)",C1,True,drop_victim,victim_8_,"(11, 9)",8,40,0.4375,34.20698380470276,Bolt,True,True
mission_nocomm,PA45,will,746,1751455096,"(1, 9)",D2,True,take_victim,victim_11_,"(10, 10)",11,40,0.5,34.20698380470276,Bolt,False,
mission_nocomm,PA45,human,758,1751455097,"(11, 3)",A1,True,take_victim,victim_9_,"(8, 10)",9,40,0.5,34.20698380470276,Bolt,False,
mission_nocomm,PA45,human,787,1751455100,"(8, 10)",A1,True,drop_victim,victim_9_,"(8, 10)",9,45,0.5,34.20698380470276,Bolt,True,True
mission_nocomm,PA45,human,824,1751455104,"(10, 2)",A2,True,take_victim,victim_10_,"(9, 10)",10,45,0.5625,34.20698380470276,Bolt,False,
mission_nocomm,PA45,human,844,1751455106,"(9, 10)",A2,True,drop_victim,victim_10_,"(9, 10)",10,50,0.5625,34.20698380470276,Bolt,True,True
mission_nocomm,PA45,will,845,1751455106,"(10, 10)",D2,True,drop_victim,victim_11_,"(10, 10)",11,55,0.625,34.20698380470276,Bolt,True,True
mission_nocomm,PA45,will,913,1751455113,"(7, 17)",C2,True,take_victim,victim_12_,"(11, 10)",12,55,0.6875,38.90976667404175,Bolt,False,
mission_nocomm,PA45,will,1003,1751455123,"(11, 10)",C2,True,drop_victim,victim_12_,"(11, 10)",12,60,0.6875,45.50937747955322,Bolt,True,True
mission_nocomm,PA45,will,1025,1751455125,"(3, 12)",D1,True,take_victim,victim_13_,"(8, 11)",13,60,0.75,47.393075466156006,Bolt,False,
mission_nocomm,PA45,human,1029,1751455125,"(18, 8)",B2,True,take_victim,victim_15_,"(10, 11)",15,60,0.75,48.327974796295166,Bolt,False,
mission_nocomm,PA45,will,1039,1751455126,"(8, 11)",D1,True,drop_victim,victim_13_,"(8, 11)",13,65,0.75,48.74658942222595,Bolt,True,True
mission_nocomm,PA45,will,1091,1751455132,"(12, 16)",C1,True,take_victim,victim_14_,"(9, 11)",14,65,0.8125,54.409825563430786,Bolt,False,
mission_nocomm,PA45,will,1165,1751455140,"(9, 11)",C1,True,drop_victim,victim_14_,"(9, 11)",14,70,0.8125,54.409825563430786,Bolt,True,True
mission_nocomm,PA45,human,1174,1751455141,"(10, 11)",B2,True,drop_victim,victim_15_,"(10, 11)",15,75,0.875,54.409825563430786,Bolt,True,True
mission_nocomm,PA45,human,1198,1751455143,"(8, 4)",A1,True,take_victim,victim_16_,"(11, 11)",16,75,0.9375,54.409825563430786,Bolt,False,
mission_nocomm,PA45,human,1243,1751455148,"(11, 11)",A1,True,drop_victim,victim_16_,"(11, 11)",16,80,0.9375,55.45604348182678,Bolt,True,True
mission_comm,PA42,nowill,73,1751375342,"(17, 7)",B2,True,take_victim,victim_1_,"(8, 8)",1,0,0.0,0.0,Bolt,False,
mission_comm,PA42,nowill,167,1751375351,"(8, 8)",B2,True,drop_victim,victim_1_,"(8, 8)",1,5,0.0,0.0,Bolt,True,True
mission_comm,PA42,nowill,225,1751375357,"(7, 16)",C1,True,take_victim,victim_2_,"(9, 8)",2,5,0.0625,0.0,Bolt,False,
mission_comm,PA42,nowill,305,1751375366,"(9, 8)",C1,True,drop_victim,victim_2_,"(9, 8)",2,10,0.0625,0.0,Bolt,True,True
mission_comm,PA42,nowill,377,1751375373,"(8, 17)",C2,True,take_victim,victim_3_,"(10, 8)",3,10,0.125,0.0,Bolt,False,
mission_comm,PA42,nowill,471,1751375383,"(10, 8)",C2,True,drop_victim,victim_3_,"(10, 8)",3,15,0.125,0.0,Bolt,True,True
mission_comm,PA42,nowill,553,1751375392,"(18, 11)",B2,True,take_victim,victim_5_,"(8, 9)",5,15,0.1875,0.0,Bolt,False,
mission_comm,PA42,human,751,1751375413,"(1, 9)",D2,False,take_victim,victim_4_,"(11, 8)",4,15,0.1875,0.0,Bolt,False,
mission_comm,PA42,human,792,1751375417,"(12, 8)",D2,False,take_victim,victim_4_,"(11, 8)",4,15,0.1875,0.0,Bolt,False,
mission_comm,PA42,human,799,1751375418,"(11, 8)",D2,False,drop_victim,victim_4_,"(11, 8)",4,20,0.1875,0.0,Bolt,True,True
mission_comm,PA42,nowill,800,1751375418,"(8, 9)",B2,True,drop_victim,victim_5_,"(8, 9)",5,25,0.25,0.0,Bolt,True,True
mission_comm,PA42,nowill,842,1751375422,"(8, 15)",C1,True,take_victim,victim_6_,"(9, 9)",6,25,0.3125,0.0,Bolt,False,
mission_comm,PA42,human,862,1751375424,"(4, 12)",D1,False,take_victim,victim_7_,"(10, 9)",7,25,0.3125,0.0,Bolt,False,
mission_comm,PA42,nowill,906,1751375429,"(9, 9)",C1,True,drop_victim,victim_6_,"(9, 9)",6,30,0.3125,0.0,Bolt,True,True
mission_comm,PA42,human,927,1751375431,"(10, 9)",D1,False,drop_victim,victim_7_,"(10, 9)",7,35,0.375,0.0,Bolt,True,True
mission_comm,PA42,nowill,948,1751375433,"(15, 9)",B1,True,take_victim,victim_13_,"(8, 11)",13,35,0.4375,0.0,Bolt,False,
mission_comm,PA42,human,954,1751375434,"(10, 2)",A2,True,take_victim,victim_8_,"(11, 9)",8,35,0.4375,0.0,Bolt,False,
mission_comm,PA42,human,982,1751375437,"(12, 9)",A2,True,take_victim,victim_8_,"(11, 9)",8,35,0.4375,0.0,Bolt,False,
mission_comm,PA42,human,988,1751375438,"(11, 9)",A2,True,drop_victim,victim_8_,"(11, 9)",8,40,0.4375,0.0,Bolt,True,True
mission_comm,PA42,human,1030,1751375442,"(12, 3)",A1,True,take_victim,victim_9_,"(8, 10)",9,40,0.5,0.0,Bolt,False,
mission_comm,PA42,human,1062,1751375445,"(8, 10)",A1,True,drop_victim,victim_9_,"(8, 10)",9,45,0.5,0.0,Bolt,True,True
mission_comm,PA42,human,1115,1751375451,"(3, 10)",D1,False,take_victim,victim_10_,"(9, 10)",10,45,0.5625,0.0,Bolt,False,
mission_comm,PA42,human,1138,1751375453,"(9, 10)",D1,False,drop_victim,victim_10_,"(9, 10)",10,50,0.5625,0.0,Bolt,True,True
mission_comm,PA42,human,1162,1751375456,"(2, 10)",D2,False,take_victim,victim_11_,"(10, 10)",11,50,0.625,0.0,Bolt,False,
mission_comm,PA42,human,1183,1751375458,"(10, 10)",D2,False,drop_victim,victim_11_,"(10, 10)",11,55,0.625,0.0,Bolt,True,True
mission_comm,PA42,human,1203,1751375460,"(11, 4)",A1,True,take_victim,victim_12_,"(11, 10)",12,55,0.6875,0.0,Bolt,False,
mission_comm,PA42,human,1231,1751375463,"(11, 11)",A1,True,take_victim,victim_12_,"(11, 10)",12,55,0.6875,0.0,Bolt,False,
mission_comm,PA42,human,1236,1751375463,"(11, 10)",A1,True,drop_victim,victim_12_,"(11, 10)",12,60,0.6875,0.0,Bolt,True,True
mission_comm,PA42,nowill,1237,1751375464,"(8, 11)",B1,True,drop_victim,victim_13_,"(8, 11)",13,65,0.75,0.0,Bolt,True,True
mission_comm,PA42,nowill,1295,1751375470,"(16, 7)",B1,True,take_victim,victim_14_,"(9, 11)",14,65,0.8125,0.0,Bolt,False,
mission_comm,PA42,human,1309,1751375471,"(7, 1)",A2,True,take_victim,victim_16_,"(11, 11)",16,65,0.8125,0.0,Bolt,False,
mission_comm,PA42,nowill,1373,1751375478,"(9, 11)",B1,True,drop_victim,victim_14_,"(9, 11)",14,70,0.8125,2.000509262084961,Bolt,True,True
mission_comm,PA42,nowill,1453,1751375486,"(10, 18)",C2,True,take_victim,victim_15_,"(10, 11)",15,70,0.875,10.469597339630129,Bolt,False,
mission_comm,PA42,human,1507,1751375492,"(7, 1)",A2,True,take_victim,victim_16_,"(11, 11)",16,70,0.875,10.469597339630129,Bolt,False,
mission_comm,PA42,nowill,1555,1751375497,"(10, 11)",C2,True,drop_victim,victim_15_,"(10, 11)",15,75,0.875,10.469597339630129,Bolt,True,True
mission_comm,PA42,human,1564,1751375498,"(11, 11)",A2,True,drop_victim,victim_16_,"(11, 11)",16,80,0.9375,10.469597339630129,Bolt,True,True
mission_comm,PA42,will,21,1751375702,"(8, 1)",A2,True,take_victim,victim_2_,"(9, 8)",2,0,0.0,0.0,Argo,False,
mission_comm,PA42,human,62,1751375706,"(3, 8)",D1,False,take_victim,victim_1_,"(8, 8)",1,0,0.0,0.0,Argo,False,
mission_comm,PA42,human,77,1751375707,"(8, 8)",D1,False,drop_victim,victim_1_,"(8, 8)",1,5,0.0,0.0,Argo,True,True
mission_comm,PA42,will,78,1751375707,"(9, 8)",A2,True,drop_victim,victim_2_,"(9, 8)",2,10,0.0625,0.0,Argo,True,True
mission_comm,PA42,will,120,1751375712,"(15, 12)",B1,True,take_victim,victim_3_,"(10, 8)",3,10,0.125,0.0,Argo,False,
mission_comm,PA42,will,182,1751375718,"(10, 8)",B1,True,drop_victim,victim_3_,"(10, 8)",3,15,0.125,0.0,Argo,True,True
mission_comm,PA42,human,264,1751375727,"(12, 2)",A2,True,take_victim,victim_5_,"(8, 9)",5,15,0.1875,0.0,Argo,False,
mission_comm,PA42,will,264,1751375727,"(18, 10)",B2,True,take_victim,victim_4_,"(11, 8)",4,15,0.1875,0.0,Argo,False,
mission_comm,PA42,human,292,1751375730,"(8, 9)",A2,True,drop_victim,victim_5_,"(8, 9)",5,17,0.1875,0.0,Argo,True,False
mission_comm,PA42,human,363,1751375737,"(12, 4)",A1,True,take_victim,victim_6_,"(9, 9)",6,17,0.25,0.0,Argo,False,
mission_comm,PA42,will,366,1751375738,"(11, 8)",B2,True,drop_victim,victim_4_,"(11, 8)",4,22,0.25,0.0,Argo,True,True
mission_comm,PA42,human,387,1751375740,"(9, 10)",A1,True,take_victim,victim_6_,"(9, 9)",6,22,0.3125,0.0,Argo,False,
mission_comm,PA42,human,394,1751375741,"(9, 9)",A1,True,drop_victim,victim_6_,"(9, 9)",6,27,0.3125,0.0,Argo,True,True
mission_comm,PA42,human,419,1751375743,"(1, 11)",D2,False,take_victim,victim_7_,"(10, 9)",7,27,0.375,0.0,Argo,False,
mission_comm,PA42,will,432,1751375745,"(17, 7)",B2,True,take_victim,victim_11_,"(10, 10)",11,27,0.375,0.0,Argo,False,
mission_comm,PA42,human,455,1751375747,"(10, 9)",D2,False,drop_victim,victim_7_,"(10, 9)",7,32,0.375,0.0,Argo,True,True
mission_comm,PA42,human,471,1751375749,"(4, 9)",D1,False,take_victim,victim_8_,"(11, 9)",8,32,0.4375,0.0,Argo,False,
mission_comm,PA42,human,493,1751375751,"(12, 9)",D1,False,take_victim,victim_8_,"(11, 9)",8,32,0.4375,0.0,Argo,False,
mission_comm,PA42,human,498,1751375752,"(11, 9)",D1,False,drop_victim,victim_8_,"(11, 9)",8,37,0.4375,0.0,Argo,True,True
mission_comm,PA42,human,592,1751375761,"(10, 17)",C2,False,take_victim,victim_9_,"(8, 10)",9,37,0.5,6.262289047241211,Argo,False,
mission_comm,PA42,human,694,1751375772,"(8, 10)",C2,False,drop_victim,victim_9_,"(8, 10)",9,42,0.5,13.086332082748411,Argo,True,True
mission_comm,PA42,human,924,1751375796,"(11, 18)",C2,False,take_victim,victim_10_,"(9, 10)",10,42,0.5625,33.355525493621826,Argo,False,
mission_comm,PA42,human,1043,1751375809,"(9, 10)",C2,False,drop_victim,victim_10_,"(9, 10)",10,47,0.5625,43.633939266204834,Argo,True,True
mission_comm,PA42,will,1044,1751375809,"(10, 10)",B2,True,drop_victim,victim_11_,"(10, 10)",11,52,0.625,43.633939266204834,Argo,True,True
mission_comm,PA42,will,1098,1751375814,"(16, 7)",B1,True,take_victim,victim_13_,"(8, 11)",13,52,0.6875,44.677412271499634,Argo,False,
mission_comm,PA42,human,1113,1751375816,"(8, 16)",C1,False,take_victim,victim_12_,"(11, 10)",12,52,0.6875,46.983198404312134,Argo,False,
mission_comm,PA42,human,1193,1751375824,"(11, 10)",C1,False,drop_victim,victim_12_,"(11, 10)",12,57,0.6875,52.14498734474182,Argo,True,True
mission_comm,PA42,will,1194,1751375825,"(8, 11)",B1,True,drop_victim,victim_13_,"(8, 11)",13,62,0.75,52.14498734474182,Argo,True,True
mission_comm,PA42,will,1216,1751375827,"(8, 3)",A1,True,take_victim,victim_15_,"(10, 11)",15,62,0.8125,52.14498734474182,Argo,False,
mission_comm,PA42,human,1325,1751375838,"(11, 15)",C1,False,take_victim,victim_14_,"(9, 11)",14,62,0.8125,60.61399030685425,Argo,False,
mission_comm,PA42,human,1377,1751375844,"(9, 11)",C1,False,drop_victim,victim_14_,"(9, 11)",14,67,0.8125,64.07396650314331,Argo,True,True
mission_comm,PA42,will,1378,1751375844,"(10, 11)",A1,True,drop_victim,victim_15_,"(10, 11)",15,72,0.875,64.07396650314331,Argo,True,True
mission_comm,PA42,human,1411,1751375847,"(2, 7)",D2,False,take_victim,victim_16_,"(11, 11)",16,72,0.9375,64.07396650314331,Argo,False,
mission_comm,PA42,human,1449,1751375851,"(11, 11)",D2,False,drop_victim,victim_16_,"(11, 11)",16,77,0.9375,64.07396650314331,Argo,True,True
mission_nocomm,PA16,human,46,1750058009,"(3, 8)",D1,True,take_victim,victim_1_,"(8, 8)",1,0,0.0,0.0,Bolt,False,
mission_nocomm,PA16,will,55,1750058010,"(10, 16)",C1,True,take_victim,victim_2_,"(9, 8)",2,0,0.0,0.0,Bolt,False,
mission_nocomm,PA16,human,73,1750058012,"(9, 8)",D1,True,take_victim,victim_1_,"(8, 8)",1,0,0.0,0.0,Bolt,False,
mission_nocomm,PA16,human,81,1750058013,"(8, 8)",D1,True,drop_victim,victim_1_,"(8, 8)",1,5,0.0,0.0,Bolt,True,True
mission_nocomm,PA16,will,135,1750058018,"(9, 8)",C1,True,drop_victim,victim_2_,"(9, 8)",2,10,0.0625,0.0,Bolt,True,True
mission_nocomm,PA16,human,177,1750058023,"(1, 11)",D2,True,take_victim,victim_4_,"(11, 8)",4,10,0.125,0.0,Bolt,False,
mission_nocomm,PA16,will,191,1750058024,"(16, 7)",B1,True,take_victim,victim_3_,"(10, 8)",3,10,0.125,0.0,Bolt,False,
mission_nocomm,PA16,will,267,1750058032,"(10, 8)",B1,True,drop_victim,victim_3_,"(10, 8)",3,15,0.125,0.0,Bolt,True,True
mission_nocomm,PA16,human,286,1750058034,"(11, 8)",D2,True,drop_victim,victim_4_,"(11, 8)",4,20,0.1875,0.0,Bolt,True,True
mission_nocomm,PA16,will,311,1750058037,"(11, 15)",C1,True,take_victim,victim_5_,"(8, 9)",5,20,0.25,0.0,Bolt,False,
mission_nocomm,PA16,human,345,1750058040,"(9, 4)",A1,True,take_victim,victim_6_,"(9, 9)",6,20,0.25,0.0,Bolt,False,
mission_nocomm,PA16,will,375,1750058044,"(8, 9)",C1,True,drop_victim,victim_5_,"(8, 9)",5,25,0.25,0.0,Bolt,True,True
mission_nocomm,PA16,human,389,1750058045,"(9, 9)",A1,True,drop_victim,victim_6_,"(9, 9)",6,30,0.3125,0.0,Bolt,True,True
mission_nocomm,PA16,will,447,1750058051,"(17, 7)",B2,True,take_victim,victim_7_,"(10, 9)",7,30,0.375,0.0,Bolt,False,
mission_nocomm,PA16,human,449,1750058051,"(4, 11)",D1,True,take_victim,victim_8_,"(11, 9)",8,30,0.375,0.0,Bolt,False,
mission_nocomm,PA16,will,537,1750058061,"(10, 9)",B2,True,drop_victim,victim_7_,"(10, 9)",7,35,0.375,0.0,Bolt,True,True
mission_nocomm,PA16,human,543,1750058061,"(11, 9)",D1,True,drop_victim,victim_8_,"(11, 9)",8,40,0.4375,0.0,Bolt,True,True
mission_nocomm,PA16,will,621,1750058069,"(12, 18)",C2,True,take_victim,victim_9_,"(8, 10)",9,40,0.5,0.0,Bolt,False,
mission_nocomm,PA16,human,622,1750058069,"(2, 8)",D2,True,take_victim,victim_11_,"(10, 10)",11,40,0.5,0.0,Bolt,False,
mission_nocomm,PA16,will,725,1750058080,"(8, 10)",C2,True,drop_victim,victim_9_,"(8, 10)",9,45,0.5,0.0,Bolt,True,True
mission_nocomm,PA16,human,740,1750058082,"(10, 10)",D2,True,drop_victim,victim_11_,"(10, 10)",11,47,0.5625,0.0,Bolt,True,False
mission_nocomm,PA16,will,811,1750058089,"(18, 11)",B2,True,take_victim,victim_10_,"(9, 10)",10,47,0.625,0.0,Bolt,False,
mission_nocomm,PA16,human,824,1750058091,"(12, 1)",A2,True,take_victim,victim_13_,"(8, 11)",13,47,0.625,0.0,Bolt,False,
mission_nocomm,PA16,will,917,1750058100,"(9, 10)",B2,True,drop_victim,victim_10_,"(9, 10)",10,52,0.625,0.0,Bolt,True,True
mission_nocomm,PA16,will,985,1750058108,"(7, 17)",C2,True,take_victim,victim_12_,"(11, 10)",12,52,0.6875,0.0,Bolt,False,
mission_nocomm,PA16,will,1075,1750058117,"(11, 10)",C2,True,drop_victim,victim_12_,"(11, 10)",12,57,0.6875,0.0,Bolt,True,True
mission_nocomm,PA16,human,1089,1750058119,"(8, 11)",A2,True,drop_victim,victim_13_,"(8, 11)",13,62,0.75,0.0,Bolt,True,True
mission_nocomm,PA16,will,1113,1750058121,"(15, 9)",B1,True,take_victim,victim_16_,"(11, 11)",16,62,0.8125,0.0,Bolt,False,
mission_nocomm,PA16,human,1131,1750058123,"(12, 3)",A1,True,take_victim,victim_14_,"(9, 11)",14,62,0.8125,0.0,Bolt,False,
mission_nocomm,PA16,human,1311,1750058142,"(9, 2)",A2,True,take_victim,victim_15_,"(10, 11)",15,62,0.8125,0.0,Bolt,False,
mission_nocomm,PA16,human,1373,1750058148,"(6, 9)",A1,True,take_victim,victim_14_,"(9, 11)",14,62,0.8125,0.0,Bolt,False,
mission_nocomm,PA16,human,1401,1750058151,"(9, 11)",A1,True,drop_victim,victim_14_,"(9, 11)",14,67,0.8125,0.0,Bolt,True,True
mission_nocomm,PA16,human,1428,1750058154,"(6, 10)",A2,True,take_victim,victim_15_,"(10, 11)",15,67,0.875,0.0,Bolt,False,
mission_nocomm,PA16,human,1445,1750058156,"(10, 11)",A2,True,drop_victim,victim_15_,"(10, 11)",15,72,0.875,0.0,Bolt,True,True
mission_nocomm,PA16,will,1446,1750058156,"(11, 11)",B1,True,drop_victim,victim_16_,"(11, 11)",16,77,0.9375,0.0,Bolt,True,True
mission_nocomm,PA16,nowill,55,1750058374,"(7, 16)",C1,True,take_victim,victim_2_,"(9, 8)",2,0,0.0,1.8916101455688477,Argo,False,
mission_nocomm,PA16,human,181,1750058387,"(15, 12)",B1,True,take_victim,victim_1_,"(8, 8)",1,0,0.0,15.511821985244753,Argo,False,
mission_nocomm,PA16,human,255,1750058395,"(8, 8)",B1,True,drop_victim,victim_1_,"(8, 8)",1,5,0.0,20.02028203010559,Argo,True,True
mission_nocomm,PA16,nowill,256,1750058395,"(9, 8)",C1,True,drop_victim,victim_2_,"(9, 8)",2,10,0.0625,20.02028203010559,Argo,True,True
mission_nocomm,PA16,nowill,278,1750058397,"(1, 12)",D2,True,take_victim,victim_3_,"(10, 8)",3,10,0.125,20.02028203010559,Argo,False,
mission_nocomm,PA16,nowill,300,1750058400,"(10, 8)",D2,True,drop_victim,victim_3_,"(10, 8)",3,15,0.125,20.02028203010559,Argo,True,True
mission_nocomm,PA16,nowill,386,1750058409,"(8, 18)",C2,True,take_victim,victim_4_,"(11, 8)",4,15,0.1875,20.020365953445435,Argo,False,
mission_nocomm,PA16,nowill,494,1750058420,"(11, 8)",C2,True,drop_victim,victim_4_,"(11, 8)",4,20,0.1875,30.459014654159542,Argo,True,True
mission_nocomm,PA16,human,495,1750058420,"(16, 11)",B1,True,take_victim,victim_6_,"(9, 9)",6,20,0.25,31.399452686309814,Argo,False,
mission_nocomm,PA16,human,557,1750058426,"(9, 9)",B1,True,drop_victim,victim_6_,"(9, 9)",6,22,0.25,35.91713571548462,Argo,True,False
mission_nocomm,PA16,nowill,566,1750058427,"(12, 17)",C2,True,take_victim,victim_5_,"(8, 9)",5,22,0.3125,35.91713571548462,Argo,False,
mission_nocomm,PA16,human,598,1750058431,"(8, 4)",A1,True,take_victim,victim_7_,"(10, 9)",7,22,0.3125,35.91713571548462,Argo,False,
mission_nocomm,PA16,human,639,1750058435,"(11, 9)",A1,True,take_victim,victim_7_,"(10, 9)",7,22,0.3125,35.91713571548462,Argo,False,
mission_nocomm,PA16,human,650,1750058436,"(10, 9)",A1,True,drop_victim,victim_7_,"(10, 9)",7,24,0.3125,35.91713571548462,Argo,True,False
mission_nocomm,PA16,nowill,658,1750058437,"(8, 9)",C2,True,drop_victim,victim_5_,"(8, 9)",5,29,0.375,35.91713571548462,Argo,True,True
mission_nocomm,PA16,nowill,700,1750058441,"(8, 15)",C1,True,take_victim,victim_8_,"(11, 9)",8,29,0.4375,35.91713571548462,Argo,False,
mission_nocomm,PA16,human,734,1750058445,"(4, 7)",D1,False,take_victim,victim_9_,"(8, 10)",9,29,0.4375,35.91713571548462,Argo,False,
mission_nocomm,PA16,nowill,764,1750058448,"(11, 9)",C1,True,drop_victim,victim_8_,"(11, 9)",8,34,0.4375,35.91713571548462,Argo,True,True
mission_nocomm,PA16,human,774,1750058449,"(8, 10)",D1,False,drop_victim,victim_9_,"(8, 10)",9,39,0.5,35.91713571548462,Argo,True,True
mission_nocomm,PA16,nowill,786,1750058450,"(3, 10)",D1,True,take_victim,victim_11_,"(10, 10)",11,39,0.5625,35.91713571548462,Argo,False,
mission_nocomm,PA16,human,809,1750058453,"(10, 3)",A1,True,take_victim,victim_10_,"(9, 10)",10,39,0.5625,35.91713571548462,Argo,False,
mission_nocomm,PA16,human,836,1750058456,"(9, 10)",A1,True,drop_victim,victim_10_,"(9, 10)",10,44,0.5625,35.91713571548462,Argo,True,True
mission_nocomm,PA16,nowill,837,1750058456,"(10, 10)",D1,True,drop_victim,victim_11_,"(10, 10)",11,49,0.625,35.91713571548462,Argo,True,True
mission_nocomm,PA16,nowill,859,1750058458,"(2, 9)",D2,True,take_victim,victim_16_,"(11, 11)",16,49,0.6875,35.91713571548462,Argo,False,
mission_nocomm,PA16,human,872,1750058459,"(12, 2)",A2,True,take_victim,victim_12_,"(11, 10)",12,49,0.6875,35.91713571548462,Argo,False,
mission_nocomm,PA16,human,900,1750058462,"(11, 10)",A2,True,drop_victim,victim_12_,"(11, 10)",12,54,0.6875,35.91713571548462,Argo,True,True
mission_nocomm,PA16,human,942,1750058467,"(7, 1)",A2,True,take_victim,victim_13_,"(8, 11)",13,54,0.75,35.91713571548462,Argo,False,
mission_nocomm,PA16,human,966,1750058469,"(8, 11)",A2,True,drop_victim,victim_13_,"(8, 11)",13,59,0.75,35.91713571548462,Argo,True,True
mission_nocomm,PA16,human,1073,1750058480,"(17, 7)",B2,True,take_victim,victim_14_,"(9, 11)",14,59,0.8125,45.83158850669861,Argo,False,
mission_nocomm,PA16,human,1150,1750058488,"(9, 11)",B2,True,drop_victim,victim_14_,"(9, 11)",14,64,0.8125,50.84892153739929,Argo,True,True
mission_nocomm,PA16,human,1258,1750058500,"(18, 12)",B2,True,take_victim,victim_15_,"(10, 11)",15,64,0.875,60.78269338607788,Argo,False,
mission_nocomm,PA16,human,1342,1750058509,"(10, 11)",B2,True,drop_victim,victim_15_,"(10, 11)",15,69,0.875,67.69660258293152,Argo,True,True
mission_nocomm,PA16,nowill,1343,1750058509,"(11, 11)",D2,True,drop_victim,victim_16_,"(11, 11)",16,74,0.9375,67.69660258293152,Argo,True,True
mission_nocomm,PA29,nowill,17,1750238269,"(1, 7)",D2,True,take_victim,victim_5_,"(8, 9)",5,0,0.0,0.0,Argo,False,
mission_nocomm,PA29,human,126,1750238280,"(18, 9)",B2,True,take_victim,victim_1_,"(8, 8)",1,0,0.0,5.741646766662598,Argo,False,
mission_nocomm,PA29,human,201,1750238288,"(8, 8)",B2,True,drop_victim,victim_1_,"(8, 8)",1,5,0.0,11.518409967422484,Argo,True,True
mission_nocomm,PA29,human,292,1750238298,"(15, 11)",B1,True,take_victim,victim_2_,"(9, 8)",2,5,0.0625,17.470649003982544,Argo,False,
mission_nocomm,PA29,human,366,1750238305,"(9, 8)",B1,True,drop_victim,victim_2_,"(9, 8)",2,10,0.0625,20.72542405128479,Argo,True,True
mission_nocomm,PA29,human,454,1750238315,"(17, 11)",B2,True,take_victim,victim_3_,"(10, 8)",3,10,0.125,27.30724596977234,Argo,False,
mission_nocomm,PA29,human,538,1750238323,"(10, 8)",B2,True,drop_victim,victim_3_,"(10, 8)",3,15,0.125,32.542885065078735,Argo,True,True
mission_nocomm,PA29,human,570,1750238327,"(8, 1)",A2,True,take_victim,victim_4_,"(11, 8)",4,15,0.1875,32.542885065078735,Argo,False,
mission_nocomm,PA29,human,601,1750238330,"(11, 8)",A2,True,drop_victim,victim_4_,"(11, 8)",4,20,0.1875,32.542885065078735,Argo,True,True
mission_nocomm,PA29,nowill,602,1750238330,"(8, 9)",D2,True,drop_victim,victim_5_,"(8, 9)",5,25,0.25,32.542885065078735,Argo,True,True
mission_nocomm,PA29,human,643,1750238334,"(12, 4)",A1,True,take_victim,victim_6_,"(9, 9)",6,25,0.3125,32.542885065078735,Argo,False,
mission_nocomm,PA29,nowill,644,1750238334,"(9, 15)",C1,True,take_victim,victim_7_,"(10, 9)",7,25,0.3125,32.542885065078735,Argo,False,
mission_nocomm,PA29,human,679,1750238338,"(9, 9)",A1,True,drop_victim,victim_6_,"(9, 9)",6,30,0.3125,32.542885065078735,Argo,True,True
mission_nocomm,PA29,nowill,708,1750238341,"(10, 9)",C1,True,drop_victim,victim_7_,"(10, 9)",7,35,0.375,32.542885065078735,Argo,True,True
mission_nocomm,PA29,nowill,764,1750238347,"(11, 16)",C1,True,take_victim,victim_8_,"(11, 9)",8,35,0.4375,32.54293894767761,Argo,False,
mission_nocomm,PA29,human,822,1750238353,"(16, 10)",B1,True,take_victim,victim_9_,"(8, 10)",9,35,0.4375,38.731964111328125,Argo,False,
mission_nocomm,PA29,nowill,842,1750238355,"(11, 9)",C1,True,drop_victim,victim_8_,"(11, 9)",8,40,0.4375,39.99084186553955,Argo,True,True
mission_nocomm,PA29,nowill,864,1750238358,"(3, 12)",D1,True,take_victim,victim_11_,"(10, 10)",11,40,0.5,42.826180934906006,Argo,False,
mission_nocomm,PA29,human,875,1750238359,"(8, 10)",B1,True,drop_victim,victim_9_,"(8, 10)",9,45,0.5,42.826180934906006,Argo,True,True
mission_nocomm,PA29,human,913,1750238363,"(12, 2)",A2,True,take_victim,victim_10_,"(9, 10)",10,45,0.5625,42.826180934906006,Argo,False,
mission_nocomm,PA29,human,948,1750238366,"(9, 10)",A2,True,drop_victim,victim_10_,"(9, 10)",10,50,0.5625,42.826180934906006,Argo,True,True
mission_nocomm,PA29,nowill,949,1750238366,"(10, 10)",D1,True,drop_victim,victim_11_,"(10, 10)",11,55,0.625,42.826180934906006,Argo,True,True
mission_nocomm,PA29,human,995,1750238371,"(10, 3)",A1,True,take_victim,victim_13_,"(8, 11)",13,55,0.6875,42.826180934906006,Argo,False,
mission_nocomm,PA29,nowill,1017,1750238374,"(12, 17)",C2,True,take_victim,victim_12_,"(11, 10)",12,55,0.6875,42.826180934906006,Argo,False,
mission_nocomm,PA29,nowill,1119,1750238384,"(11, 10)",C2,True,drop_victim,victim_12_,"(11, 10)",12,60,0.6875,42.826180934906006,Argo,True,True
mission_nocomm,PA29,human,1131,1750238385,"(8, 11)",A1,True,drop_victim,victim_13_,"(8, 11)",13,65,0.75,42.826180934906006,Argo,True,True
mission_nocomm,PA29,nowill,1139,1750238386,"(4, 11)",D1,True,take_victim,victim_14_,"(9, 11)",14,65,0.8125,42.826180934906006,Argo,False,
mission_nocomm,PA29,nowill,1153,1750238388,"(9, 11)",D1,True,drop_victim,victim_14_,"(9, 11)",14,70,0.8125,42.826180934906006,Argo,True,True
mission_nocomm,PA29,nowill,1173,1750238390,"(2, 10)",D2,True,take_victim,victim_15_,"(10, 11)",15,70,0.875,42.826180934906006,Argo,False,
mission_nocomm,PA29,nowill,1193,1750238392,"(10, 11)",D2,True,drop_victim,victim_15_,"(10, 11)",15,75,0.875,42.826180934906006,Argo,True,True
mission_nocomm,PA29,nowill,1273,1750238400,"(9, 18)",C2,True,take_victim,victim_16_,"(11, 11)",16,75,0.9375,49.11056184768677,Argo,False,
mission_nocomm,PA29,nowill,1375,1750238411,"(11, 11)",C2,True,drop_victim,victim_16_,"(11, 11)",16,80,0.9375,50.06535983085632,Argo,True,True
mission_nocomm,PA29,will,45,1750238691,"(15, 9)",B1,True,take_victim,victim_1_,"(8, 8)",1,0,0.0,0.0,Bolt,False,
mission_nocomm,PA29,human,75,1750238694,"(11, 4)",A1,True,take_victim,victim_3_,"(10, 8)",3,0,0.0,0.0,Bolt,False,
mission_nocomm,PA29,will,111,1750238698,"(8, 8)",B1,True,drop_victim,victim_1_,"(8, 8)",1,5,0.0,0.0,Bolt,True,True
mission_nocomm,PA29,will,169,1750238704,"(16, 10)",B1,True,take_victim,victim_2_,"(9, 8)",2,5,0.0625,0.0,Bolt,False,
mission_nocomm,PA29,will,247,1750238712,"(9, 8)",B1,True,drop_victim,victim_2_,"(9, 8)",2,10,0.0625,0.0,Bolt,True,True
mission_nocomm,PA29,human,255,1750238713,"(10, 8)",A1,True,drop_victim,victim_3_,"(10, 8)",3,15,0.125,0.0,Bolt,True,True
mission_nocomm,PA29,human,286,1750238716,"(3, 9)",D1,True,take_victim,victim_5_,"(8, 9)",5,15,0.1875,0.0,Bolt,False,
mission_nocomm,PA29,will,319,1750238720,"(9, 17)",C2,True,take_victim,victim_4_,"(11, 8)",4,15,0.1875,0.0,Bolt,False,
mission_nocomm,PA29,will,413,1750238729,"(11, 8)",C2,True,drop_victim,victim_4_,"(11, 8)",4,20,0.1875,0.0,Bolt,True,True
mission_nocomm,PA29,human,420,1750238730,"(8, 9)",D1,True,drop_victim,victim_5_,"(8, 9)",5,25,0.25,0.0,Bolt,True,True
mission_nocomm,PA29,human,447,1750238733,"(7, 2)",A2,True,take_victim,victim_6_,"(9, 9)",6,25,0.3125,0.0,Bolt,False,
mission_nocomm,PA29,will,457,1750238734,"(11, 15)",C1,True,take_victim,victim_8_,"(11, 9)",8,25,0.3125,0.0,Bolt,False,
mission_nocomm,PA29,human,482,1750238737,"(9, 9)",A2,True,drop_victim,victim_6_,"(9, 9)",6,30,0.3125,0.0,Bolt,True,True
mission_nocomm,PA29,human,508,1750238739,"(2, 12)",D2,True,take_victim,victim_7_,"(10, 9)",7,30,0.375,0.0,Bolt,False,
mission_nocomm,PA29,human,542,1750238743,"(10, 9)",D2,True,drop_victim,victim_7_,"(10, 9)",7,35,0.375,0.0,Bolt,True,True
mission_nocomm,PA29,will,543,1750238743,"(11, 9)",C1,True,drop_victim,victim_8_,"(11, 9)",8,40,0.4375,0.0,Bolt,True,True
mission_nocomm,PA29,human,592,1750238748,"(1, 9)",D2,True,take_victim,victim_10_,"(9, 10)",10,40,0.5,0.0,Bolt,False,
mission_nocomm,PA29,will,609,1750238750,"(17, 10)",B2,True,take_victim,victim_9_,"(8, 10)",9,40,0.5,0.0,Bolt,False,
mission_nocomm,PA29,will,703,1750238760,"(8, 10)",B2,True,drop_victim,victim_9_,"(8, 10)",9,45,0.5,0.0,Bolt,True,True
mission_nocomm,PA29,human,710,1750238760,"(9, 10)",D2,True,drop_victim,victim_10_,"(9, 10)",10,50,0.5625,0.0,Bolt,True,True
mission_nocomm,PA29,human,744,1750238764,"(4, 8)",D1,True,take_victim,victim_11_,"(10, 10)",11,50,0.625,0.0,Bolt,False,
mission_nocomm,PA29,human,774,1750238767,"(10, 10)",D1,True,drop_victim,victim_11_,"(10, 10)",11,55,0.625,0.0,Bolt,True,True
mission_nocomm,PA29,will,789,1750238769,"(18, 7)",B2,True,take_victim,victim_13_,"(8, 11)",13,55,0.6875,0.0,Bolt,False,
mission_nocomm,PA29,human,798,1750238770,"(10, 1)",A2,True,take_victim,victim_12_,"(11, 10)",12,55,0.6875,0.0,Bolt,False,
mission_nocomm,PA29,human,918,1750238782,"(9, 16)",C1,False,take_victim,victim_15_,"(10, 11)",15,55,0.6875,7.540433883666992,Bolt,False,
mission_nocomm,PA29,human,938,1750238784,"(9, 16)",C1,False,take_victim,victim_15_,"(10, 11)",15,55,0.6875,9.629894256591797,Bolt,False,
mission_nocomm,PA29,human,974,1750238788,"(9, 16)",C1,False,take_victim,victim_15_,"(10, 11)",15,55,0.6875,13.395986080169678,Bolt,False,
mission_nocomm,PA29,human,1170,1750238809,"(7, 18)",C2,False,take_victim,victim_14_,"(9, 11)",14,55,0.6875,24.501919984817505,Bolt,False,
mission_nocomm,PA29,human,1179,1750238810,"(7, 18)",C2,False,take_victim,victim_14_,"(9, 11)",14,55,0.6875,25.458653926849365,Bolt,False,
mission_nocomm,PA29,human,1228,1750238815,"(7, 18)",C2,False,take_victim,victim_14_,"(9, 11)",14,55,0.6875,30.602636098861694,Bolt,False,
mission_nocomm,PA29,human,1233,1750238815,"(7, 18)",C2,False,take_victim,victim_14_,"(9, 11)",14,55,0.6875,31.12719416618347,Bolt,False,
mission_nocomm,PA29,human,1239,1750238816,"(7, 18)",C2,False,take_victim,victim_14_,"(9, 11)",14,55,0.6875,31.751163959503177,Bolt,False,
mission_nocomm,PA29,human,1682,1750238862,"(7, 3)",A1,True,take_victim,victim_16_,"(11, 11)",16,55,0.6875,36.712820053100586,Bolt,False,
mission_nocomm,PA29,human,1687,1750238863,"(7, 3)",A1,True,take_victim,victim_16_,"(11, 11)",16,55,0.6875,36.712820053100586,Bolt,False,
mission_nocomm,PA29,human,1691,1750238863,"(7, 3)",A1,True,take_victim,victim_16_,"(11, 11)",16,55,0.6875,36.712820053100586,Bolt,False,
mission_nocomm,PA29,human,1693,1750238864,"(7, 3)",A1,True,take_victim,victim_16_,"(11, 11)",16,55,0.6875,36.712820053100586,Bolt,False,
mission_nocomm,PA29,human,1695,1750238864,"(7, 3)",A1,True,take_victim,victim_16_,"(11, 11)",16,55,0.6875,36.712820053100586,Bolt,False,
mission_nocomm,PA29,human,1697,1750238864,"(7, 3)",A1,True,take_victim,victim_16_,"(11, 11)",16,55,0.6875,36.712820053100586,Bolt,False,
mission_nocomm,PA29,human,1700,1750238864,"(7, 3)",A1,True,take_victim,victim_16_,"(11, 11)",16,55,0.6875,36.712820053100586,Bolt,False,
mission_nocomm,PA29,human,1702,1750238865,"(7, 3)",A1,True,take_victim,victim_16_,"(11, 11)",16,55,0.6875,36.712820053100586,Bolt,False,
mission_nocomm,PA29,human,1705,1750238865,"(7, 3)",A1,True,take_victim,victim_16_,"(11, 11)",16,55,0.6875,36.712820053100586,Bolt,False,
mission_nocomm,PA29,human,1829,1750238878,"(12, 8)",A2,True,take_victim,victim_12_,"(11, 10)",12,55,0.6875,36.712820053100586,Bolt,False,
mission_nocomm,PA29,human,1847,1750238880,"(11, 10)",A2,True,drop_victim,victim_12_,"(11, 10)",12,60,0.6875,36.712820053100586,Bolt,True,True
mission_nocomm,PA29,will,1848,1750238880,"(8, 11)",B2,True,drop_victim,victim_13_,"(8, 11)",13,65,0.75,36.712820053100586,Bolt,True,True
mission_nocomm,PA29,will,1928,1750238888,"(7, 18)",C2,True,take_victim,victim_14_,"(9, 11)",14,65,0.8125,42.47112512588501,Bolt,False,
mission_nocomm,PA29,human,1954,1750238891,"(9, 16)",C1,False,take_victim,victim_15_,"(10, 11)",15,65,0.8125,45.18538236618042,Bolt,False,
mission_nocomm,PA29,will,2030,1750238899,"(9, 11)",C2,True,drop_victim,victim_14_,"(9, 11)",14,70,0.8125,49.476152181625366,Bolt,True,True
mission_nocomm,PA29,human,2032,1750238899,"(10, 11)",C1,False,drop_victim,victim_15_,"(10, 11)",15,75,0.875,49.476152181625366,Bolt,True,True
mission_nocomm,PA29,human,2073,1750238903,"(7, 3)",A1,True,take_victim,victim_16_,"(11, 11)",16,75,0.9375,49.476152181625366,Bolt,False,
mission_nocomm,PA29,human,2117,1750238908,"(12, 11)",A1,True,take_victim,victim_16_,"(11, 11)",16,75,0.9375,49.476152181625366,Bolt,False,
mission_nocomm,PA29,human,2132,1750238910,"(11, 11)",A1,True,drop_victim,victim_16_,"(11, 11)",16,80,0.9375,49.476152181625366,Bolt,True,True
mission_comm,PA11,will,55,1749806417,"(7, 16)",C1,True,take_victim,victim_2_,"(9, 8)",2,0,0.0,0.0,Argo,False,
mission_comm,PA11,human,111,1749806423,"(18, 8)",B2,False,take_victim,victim_1_,"(8, 8)",1,0,0.0,5.749108076095581,Argo,False,
mission_comm,PA11,human,186,1749806430,"(8, 8)",B2,False,drop_victim,victim_1_,"(8, 8)",1,5,0.0,11.877373933792114,Argo,True,True
mission_comm,PA11,will,187,1749806431,"(9, 8)",C1,True,drop_victim,victim_2_,"(9, 8)",2,10,0.0625,11.877373933792114,Argo,True,True
mission_comm,PA11,will,273,1749806440,"(8, 18)",C2,True,take_victim,victim_3_,"(10, 8)",3,10,0.125,11.877373933792114,Argo,False,
mission_comm,PA11,human,282,1749806441,"(9, 1)",A2,True,take_victim,victim_5_,"(8, 9)",5,10,0.125,11.877373933792114,Argo,False,
mission_comm,PA11,human,351,1749806448,"(9, 5)",A2,True,take_victim,victim_5_,"(8, 9)",5,10,0.125,11.877373933792114,Argo,False,
mission_comm,PA11,will,381,1749806451,"(10, 8)",C2,True,drop_victim,victim_3_,"(10, 8)",3,15,0.125,11.877373933792114,Argo,True,True
mission_comm,PA11,will,453,1749806458,"(12, 17)",C2,True,take_victim,victim_4_,"(11, 8)",4,15,0.1875,14.705606937408447,Argo,False,
mission_comm,PA11,human,539,1749806467,"(16, 12)",B1,False,take_victim,victim_6_,"(9, 9)",6,15,0.1875,23.82755994796753,Argo,False,
mission_comm,PA11,will,559,1749806470,"(11, 8)",C2,True,drop_victim,victim_4_,"(11, 8)",4,20,0.1875,25.393473625183105,Argo,True,True
mission_comm,PA11,will,585,1749806472,"(1, 10)",D2,True,take_victim,victim_8_,"(11, 9)",8,20,0.25,28.227904796600345,Argo,False,
mission_comm,PA11,human,622,1749806476,"(6, 9)",A2,True,take_victim,victim_5_,"(8, 9)",5,20,0.25,29.16522765159607,Argo,False,
mission_comm,PA11,human,633,1749806477,"(8, 9)",A2,True,drop_victim,victim_5_,"(8, 9)",5,25,0.25,29.16522765159607,Argo,True,True
mission_comm,PA11,human,649,1749806479,"(6, 10)",B1,False,take_victim,victim_6_,"(9, 9)",6,25,0.3125,29.16522765159607,Argo,False,
mission_comm,PA11,human,673,1749806481,"(9, 9)",B1,False,drop_victim,victim_6_,"(9, 9)",6,30,0.3125,29.16522765159607,Argo,True,True
mission_comm,PA11,human,703,1749806485,"(12, 2)",A2,True,take_victim,victim_7_,"(10, 9)",7,30,0.375,29.16522765159607,Argo,False,
mission_comm,PA11,human,733,1749806488,"(10, 9)",A2,True,drop_victim,victim_7_,"(10, 9)",7,35,0.375,29.16522765159607,Argo,True,True
mission_comm,PA11,will,734,1749806488,"(11, 9)",D2,True,drop_victim,victim_8_,"(11, 9)",8,40,0.4375,29.16522765159607,Argo,True,True
mission_comm,PA11,will,756,1749806490,"(3, 12)",D1,True,take_victim,victim_9_,"(8, 10)",9,40,0.5,29.16522765159607,Argo,False,
mission_comm,PA11,will,770,1749806492,"(8, 10)",D1,True,drop_victim,victim_9_,"(8, 10)",9,45,0.5,29.16522765159607,Argo,True,True
mission_comm,PA11,will,810,1749806496,"(11, 15)",C1,True,take_victim,victim_11_,"(10, 10)",11,45,0.5625,29.16522765159607,Argo,False,
mission_comm,PA11,human,815,1749806496,"(8, 4)",A1,True,take_victim,victim_10_,"(9, 10)",10,45,0.5625,29.16522765159607,Argo,False,
mission_comm,PA11,human,840,1749806499,"(9, 10)",A1,True,drop_victim,victim_10_,"(9, 10)",10,50,0.5625,29.16522765159607,Argo,True,True
mission_comm,PA11,will,872,1749806502,"(10, 10)",C1,True,drop_victim,victim_11_,"(10, 10)",11,55,0.625,29.16522765159607,Argo,True,True
mission_comm,PA11,will,894,1749806505,"(2, 8)",D2,True,take_victim,victim_14_,"(9, 11)",14,55,0.6875,29.16522765159607,Argo,False,
mission_comm,PA11,human,966,1749806512,"(15, 9)",B1,False,take_victim,victim_13_,"(8, 11)",13,55,0.6875,35.947232484817505,Argo,False,
mission_comm,PA11,human,1037,1749806520,"(11, 3)",A1,True,take_victim,victim_12_,"(11, 10)",12,55,0.6875,39.18857169151306,Argo,False,
mission_comm,PA11,human,1058,1749806522,"(11, 10)",A1,True,drop_victim,victim_12_,"(11, 10)",12,60,0.6875,39.18857169151306,Argo,True,True
mission_comm,PA11,human,1079,1749806524,"(6, 9)",B1,False,take_victim,victim_13_,"(8, 11)",13,60,0.75,39.18857169151306,Argo,False,
mission_comm,PA11,human,1135,1749806530,"(8, 11)",B1,False,drop_victim,victim_13_,"(8, 11)",13,65,0.75,39.18857169151306,Argo,True,True
mission_comm,PA11,will,1136,1749806530,"(9, 11)",D2,True,drop_victim,victim_14_,"(9, 11)",14,70,0.8125,39.18857169151306,Argo,True,True
mission_comm,PA11,will,1152,1749806532,"(4, 11)",D1,True,take_victim,victim_15_,"(10, 11)",15,70,0.875,39.1886248588562,Argo,False,
mission_comm,PA11,will,1168,1749806533,"(10, 11)",D1,True,drop_victim,victim_15_,"(10, 11)",15,75,0.875,40.23977279663086,Argo,True,True
mission_comm,PA11,human,1236,1749806540,"(17, 12)",B2,False,take_victim,victim_16_,"(11, 11)",16,75,0.9375,47.98764371871948,Argo,False,
mission_comm,PA11,human,1305,1749806548,"(11, 11)",B2,False,drop_victim,victim_16_,"(11, 11)",16,80,0.9375,54.18026876449585,Argo,True,True
mission_comm,PA11,nowill,41,1749806701,"(8, 15)",C1,True,take_victim,victim_1_,"(8, 8)",1,0,0.0,0.0,Bolt,False,
mission_comm,PA11,nowill,107,1749806708,"(8, 8)",C1,True,drop_victim,victim_1_,"(8, 8)",1,5,0.0,3.650113821029663,Bolt,True,True
mission_comm,PA11,nowill,123,1749806710,"(3, 12)",D1,True,take_victim,victim_4_,"(11, 8)",4,5,0.0625,5.006444931030273,Bolt,False,
mission_comm,PA11,human,133,1749806711,"(18, 9)",B2,True,take_victim,victim_2_,"(9, 8)",2,5,0.0625,6.3586719036102295,Bolt,False,
mission_comm,PA11,human,208,1749806718,"(9, 8)",B2,True,drop_victim,victim_2_,"(9, 8)",2,10,0.0625,12.12682294845581,Bolt,True,True
mission_comm,PA11,human,282,1749806726,"(16, 11)",B1,True,take_victim,victim_3_,"(10, 8)",3,10,0.125,16.501585960388184,Bolt,False,
mission_comm,PA11,human,351,1749806733,"(10, 8)",B1,True,drop_victim,victim_3_,"(10, 8)",3,15,0.125,20.477473974227905,Bolt,True,True
mission_comm,PA11,nowill,352,1749806734,"(11, 8)",D1,True,drop_victim,victim_4_,"(11, 8)",4,20,0.1875,20.477473974227905,Bolt,True,True
mission_comm,PA11,human,392,1749806738,"(7, 4)",A1,True,take_victim,victim_5_,"(8, 9)",5,20,0.25,20.477473974227905,Bolt,False,
mission_comm,PA11,nowill,410,1749806740,"(7, 16)",C1,True,take_victim,victim_6_,"(9, 9)",6,20,0.25,20.477473974227905,Bolt,False,
mission_comm,PA11,human,412,1749806740,"(8, 9)",A1,True,drop_victim,victim_5_,"(8, 9)",5,25,0.25,20.477473974227905,Bolt,True,True
mission_comm,PA11,nowill,488,1749806748,"(9, 9)",C1,True,drop_victim,victim_6_,"(9, 9)",6,30,0.3125,20.47751498222351,Bolt,True,True
mission_comm,PA11,nowill,510,1749806750,"(1, 9)",D2,True,take_victim,victim_8_,"(11, 9)",8,30,0.375,23.310986042022705,Bolt,False,
mission_comm,PA11,human,589,1749806758,"(17, 10)",B2,True,take_victim,victim_7_,"(10, 9)",7,30,0.375,31.551109075546265,Bolt,False,
mission_comm,PA11,human,656,1749806765,"(10, 9)",B2,True,drop_victim,victim_7_,"(10, 9)",7,35,0.375,36.78271508216858,Bolt,True,True
mission_comm,PA11,nowill,657,1749806765,"(11, 9)",D2,True,drop_victim,victim_8_,"(11, 9)",8,40,0.4375,36.78271508216858,Bolt,True,True
mission_comm,PA11,nowill,677,1749806768,"(4, 11)",D1,True,take_victim,victim_10_,"(9, 10)",10,40,0.5,36.78271508216858,Bolt,False,
mission_comm,PA11,human,686,1749806768,"(10, 1)",A2,True,take_victim,victim_9_,"(8, 10)",9,40,0.5,36.78271508216858,Bolt,False,
mission_comm,PA11,human,713,1749806771,"(8, 10)",A2,True,drop_victim,victim_9_,"(8, 10)",9,45,0.5,36.78271508216858,Bolt,True,True
mission_comm,PA11,nowill,714,1749806771,"(9, 10)",D1,True,drop_victim,victim_10_,"(9, 10)",10,50,0.5625,36.78271508216858,Bolt,True,True
mission_comm,PA11,human,767,1749806777,"(2, 8)",D2,False,take_victim,victim_12_,"(11, 10)",12,50,0.625,36.78271508216858,Bolt,False,
mission_comm,PA11,nowill,782,1749806779,"(7, 17)",C2,True,take_victim,victim_11_,"(10, 10)",11,50,0.625,36.78271508216858,Bolt,False,
mission_comm,PA11,human,866,1749806787,"(15, 8)",B1,True,take_victim,victim_13_,"(8, 11)",13,50,0.625,42.65569877624512,Bolt,False,
mission_comm,PA11,nowill,872,1749806788,"(10, 10)",C2,True,drop_victim,victim_11_,"(10, 10)",11,55,0.625,43.18035507202149,Bolt,True,True
mission_comm,PA11,human,920,1749806793,"(12, 9)",D2,False,take_victim,victim_12_,"(11, 10)",12,55,0.6875,45.99549889564514,Bolt,False,
mission_comm,PA11,human,933,1749806794,"(11, 10)",D2,False,drop_victim,victim_12_,"(11, 10)",12,60,0.6875,45.99549889564514,Bolt,True,True
mission_comm,PA11,human,949,1749806796,"(12, 8)",B1,True,take_victim,victim_13_,"(8, 11)",13,60,0.75,45.99549889564514,Bolt,False,
mission_comm,PA11,nowill,954,1749806797,"(12, 18)",C2,True,take_victim,victim_16_,"(11, 11)",16,60,0.75,45.99549889564514,Bolt,False,
mission_comm,PA11,human,1003,1749806802,"(8, 11)",B1,True,drop_victim,victim_13_,"(8, 11)",13,65,0.75,45.99549889564514,Bolt,True,True
mission_comm,PA11,human,1035,1749806805,"(11, 3)",A1,True,take_victim,victim_14_,"(9, 11)",14,65,0.8125,45.99549889564514,Bolt,False,
mission_comm,PA11,human,1071,1749806809,"(9, 11)",A1,True,drop_victim,victim_14_,"(9, 11)",14,70,0.8125,45.99549889564514,Bolt,True,True
mission_comm,PA11,human,1103,1749806812,"(7, 2)",A2,True,take_victim,victim_15_,"(10, 11)",15,70,0.875,45.99549889564514,Bolt,False,
mission_comm,PA11,human,1142,1749806816,"(10, 11)",A2,True,drop_victim,victim_15_,"(10, 11)",15,75,0.875,45.99549889564514,Bolt,True,True
mission_comm,PA11,nowill,1143,1749806816,"(11, 11)",C2,True,drop_victim,victim_16_,"(11, 11)",16,80,0.9375,45.99549889564514,Bolt,True,True
mission_comm,PA27,will,41,1750230685,"(9, 15)",C1,True,take_victim,victim_1_,"(8, 8)",1,0,0.0,0.0,Bolt,False,
mission_comm,PA27,will,107,1750230692,"(8, 8)",C1,True,drop_victim,victim_1_,"(8, 8)",1,5,0.0,0.0,Bolt,True,True
mission_comm,PA27,will,179,1750230700,"(17, 8)",B2,True,take_victim,victim_2_,"(9, 8)",2,5,0.0625,0.0,Bolt,False,
mission_comm,PA27,will,271,1750230709,"(9, 8)",B2,True,drop_victim,victim_2_,"(9, 8)",2,10,0.0625,0.0,Bolt,True,True
mission_comm,PA27,human,274,1750230710,"(12, 3)",A1,True,take_victim,victim_5_,"(8, 9)",5,10,0.125,0.0,Bolt,False,
mission_comm,PA27,will,327,1750230715,"(16, 8)",B1,True,take_victim,victim_3_,"(10, 8)",3,10,0.125,0.0,Bolt,False,
mission_comm,PA27,will,403,1750230723,"(10, 8)",B1,True,drop_victim,victim_3_,"(10, 8)",3,15,0.125,0.0,Bolt,True,True
mission_comm,PA27,will,485,1750230732,"(18, 7)",B2,True,take_victim,victim_4_,"(11, 8)",4,15,0.1875,0.0,Bolt,False,
mission_comm,PA27,will,587,1750230743,"(11, 8)",B2,True,drop_victim,victim_4_,"(11, 8)",4,20,0.1875,0.0,Bolt,True,True
mission_comm,PA27,human,603,1750230744,"(8, 9)",A1,True,drop_victim,victim_5_,"(8, 9)",5,25,0.25,0.0,Bolt,True,True
mission_comm,PA27,human,666,1750230751,"(7, 1)",A2,True,take_victim,victim_6_,"(9, 9)",6,25,0.3125,0.0,Bolt,False,
mission_comm,PA27,will,673,1750230752,"(7, 18)",C2,True,take_victim,victim_7_,"(10, 9)",7,25,0.3125,0.0,Bolt,False,
mission_comm,PA27,human,710,1750230756,"(9, 9)",A2,True,drop_victim,victim_6_,"(9, 9)",6,30,0.3125,0.0,Bolt,True,True
mission_comm,PA27,will,779,1750230763,"(10, 9)",C2,True,drop_victim,victim_7_,"(10, 9)",7,35,0.375,0.0,Bolt,True,True
mission_comm,PA27,human,805,1750230765,"(2, 12)",D2,True,take_victim,victim_10_,"(9, 10)",10,35,0.4375,0.0,Bolt,False,
mission_comm,PA27,will,849,1750230770,"(8, 17)",C2,True,take_victim,victim_8_,"(11, 9)",8,35,0.4375,0.0,Bolt,False,
mission_comm,PA27,will,941,1750230780,"(11, 9)",C2,True,drop_victim,victim_8_,"(11, 9)",8,40,0.4375,0.0,Bolt,True,True
mission_comm,PA27,will,997,1750230786,"(7, 16)",C1,True,take_victim,victim_9_,"(8, 10)",9,40,0.5,0.0,Bolt,False,
mission_comm,PA27,will,1073,1750230794,"(8, 10)",C1,True,drop_victim,victim_9_,"(8, 10)",9,45,0.5,0.0,Bolt,True,True
mission_comm,PA27,human,1085,1750230795,"(9, 10)",D2,True,drop_victim,victim_10_,"(9, 10)",10,50,0.5625,0.0,Bolt,True,True
mission_comm,PA27,human,1116,1750230798,"(4, 7)",D1,True,take_victim,victim_11_,"(10, 10)",11,50,0.625,0.0,Bolt,False,
mission_comm,PA27,will,1117,1750230798,"(15, 12)",B1,True,take_victim,victim_15_,"(10, 11)",15,50,0.625,0.0,Bolt,False,
mission_comm,PA27,human,1145,1750230801,"(10, 10)",D1,True,drop_victim,victim_11_,"(10, 10)",11,55,0.625,0.0,Bolt,True,True
mission_comm,PA27,human,1173,1750230804,"(10, 4)",A1,True,take_victim,victim_12_,"(11, 10)",12,55,0.6875,0.0,Bolt,False,
mission_comm,PA27,human,1198,1750230807,"(11, 10)",A1,True,drop_victim,victim_12_,"(11, 10)",12,60,0.6875,0.0,Bolt,True,True
mission_comm,PA27,human,1235,1750230810,"(12, 2)",A2,True,take_victim,victim_13_,"(8, 11)",13,60,0.75,0.0,Bolt,False,
mission_comm,PA27,human,1285,1750230816,"(8, 11)",A2,True,drop_victim,victim_13_,"(8, 11)",13,65,0.75,0.0,Bolt,True,True
mission_comm,PA27,human,1325,1750230820,"(3, 9)",D1,True,take_victim,victim_14_,"(9, 11)",14,65,0.8125,0.0,Bolt,False,
mission_comm,PA27,human,1349,1750230822,"(9, 11)",D1,True,drop_victim,victim_14_,"(9, 11)",14,70,0.8125,0.0,Bolt,True,True
mission_comm,PA27,will,1350,1750230823,"(10, 11)",B1,True,drop_victim,victim_15_,"(10, 11)",15,75,0.875,0.0,Bolt,True,True
mission_comm,PA27,human,1393,1750230827,"(1, 10)",D2,True,take_victim,victim_16_,"(11, 11)",16,75,0.9375,0.0,Bolt,False,
mission_comm,PA27,human,1433,1750230831,"(11, 12)",D2,True,take_victim,victim_16_,"(11, 11)",16,75,0.9375,0.0,Bolt,False,
mission_comm,PA27,human,1443,1750230832,"(11, 11)",D2,True,drop_victim,victim_16_,"(11, 11)",16,80,0.9375,0.0,Bolt,True,True
mission_comm,PA27,nowill,41,1750231082,"(8, 15)",C1,True,take_victim,victim_1_,"(8, 8)",1,0,0.0,0.0,Argo,False,
mission_comm,PA27,human,88,1750231087,"(10, 1)",A2,True,take_victim,victim_2_,"(9, 8)",2,0,0.0,0.0,Argo,False,
mission_comm,PA27,nowill,107,1750231089,"(8, 8)",C1,True,drop_victim,victim_1_,"(8, 8)",1,5,0.0,0.0,Argo,True,True
mission_comm,PA27,nowill,123,1750231091,"(3, 8)",D1,True,take_victim,victim_4_,"(11, 8)",4,5,0.0625,0.0,Argo,False,
mission_comm,PA27,human,128,1750231091,"(9, 8)",A2,True,drop_victim,victim_2_,"(9, 8)",2,10,0.0625,0.0,Argo,True,True
mission_comm,PA27,human,291,1750231108,"(17, 12)",B2,True,take_victim,victim_3_,"(10, 8)",3,10,0.125,8.587183952331543,Argo,False,
mission_comm,PA27,human,374,1750231117,"(10, 8)",B2,True,drop_victim,victim_3_,"(10, 8)",3,15,0.125,14.745145082473757,Argo,True,True
mission_comm,PA27,nowill,375,1750231117,"(11, 8)",D1,True,drop_victim,victim_4_,"(11, 8)",4,20,0.1875,14.745145082473757,Argo,True,True
mission_comm,PA27,human,418,1750231121,"(16, 8)",B1,True,take_victim,victim_5_,"(8, 9)",5,20,0.25,18.195346355438232,Argo,False,
mission_comm,PA27,nowill,447,1750231124,"(10, 17)",C2,True,take_victim,victim_6_,"(9, 9)",6,20,0.25,20.607386112213135,Argo,False,
mission_comm,PA27,human,479,1750231128,"(8, 9)",B1,True,drop_victim,victim_5_,"(8, 9)",5,25,0.25,22.48431420326233,Argo,True,True
mission_comm,PA27,nowill,539,1750231134,"(9, 9)",C2,True,drop_victim,victim_6_,"(9, 9)",6,30,0.3125,22.69679093360901,Argo,True,True
mission_comm,PA27,human,591,1750231140,"(18, 11)",B2,True,take_victim,victim_7_,"(10, 9)",7,30,0.375,28.357444763183594,Argo,False,
mission_comm,PA27,nowill,623,1750231143,"(12, 18)",C2,True,take_victim,victim_8_,"(11, 9)",8,30,0.375,30.866255044937137,Argo,False,
mission_comm,PA27,human,679,1750231149,"(10, 9)",B2,True,drop_victim,victim_7_,"(10, 9)",7,35,0.375,34.63218688964844,Argo,True,True
mission_comm,PA27,human,739,1750231155,"(7, 4)",A1,True,take_victim,victim_9_,"(8, 10)",9,35,0.4375,34.63218688964844,Argo,False,
mission_comm,PA27,nowill,741,1750231155,"(11, 9)",C2,True,drop_victim,victim_8_,"(11, 9)",8,40,0.4375,34.63218688964844,Argo,True,True
mission_comm,PA27,nowill,761,1750231157,"(4, 10)",D1,True,take_victim,victim_10_,"(9, 10)",10,40,0.5,34.63218688964844,Argo,False,
mission_comm,PA27,human,768,1750231158,"(8, 10)",A1,True,drop_victim,victim_9_,"(8, 10)",9,45,0.5,34.63218688964844,Argo,True,True
mission_comm,PA27,nowill,775,1750231159,"(9, 10)",D1,True,drop_victim,victim_10_,"(9, 10)",10,50,0.5625,34.63218688964844,Argo,True,True
mission_comm,PA27,nowill,795,1750231161,"(2, 8)",D2,True,take_victim,victim_12_,"(11, 10)",12,50,0.625,34.73618292808533,Argo,False,
mission_comm,PA27,human,823,1750231164,"(15, 9)",B1,True,take_victim,victim_11_,"(10, 10)",11,50,0.625,37.66994595527649,Argo,False,
mission_comm,PA27,human,869,1750231169,"(10, 10)",B1,True,drop_victim,victim_11_,"(10, 10)",11,55,0.625,40.99786686897278,Argo,True,True
mission_comm,PA27,nowill,870,1750231169,"(11, 10)",D2,True,drop_victim,victim_12_,"(11, 10)",12,60,0.6875,40.99786686897278,Argo,True,True
mission_comm,PA27,nowill,896,1750231171,"(1, 12)",D2,True,take_victim,victim_13_,"(8, 11)",13,60,0.75,40.99786686897278,Argo,False,
mission_comm,PA27,nowill,914,1750231173,"(8, 11)",D2,True,drop_victim,victim_13_,"(8, 11)",13,65,0.75,40.99786686897278,Argo,True,True
mission_comm,PA27,human,915,1750231173,"(12, 2)",A2,True,take_victim,victim_14_,"(9, 11)",14,65,0.8125,40.99786686897278,Argo,False,
mission_comm,PA27,human,961,1750231178,"(9, 11)",A2,True,drop_victim,victim_14_,"(9, 11)",14,70,0.8125,40.99786686897278,Argo,True,True
mission_comm,PA27,nowill,966,1750231179,"(7, 16)",C1,True,take_victim,victim_16_,"(11, 11)",16,70,0.875,40.99786686897278,Argo,False,
mission_comm,PA27,human,991,1750231181,"(8, 3)",A1,True,take_victim,victim_15_,"(10, 11)",15,70,0.875,40.99786686897278,Argo,False,
mission_comm,PA27,human,1023,1750231185,"(10, 11)",A1,True,drop_victim,victim_15_,"(10, 11)",15,75,0.875,40.99786686897278,Argo,True,True
mission_comm,PA27,nowill,1040,1750231186,"(11, 11)",C1,True,drop_victim,victim_16_,"(11, 11)",16,80,0.9375,40.99786686897278,Argo,True,True
mission_comm,PA18,human,53,1750064844,"(2, 10)",D2,False,take_victim,victim_1_,"(8, 8)",1,0,0.0,0.0,Argo,False,
mission_comm,PA18,nowill,73,1750064846,"(17, 11)",B2,True,take_victim,victim_3_,"(10, 8)",3,0,0.0,0.0,Argo,False,
mission_comm,PA18,human,108,1750064850,"(8, 8)",D2,False,drop_victim,victim_1_,"(8, 8)",1,5,0.0,0.0,Argo,True,True
mission_comm,PA18,human,128,1750064852,"(4, 9)",D1,False,take_victim,victim_2_,"(9, 8)",2,5,0.0625,0.0,Argo,False,
mission_comm,PA18,human,151,1750064854,"(9, 8)",D1,False,drop_victim,victim_2_,"(9, 8)",2,10,0.0625,0.0,Argo,True,True
mission_comm,PA18,nowill,163,1750064855,"(10, 8)",B2,True,drop_victim,victim_3_,"(10, 8)",3,15,0.125,0.0,Argo,True,True
mission_comm,PA18,nowill,217,1750064861,"(16, 12)",B1,True,take_victim,victim_4_,"(11, 8)",4,15,0.1875,0.0,Argo,False,
mission_comm,PA18,nowill,291,1750064869,"(11, 8)",B1,True,drop_victim,victim_4_,"(11, 8)",4,20,0.1875,0.0,Argo,True,True
mission_comm,PA18,nowill,335,1750064873,"(8, 15)",C1,True,take_victim,victim_5_,"(8, 9)",5,20,0.25,0.0,Argo,False,
mission_comm,PA18,human,351,1750064875,"(10, 2)",A2,True,take_victim,victim_9_,"(8, 10)",9,20,0.25,0.0,Argo,False,
mission_comm,PA18,nowill,399,1750064880,"(8, 9)",C1,True,drop_victim,victim_5_,"(8, 9)",5,25,0.25,0.0,Argo,True,True
mission_comm,PA18,nowill,443,1750064885,"(15, 8)",B1,True,take_victim,victim_6_,"(9, 9)",6,25,0.3125,0.0,Argo,False,
mission_comm,PA18,nowill,507,1750064891,"(9, 9)",B1,True,drop_victim,victim_6_,"(9, 9)",6,30,0.3125,0.0,Argo,True,True
mission_comm,PA18,nowill,591,1750064900,"(18, 10)",B2,True,take_victim,victim_7_,"(10, 9)",7,30,0.375,0.0,Argo,False,
mission_comm,PA18,human,651,1750064907,"(9, 3)",A1,True,take_victim,victim_10_,"(9, 10)",10,30,0.375,0.0,Argo,False,
mission_comm,PA18,nowill,695,1750064911,"(10, 9)",B2,True,drop_victim,victim_7_,"(10, 9)",7,35,0.375,0.0,Argo,True,True
mission_comm,PA18,nowill,779,1750064920,"(12, 18)",C2,True,take_victim,victim_8_,"(11, 9)",8,35,0.4375,0.0,Argo,False,
mission_comm,PA18,human,780,1750064920,"(12, 1)",A2,True,take_victim,victim_14_,"(9, 11)",14,35,0.4375,0.0,Argo,False,
mission_comm,PA18,nowill,897,1750064932,"(11, 9)",C2,True,drop_victim,victim_8_,"(11, 9)",8,40,0.4375,0.0,Argo,True,True
mission_comm,PA18,human,923,1750064935,"(9, 6)",A2,True,take_victim,victim_9_,"(8, 10)",9,40,0.5,0.0,Argo,False,
mission_comm,PA18,human,950,1750064938,"(8, 10)",A2,True,drop_victim,victim_9_,"(8, 10)",9,45,0.5,0.0,Argo,True,True
mission_comm,PA18,nowill,953,1750064938,"(11, 16)",C1,True,take_victim,victim_12_,"(11, 10)",12,45,0.5625,0.0,Argo,False,
mission_comm,PA18,human,972,1750064940,"(10, 6)",A1,True,take_victim,victim_10_,"(9, 10)",10,45,0.5625,0.0,Argo,False,
mission_comm,PA18,human,990,1750064942,"(9, 10)",A1,True,drop_victim,victim_10_,"(9, 10)",10,50,0.5625,0.0,Argo,True,True
mission_comm,PA18,human,1038,1750064947,"(3, 12)",D1,False,take_victim,victim_11_,"(10, 10)",11,50,0.625,0.0,Argo,False,
mission_comm,PA18,human,1077,1750064951,"(10, 10)",D1,False,drop_victim,victim_11_,"(10, 10)",11,55,0.625,0.0,Argo,True,True
mission_comm,PA18,nowill,1078,1750064951,"(11, 10)",C1,True,drop_victim,victim_12_,"(11, 10)",12,60,0.6875,0.0,Argo,True,True
mission_comm,PA18,nowill,1146,1750064958,"(11, 17)",C2,True,take_victim,victim_13_,"(8, 11)",13,60,0.75,0.0,Argo,False,
mission_comm,PA18,human,1151,1750064959,"(1, 7)",D2,False,take_victim,victim_15_,"(10, 11)",15,60,0.75,0.0,Argo,False,
mission_comm,PA18,human,1234,1750064968,"(11, 6)",A2,True,take_victim,victim_14_,"(9, 11)",14,60,0.75,0.0,Argo,False,
mission_comm,PA18,nowill,1234,1750064968,"(8, 11)",C2,True,drop_victim,victim_13_,"(8, 11)",13,65,0.75,0.0,Argo,True,True
mission_comm,PA18,human,1264,1750064971,"(9, 11)",A2,True,drop_victim,victim_14_,"(9, 11)",14,70,0.8125,0.0,Argo,True,True
mission_comm,PA18,human,1293,1750064974,"(6, 7)",D2,False,take_victim,victim_15_,"(10, 11)",15,70,0.875,0.0,Argo,False,
mission_comm,PA18,human,1326,1750064977,"(10, 11)",D2,False,drop_victim,victim_15_,"(10, 11)",15,75,0.875,0.0,Argo,True,True
mission_comm,PA18,human,1350,1750064980,"(10, 4)",A1,True,take_victim,victim_16_,"(11, 11)",16,75,0.9375,0.0,Argo,False,
mission_comm,PA18,human,1384,1750064983,"(11, 11)",A1,True,drop_victim,victim_16_,"(11, 11)",16,80,0.9375,0.0,Argo,True,True
mission_comm,PA18,will,15,1750065329,"(2, 7)",D2,True,take_victim,victim_1_,"(8, 8)",1,0,0.0,0.0,Bolt,False,
mission_comm,PA18,will,31,1750065330,"(8, 8)",D2,True,drop_victim,victim_1_,"(8, 8)",1,5,0.0,0.0,Bolt,True,True
mission_comm,PA18,will,103,1750065338,"(12, 17)",C2,True,take_victim,victim_3_,"(10, 8)",3,5,0.0625,0.0,Bolt,False,
mission_comm,PA18,human,203,1750065348,"(16, 12)",B1,False,take_victim,victim_4_,"(11, 8)",4,5,0.0625,8.70671010017395,Bolt,False,
mission_comm,PA18,human,464,1750065376,"(17, 12)",B2,False,take_victim,victim_2_,"(9, 8)",2,5,0.0625,25.7506742477417,Bolt,False,
mission_comm,PA18,human,558,1750065385,"(9, 8)",B2,False,drop_victim,victim_2_,"(9, 8)",2,10,0.0625,32.47529602050781,Bolt,True,True
mission_comm,PA18,will,559,1750065386,"(10, 8)",C2,True,drop_victim,victim_3_,"(10, 8)",3,15,0.125,32.47529602050781,Bolt,True,True
mission_comm,PA18,will,579,1750065388,"(3, 8)",D1,True,take_victim,victim_5_,"(8, 9)",5,15,0.1875,32.47529602050781,Bolt,False,
mission_comm,PA18,human,586,1750065388,"(12, 6)",B1,False,take_victim,victim_4_,"(11, 8)",4,15,0.1875,32.47529602050781,Bolt,False,
mission_comm,PA18,human,613,1750065391,"(11, 8)",B1,False,drop_victim,victim_4_,"(11, 8)",4,20,0.1875,32.47529602050781,Bolt,True,True
mission_comm,PA18,will,614,1750065391,"(8, 9)",D1,True,drop_victim,victim_5_,"(8, 9)",5,25,0.25,32.47529602050781,Bolt,True,True
mission_comm,PA18,will,634,1750065393,"(1, 8)",D2,True,take_victim,victim_7_,"(10, 9)",7,25,0.3125,32.58053398132324,Bolt,False,
mission_comm,PA18,human,696,1750065400,"(18, 8)",B2,False,take_victim,victim_6_,"(9, 9)",6,25,0.3125,39.14241099357605,Bolt,False,
mission_comm,PA18,human,773,1750065408,"(9, 9)",B2,False,drop_victim,victim_6_,"(9, 9)",6,30,0.3125,45.52716016769409,Bolt,True,True
mission_comm,PA18,will,774,1750065408,"(10, 9)",D2,True,drop_victim,victim_7_,"(10, 9)",7,35,0.375,45.52716016769409,Bolt,True,True
mission_comm,PA18,human,810,1750065412,"(10, 2)",A2,True,take_victim,victim_8_,"(11, 9)",8,35,0.4375,45.52716016769409,Bolt,False,
mission_comm,PA18,will,816,1750065412,"(9, 15)",C1,True,take_victim,victim_11_,"(10, 10)",11,35,0.4375,45.52716016769409,Bolt,False,
mission_comm,PA18,human,833,1750065414,"(11, 9)",A2,True,drop_victim,victim_8_,"(11, 9)",8,40,0.4375,45.52716016769409,Bolt,True,True
mission_comm,PA18,human,918,1750065423,"(15, 11)",B1,False,take_victim,victim_9_,"(8, 10)",9,40,0.5,52.77170491218567,Bolt,False,
mission_comm,PA18,human,972,1750065429,"(8, 10)",B1,False,drop_victim,victim_9_,"(8, 10)",9,45,0.5,56.13857007026672,Bolt,True,True
mission_comm,PA18,human,993,1750065431,"(8, 3)",A1,True,take_victim,victim_10_,"(9, 10)",10,45,0.5625,56.13857007026672,Bolt,False,
mission_comm,PA18,human,1018,1750065434,"(9, 10)",A1,True,drop_victim,victim_10_,"(9, 10)",10,50,0.5625,56.13857007026672,Bolt,True,True
mission_comm,PA18,will,1019,1750065434,"(10, 10)",C1,True,drop_victim,victim_11_,"(10, 10)",11,55,0.625,56.13857007026672,Bolt,True,True
mission_comm,PA18,human,1064,1750065438,"(11, 1)",A2,True,take_victim,victim_14_,"(9, 11)",14,55,0.6875,56.13857007026672,Bolt,False,
mission_comm,PA18,will,1101,1750065442,"(9, 18)",C2,True,take_victim,victim_12_,"(11, 10)",12,55,0.6875,56.13857007026672,Bolt,False,
mission_comm,PA18,human,1107,1750065443,"(10, 4)",A1,True,take_victim,victim_13_,"(8, 11)",13,55,0.6875,56.13857007026672,Bolt,False,
mission_comm,PA18,human,1158,1750065448,"(6, 9)",A1,True,take_victim,victim_13_,"(8, 11)",13,55,0.6875,56.13857007026672,Bolt,False,
mission_comm,PA18,will,1205,1750065453,"(11, 10)",C2,True,drop_victim,victim_12_,"(11, 10)",12,60,0.6875,56.13857007026672,Bolt,True,True
mission_comm,PA18,human,1218,1750065455,"(8, 11)",A1,True,drop_victim,victim_13_,"(8, 11)",13,65,0.75,56.13857007026672,Bolt,True,True
mission_comm,PA18,will,1225,1750065455,"(4, 10)",D1,True,take_victim,victim_15_,"(10, 11)",15,65,0.8125,56.13857007026672,Bolt,False,
mission_comm,PA18,human,1243,1750065457,"(11, 6)",A2,True,take_victim,victim_14_,"(9, 11)",14,65,0.8125,56.13857007026672,Bolt,False,
mission_comm,PA18,human,1279,1750065461,"(9, 11)",A2,True,drop_victim,victim_14_,"(9, 11)",14,70,0.8125,56.13857007026672,Bolt,True,True
mission_comm,PA18,will,1280,1750065461,"(10, 11)",D1,True,drop_victim,victim_15_,"(10, 11)",15,75,0.875,56.13857007026672,Bolt,True,True
mission_comm,PA18,will,1332,1750065467,"(11, 16)",C1,True,take_victim,victim_16_,"(11, 11)",16,75,0.9375,56.13857007026672,Bolt,False,
mission_comm,PA18,will,1406,1750065474,"(11, 11)",C1,True,drop_victim,victim_16_,"(11, 11)",16,80,0.9375,56.13857007026672,Bolt,True,True
mission_comm,PA20,human,63,1750072427,"(2, 12)",D2,False,take_victim,victim_1_,"(8, 8)",1,0,0.0,0.0,Bolt,False,
mission_comm,PA20,nowill,69,1750072428,"(8, 17)",C2,True,take_victim,victim_2_,"(9, 8)",2,0,0.0,0.0,Bolt,False,
mission_comm,PA20,human,95,1750072431,"(8, 8)",D2,False,drop_victim,victim_1_,"(8, 8)",1,5,0.0,0.0,Bolt,True,True
mission_comm,PA20,nowill,163,1750072438,"(9, 8)",C2,True,drop_victim,victim_2_,"(9, 8)",2,10,0.0625,0.0,Bolt,True,True
mission_comm,PA20,human,215,1750072443,"(9, 3)",A1,True,take_victim,victim_11_,"(10, 10)",11,10,0.125,0.0,Bolt,False,
mission_comm,PA20,nowill,233,1750072445,"(17, 11)",B2,True,take_victim,victim_3_,"(10, 8)",3,10,0.125,0.0,Bolt,False,
mission_comm,PA20,human,250,1750072447,"(11, 4)",A1,True,take_victim,victim_7_,"(10, 9)",7,10,0.125,0.0,Bolt,False,
mission_comm,PA20,human,271,1750072449,"(11, 1)",A2,True,take_victim,victim_12_,"(11, 10)",12,10,0.125,0.0,Bolt,False,
mission_comm,PA20,human,311,1750072453,"(10, 2)",A2,True,take_victim,victim_6_,"(9, 9)",6,10,0.125,0.0,Bolt,False,
mission_comm,PA20,nowill,323,1750072455,"(10, 8)",B2,True,drop_victim,victim_3_,"(10, 8)",3,15,0.125,0.0,Bolt,True,True
mission_comm,PA20,human,351,1750072457,"(3, 8)",D1,False,take_victim,victim_9_,"(8, 10)",9,15,0.1875,0.0,Bolt,False,
mission_comm,PA20,nowill,363,1750072459,"(15, 12)",B1,True,take_victim,victim_4_,"(11, 8)",4,15,0.1875,0.0,Bolt,False,
mission_comm,PA20,human,390,1750072462,"(4, 11)",D1,False,take_victim,victim_5_,"(8, 9)",5,15,0.1875,0.0,Bolt,False,
mission_comm,PA20,nowill,423,1750072465,"(11, 8)",B1,True,drop_victim,victim_4_,"(11, 8)",4,20,0.1875,0.0,Bolt,True,True
mission_comm,PA20,human,432,1750072466,"(1, 8)",D2,False,take_victim,victim_15_,"(10, 11)",15,20,0.25,0.0,Bolt,False,
mission_comm,PA20,nowill,475,1750072470,"(16, 10)",B1,True,take_victim,victim_8_,"(11, 9)",8,20,0.25,0.0,Bolt,False,
mission_comm,PA20,human,586,1750072482,"(9, 15)",C1,False,take_victim,victim_10_,"(9, 10)",10,20,0.25,7.000226974487305,Bolt,False,
mission_comm,PA20,human,645,1750072488,"(6, 9)",D1,False,take_victim,victim_5_,"(8, 9)",5,20,0.25,10.236333847045898,Bolt,False,
mission_comm,PA20,human,656,1750072489,"(8, 9)",D1,False,drop_victim,victim_5_,"(8, 9)",5,25,0.25,10.236333847045898,Bolt,True,True
mission_comm,PA20,human,689,1750072493,"(8, 6)",A2,True,take_victim,victim_6_,"(9, 9)",6,25,0.3125,10.236333847045898,Bolt,False,
mission_comm,PA20,human,703,1750072494,"(9, 9)",A2,True,drop_victim,victim_6_,"(9, 9)",6,30,0.3125,10.236333847045898,Bolt,True,True
mission_comm,PA20,human,719,1750072496,"(11, 6)",A1,True,take_victim,victim_7_,"(10, 9)",7,30,0.375,10.236333847045898,Bolt,False,
mission_comm,PA20,human,734,1750072497,"(10, 9)",A1,True,drop_victim,victim_7_,"(10, 9)",7,35,0.375,10.236333847045898,Bolt,True,True
mission_comm,PA20,nowill,735,1750072498,"(11, 9)",B1,True,drop_victim,victim_8_,"(11, 9)",8,40,0.4375,10.236333847045898,Bolt,True,True
mission_comm,PA20,human,750,1750072499,"(6, 10)",D1,False,take_victim,victim_9_,"(8, 10)",9,40,0.5,10.236333847045898,Bolt,False,
mission_comm,PA20,human,759,1750072500,"(8, 10)",D1,False,drop_victim,victim_9_,"(8, 10)",9,45,0.5,10.236333847045898,Bolt,True,True
mission_comm,PA20,human,785,1750072503,"(6, 7)",C1,False,take_victim,victim_10_,"(9, 10)",10,45,0.5625,10.236333847045898,Bolt,False,
mission_comm,PA20,human,804,1750072505,"(9, 10)",C1,False,drop_victim,victim_10_,"(9, 10)",10,50,0.5625,10.236333847045898,Bolt,True,True
mission_comm,PA20,human,816,1750072506,"(9, 6)",A1,True,take_victim,victim_11_,"(10, 10)",11,50,0.625,10.236333847045898,Bolt,False,
mission_comm,PA20,nowill,819,1750072506,"(9, 18)",C2,True,take_victim,victim_13_,"(8, 11)",13,50,0.625,10.236333847045898,Bolt,False,
mission_comm,PA20,human,839,1750072508,"(10, 10)",A1,True,drop_victim,victim_11_,"(10, 10)",11,55,0.625,10.236333847045898,Bolt,True,True
mission_comm,PA20,human,859,1750072511,"(10, 6)",A2,True,take_victim,victim_12_,"(11, 10)",12,55,0.6875,10.236333847045898,Bolt,False,
mission_comm,PA20,human,879,1750072513,"(11, 10)",A2,True,drop_victim,victim_12_,"(11, 10)",12,60,0.6875,10.236333847045898,Bolt,True,True
mission_comm,PA20,nowill,921,1750072517,"(8, 11)",C2,True,drop_victim,victim_13_,"(8, 11)",13,65,0.75,12.114557981491089,Bolt,True,True
mission_comm,PA20,nowill,973,1750072522,"(11, 16)",C1,True,take_victim,victim_14_,"(9, 11)",14,65,0.8125,17.77546191215515,Bolt,False,
mission_comm,PA20,human,1000,1750072525,"(18, 9)",B2,True,take_victim,victim_16_,"(11, 11)",16,65,0.8125,20.601031064987183,Bolt,False,
mission_comm,PA20,nowill,1047,1750072530,"(9, 11)",C1,True,drop_victim,victim_14_,"(9, 11)",14,70,0.8125,24.747642993927,Bolt,True,True
mission_comm,PA20,human,1095,1750072535,"(6, 8)",D2,False,take_victim,victim_15_,"(10, 11)",15,70,0.875,26.63519501686096,Bolt,False,
mission_comm,PA20,human,1117,1750072538,"(10, 11)",D2,False,drop_victim,victim_15_,"(10, 11)",15,75,0.875,26.63519501686096,Bolt,True,True
mission_comm,PA20,human,1133,1750072539,"(12, 8)",B2,True,take_victim,victim_16_,"(11, 11)",16,75,0.9375,26.63519501686096,Bolt,False,
mission_comm,PA20,human,1154,1750072541,"(11, 11)",B2,True,drop_victim,victim_16_,"(11, 11)",16,80,0.9375,26.63519501686096,Bolt,True,True
mission_comm,PA20,human,66,1750072683,"(10, 4)",A1,True,take_victim,victim_4_,"(11, 8)",4,0,0.0,0.0,Argo,False,
mission_comm,PA20,will,87,1750072685,"(18, 8)",B2,True,take_victim,victim_1_,"(8, 8)",1,0,0.0,0.0,Argo,False,
mission_comm,PA20,human,102,1750072687,"(12, 3)",A1,True,take_victim,victim_13_,"(8, 11)",13,0,0.0,0.0,Argo,False,
mission_comm,PA20,human,138,1750072691,"(8, 1)",A2,True,take_victim,victim_12_,"(11, 10)",12,0,0.0,0.0,Argo,False,
mission_comm,PA20,human,178,1750072695,"(7, 2)",A2,True,take_victim,victim_2_,"(9, 8)",2,0,0.0,0.0,Argo,False,
mission_comm,PA20,will,195,1750072697,"(8, 8)",B2,True,drop_victim,victim_1_,"(8, 8)",1,5,0.0,0.0,Argo,True,True
mission_comm,PA20,human,218,1750072699,"(3, 12)",D1,True,take_victim,victim_6_,"(9, 9)",6,5,0.0625,0.0,Argo,False,
mission_comm,PA20,will,239,1750072701,"(15, 8)",B1,True,take_victim,victim_5_,"(8, 9)",5,5,0.0625,0.0,Argo,False,
mission_comm,PA20,human,258,1750072703,"(4, 9)",D1,True,take_victim,victim_3_,"(10, 8)",3,5,0.0625,0.0,Argo,False,
mission_comm,PA20,human,286,1750072706,"(2, 9)",D2,True,take_victim,victim_15_,"(10, 11)",15,5,0.0625,0.0,Argo,False,
mission_comm,PA20,human,318,1750072709,"(1, 10)",D2,True,take_victim,victim_11_,"(10, 10)",11,5,0.0625,0.0,Argo,False,
mission_comm,PA20,human,346,1750072712,"(8, 6)",A2,True,take_victim,victim_2_,"(9, 8)",2,5,0.0625,0.0,Argo,False,
mission_comm,PA20,human,358,1750072714,"(9, 8)",A2,True,drop_victim,victim_2_,"(9, 8)",2,10,0.0625,0.0,Argo,True,True
mission_comm,PA20,human,368,1750072715,"(6, 8)",D1,True,take_victim,victim_3_,"(10, 8)",3,10,0.125,0.0,Argo,False,
mission_comm,PA20,human,382,1750072716,"(10, 8)",D1,True,drop_victim,victim_3_,"(10, 8)",3,15,0.125,0.0,Argo,True,True
mission_comm,PA20,human,393,1750072717,"(10, 6)",A1,True,take_victim,victim_4_,"(11, 8)",4,15,0.1875,0.0,Argo,False,
mission_comm,PA20,human,407,1750072719,"(11, 8)",A1,True,drop_victim,victim_4_,"(11, 8)",4,20,0.1875,0.0,Argo,True,True
mission_comm,PA20,will,408,1750072719,"(8, 9)",B1,True,drop_victim,victim_5_,"(8, 9)",5,25,0.25,0.0,Argo,True,True
mission_comm,PA20,human,430,1750072721,"(6, 9)",D1,True,take_victim,victim_6_,"(9, 9)",6,25,0.3125,0.0,Argo,False,
mission_comm,PA20,human,439,1750072722,"(9, 9)",D1,True,drop_victim,victim_6_,"(9, 9)",6,30,0.3125,0.0,Argo,True,True
mission_comm,PA20,will,466,1750072725,"(16, 10)",B1,True,take_victim,victim_7_,"(10, 9)",7,30,0.375,0.0,Argo,False,
mission_comm,PA20,human,533,1750072732,"(9, 17)",C2,False,take_victim,victim_8_,"(11, 9)",8,30,0.375,5.34765887260437,Argo,False,
mission_comm,PA20,will,542,1750072733,"(10, 9)",B1,True,drop_victim,victim_7_,"(10, 9)",7,35,0.375,5.769531965255737,Argo,True,True
mission_comm,PA20,will,598,1750072739,"(9, 16)",C1,True,take_victim,victim_9_,"(8, 10)",9,35,0.4375,10.483920097351074,Argo,False,
mission_comm,PA20,human,605,1750072740,"(11, 9)",C2,False,drop_victim,victim_8_,"(11, 9)",8,40,0.4375,10.483920097351074,Argo,True,True
mission_comm,PA20,will,674,1750072747,"(8, 10)",C1,True,drop_victim,victim_9_,"(8, 10)",9,45,0.5,10.483920097351074,Argo,True,True
mission_comm,PA20,will,714,1750072751,"(12, 15)",C1,True,take_victim,victim_10_,"(9, 10)",10,45,0.5625,11.7487211227417,Argo,False,
mission_comm,PA20,human,772,1750072757,"(17, 11)",B2,False,take_victim,victim_14_,"(9, 11)",14,45,0.5625,18.31930375099182,Argo,False,
mission_comm,PA20,will,776,1750072757,"(9, 10)",C1,True,drop_victim,victim_10_,"(9, 10)",10,50,0.5625,18.637794017791748,Argo,True,True
mission_comm,PA20,human,851,1750072765,"(6, 6)",D2,True,take_victim,victim_11_,"(10, 10)",11,50,0.625,23.543295860290527,Argo,False,
mission_comm,PA20,will,858,1750072766,"(11, 18)",C2,True,take_victim,victim_16_,"(11, 11)",16,50,0.625,23.543295860290527,Argo,False,
mission_comm,PA20,human,879,1750072768,"(10, 10)",D2,True,drop_victim,victim_11_,"(10, 10)",11,55,0.625,23.543295860290527,Argo,True,True
mission_comm,PA20,human,908,1750072771,"(9, 6)",A2,True,take_victim,victim_12_,"(11, 10)",12,55,0.6875,23.543295860290527,Argo,False,
mission_comm,PA20,human,925,1750072773,"(11, 10)",A2,True,drop_victim,victim_12_,"(11, 10)",12,60,0.6875,23.543295860290527,Argo,True,True
mission_comm,PA20,human,940,1750072775,"(11, 6)",A1,True,take_victim,victim_13_,"(8, 11)",13,60,0.75,23.543295860290527,Argo,False,
mission_comm,PA20,human,964,1750072777,"(8, 11)",A1,True,drop_victim,victim_13_,"(8, 11)",13,65,0.75,23.543295860290527,Argo,True,True
mission_comm,PA20,human,980,1750072779,"(6, 9)",B2,False,take_victim,victim_14_,"(9, 11)",14,65,0.8125,23.543295860290527,Argo,False,
mission_comm,PA20,human,996,1750072781,"(9, 11)",B2,False,drop_victim,victim_14_,"(9, 11)",14,70,0.8125,23.543295860290527,Argo,True,True
mission_comm,PA20,human,1011,1750072782,"(6, 10)",D2,True,take_victim,victim_15_,"(10, 11)",15,70,0.875,23.543295860290527,Argo,False,
mission_comm,PA20,human,1024,1750072783,"(10, 11)",D2,True,drop_victim,victim_15_,"(10, 11)",15,75,0.875,23.543295860290527,Argo,True,True
mission_comm,PA20,will,1025,1750072784,"(11, 11)",C2,True,drop_victim,victim_16_,"(11, 11)",16,80,0.9375,23.543295860290527,Argo,True,True
mission_comm,PA6,will,59,1749629456,"(16, 11)",B1,True,take_victim,victim_4_,"(11, 8)",4,0,0.0,0.0,Bolt,False,
mission_comm,PA6,human,111,1749629462,"(1, 7)",D2,True,take_victim,victim_2_,"(9, 8)",2,0,0.0,0.0,Bolt,False,
mission_comm,PA6,human,175,1749629468,"(9, 8)",D2,True,drop_victim,victim_2_,"(9, 8)",2,2,0.0,0.0,Bolt,True,False
mission_comm,PA6,human,833,1749629537,"(12, 4)",A1,True,take_victim,victim_1_,"(8, 8)",1,2,0.0625,0.0,Bolt,False,
mission_comm,PA6,human,875,1749629542,"(8, 8)",A1,True,drop_victim,victim_1_,"(8, 8)",1,7,0.0625,0.0,Bolt,True,True
mission_comm,PA6,human,959,1749629551,"(3, 7)",D1,True,take_victim,victim_3_,"(10, 8)",3,7,0.125,0.0,Bolt,False,
mission_comm,PA6,human,1010,1749629556,"(10, 8)",D1,True,drop_victim,victim_3_,"(10, 8)",3,12,0.125,0.0,Bolt,True,True
mission_comm,PA6,will,1011,1749629556,"(11, 8)",B1,True,drop_victim,victim_4_,"(11, 8)",4,17,0.1875,0.0,Bolt,True,True
mission_comm,PA6,will,1077,1749629563,"(17, 11)",B2,True,take_victim,victim_6_,"(9, 9)",6,17,0.25,0.0,Bolt,False,
mission_comm,PA6,human,1141,1749629570,"(10, 1)",A2,True,take_victim,victim_5_,"(8, 9)",5,17,0.25,0.0,Bolt,False,
mission_comm,PA6,human,1208,1749629577,"(8, 9)",A2,True,drop_victim,victim_5_,"(8, 9)",5,22,0.25,0.0,Bolt,True,True
mission_comm,PA6,will,1209,1749629577,"(9, 9)",B2,True,drop_victim,victim_6_,"(9, 9)",6,27,0.3125,0.0,Bolt,True,True
mission_comm,PA6,will,1293,1749629586,"(12, 18)",C2,True,take_victim,victim_7_,"(10, 9)",7,27,0.375,0.0,Bolt,False,
mission_comm,PA6,human,1328,1749629589,"(8, 2)",A2,True,take_victim,victim_9_,"(8, 10)",9,27,0.375,0.0,Bolt,False,
mission_comm,PA6,human,1360,1749629593,"(8, 10)",A2,True,drop_victim,victim_9_,"(8, 10)",9,29,0.375,0.0,Bolt,True,False
mission_comm,PA6,will,1399,1749629597,"(10, 9)",C2,True,drop_victim,victim_7_,"(10, 9)",7,34,0.4375,0.0,Bolt,True,True
mission_comm,PA6,human,1409,1749629598,"(4, 10)",D1,True,take_victim,victim_10_,"(9, 10)",10,34,0.5,0.0,Bolt,False,
mission_comm,PA6,human,1429,1749629600,"(9, 10)",D1,True,drop_victim,victim_10_,"(9, 10)",10,36,0.5,0.0,Bolt,True,False
mission_comm,PA6,will,1481,1749629605,"(18, 10)",B2,True,take_victim,victim_8_,"(11, 9)",8,36,0.5625,0.0,Bolt,False,
mission_comm,PA6,human,1543,1749629612,"(7, 3)",A1,True,take_victim,victim_14_,"(9, 11)",14,36,0.5625,0.0,Bolt,False,
mission_comm,PA6,human,1573,1749629615,"(9, 11)",A1,True,drop_victim,victim_14_,"(9, 11)",14,38,0.5625,0.0,Bolt,True,False
mission_comm,PA6,will,1583,1749629616,"(11, 9)",B2,True,drop_victim,victim_8_,"(11, 9)",8,43,0.625,0.0,Bolt,True,True
mission_comm,PA6,will,1621,1749629620,"(15, 8)",B1,True,take_victim,victim_11_,"(10, 10)",11,43,0.6875,0.0,Bolt,False,
mission_comm,PA6,human,1651,1749629623,"(2, 8)",D2,True,take_victim,victim_16_,"(11, 11)",16,43,0.6875,0.0,Bolt,False,
mission_comm,PA6,will,1683,1749629626,"(10, 10)",B1,True,drop_victim,victim_11_,"(10, 10)",11,48,0.6875,0.0,Bolt,True,True
mission_comm,PA6,human,1725,1749629631,"(11, 11)",D2,True,drop_victim,victim_16_,"(11, 11)",16,50,0.75,0.0,Bolt,True,False
mission_comm,PA6,will,1737,1749629632,"(9, 16)",C1,True,take_victim,victim_12_,"(11, 10)",12,50,0.8125,0.0,Bolt,False,
mission_comm,PA6,will,1813,1749629640,"(11, 10)",C1,True,drop_victim,victim_12_,"(11, 10)",12,55,0.8125,1.6769671440124512,Bolt,True,True
mission_comm,PA6,will,1853,1749629644,"(10, 15)",C1,True,take_victim,victim_13_,"(8, 11)",13,55,0.875,6.381885290145874,Bolt,False,
mission_comm,PA6,will,1913,1749629651,"(8, 11)",C1,True,drop_victim,victim_13_,"(8, 11)",13,60,0.875,12.143283128738403,Bolt,True,True
mission_comm,PA6,will,1979,1749629657,"(9, 17)",C2,True,take_victim,victim_15_,"(10, 11)",15,60,0.9375,19.368632078170776,Bolt,False,
mission_comm,PA6,will,2067,1749629667,"(10, 11)",C2,True,drop_victim,victim_15_,"(10, 11)",15,65,0.9375,25.23393821716309,Bolt,True,True
mission_comm,PA6,nowill,41,1749629976,"(8, 15)",C1,True,take_victim,victim_1_,"(8, 8)",1,0,0.0,0.0,Argo,False,
mission_comm,PA6,nowill,107,1749629983,"(8, 8)",C1,True,drop_victim,victim_1_,"(8, 8)",1,5,0.0,0.0,Argo,True,True
mission_comm,PA6,human,128,1749629985,"(12, 4)",A1,True,take_victim,victim_2_,"(9, 8)",2,5,0.0625,0.0,Argo,False,
mission_comm,PA6,human,165,1749629989,"(9, 8)",A1,True,drop_victim,victim_2_,"(9, 8)",2,10,0.0625,0.0,Argo,True,True
mission_comm,PA6,nowill,165,1749629989,"(16, 7)",B1,True,take_victim,victim_4_,"(11, 8)",4,10,0.0625,0.0,Argo,False,
mission_comm,PA6,human,228,1749629995,"(8, 1)",A2,True,take_victim,victim_3_,"(10, 8)",3,10,0.125,0.0,Argo,False,
mission_comm,PA6,human,272,1749630000,"(10, 8)",A2,True,drop_victim,victim_3_,"(10, 8)",3,15,0.125,0.0,Argo,True,True
mission_comm,PA6,nowill,273,1749630000,"(11, 8)",B1,True,drop_victim,victim_4_,"(11, 8)",4,20,0.1875,0.0,Argo,True,True
mission_comm,PA6,human,321,1749630005,"(9, 2)",A2,True,take_victim,victim_5_,"(8, 9)",5,20,0.25,0.0,Argo,False,
mission_comm,PA6,nowill,339,1749630007,"(17, 12)",B2,True,take_victim,victim_6_,"(9, 9)",6,20,0.25,0.0,Argo,False,
mission_comm,PA6,human,376,1749630011,"(8, 9)",A2,True,drop_victim,victim_5_,"(8, 9)",5,25,0.25,0.0,Argo,True,True
mission_comm,PA6,nowill,431,1749630017,"(9, 9)",B2,True,drop_victim,victim_6_,"(9, 9)",6,30,0.3125,0.0,Argo,True,True
mission_comm,PA6,human,441,1749630018,"(2, 9)",D2,False,take_victim,victim_7_,"(10, 9)",7,30,0.375,0.0,Argo,False,
mission_comm,PA6,human,482,1749630022,"(10, 9)",D2,False,drop_victim,victim_7_,"(10, 9)",7,35,0.375,0.0,Argo,True,True
mission_comm,PA6,nowill,515,1749630026,"(18, 10)",B2,True,take_victim,victim_8_,"(11, 9)",8,35,0.4375,0.0,Argo,False,
mission_comm,PA6,human,553,1749630030,"(1, 11)",D2,False,take_victim,victim_9_,"(8, 10)",9,35,0.4375,0.0,Argo,False,
mission_comm,PA6,human,614,1749630036,"(8, 10)",D2,False,drop_victim,victim_9_,"(8, 10)",9,37,0.4375,0.0,Argo,True,False
mission_comm,PA6,nowill,617,1749630036,"(11, 9)",B2,True,drop_victim,victim_8_,"(11, 9)",8,42,0.5,0.0,Argo,True,True
mission_comm,PA6,human,670,1749630042,"(3, 12)",D1,False,take_victim,victim_10_,"(9, 10)",10,42,0.5625,0.0,Argo,False,
mission_comm,PA6,nowill,687,1749630044,"(10, 17)",C2,True,take_victim,victim_11_,"(10, 10)",11,42,0.5625,0.0,Argo,False,
mission_comm,PA6,human,913,1749630067,"(8, 11)",D1,False,take_victim,victim_10_,"(9, 10)",10,42,0.5625,1.1390187740325928,Argo,False,
mission_comm,PA6,human,930,1749630069,"(9, 10)",D1,False,drop_victim,victim_10_,"(9, 10)",10,47,0.5625,1.1390187740325928,Argo,True,True
mission_comm,PA6,nowill,931,1749630069,"(10, 10)",C2,True,drop_victim,victim_11_,"(10, 10)",11,52,0.625,1.1390187740325928,Argo,True,True
mission_comm,PA6,human,999,1749630076,"(4, 10)",D1,False,take_victim,victim_13_,"(8, 11)",13,52,0.6875,1.1390187740325928,Argo,False,
mission_comm,PA6,nowill,1013,1749630078,"(8, 18)",C2,True,take_victim,victim_12_,"(11, 10)",12,52,0.6875,1.1390187740325928,Argo,False,
mission_comm,PA6,human,1039,1749630081,"(8, 11)",D1,False,drop_victim,victim_13_,"(8, 11)",13,54,0.6875,1.1390187740325928,Argo,True,False
mission_comm,PA6,human,1080,1749630085,"(8, 3)",A1,True,take_victim,victim_16_,"(11, 11)",16,54,0.75,1.1390187740325928,Argo,False,
mission_comm,PA6,nowill,1117,1749630089,"(11, 10)",C2,True,drop_victim,victim_12_,"(11, 10)",12,59,0.75,1.1390187740325928,Argo,True,True
mission_comm,PA6,human,1127,1749630090,"(11, 11)",A1,True,drop_victim,victim_16_,"(11, 11)",16,61,0.8125,1.1390187740325928,Argo,True,False
mission_comm,PA6,nowill,1155,1749630093,"(15, 8)",B1,True,take_victim,victim_14_,"(9, 11)",14,61,0.875,1.1390187740325928,Argo,False,
mission_comm,PA6,nowill,1219,1749630099,"(9, 11)",B1,True,drop_victim,victim_14_,"(9, 11)",14,66,0.875,1.1390187740325928,Argo,True,True
mission_comm,PA6,nowill,1271,1749630105,"(10, 16)",C1,True,take_victim,victim_15_,"(10, 11)",15,66,0.9375,3.1953377723693848,Argo,False,
mission_comm,PA6,nowill,1345,1749630113,"(10, 11)",C1,True,drop_victim,victim_15_,"(10, 11)",15,71,0.9375,6.024908781051636,Argo,True,True
mission_comm,PA1,will,59,1749142071,"(16, 12)",B1,True,take_victim,victim_2_,"(9, 8)",2,0,0.0,0.0,Argo,False,
mission_comm,PA1,human,648,1749142133,"(8, 1)",A2,False,take_victim,victim_1_,"(8, 8)",1,0,0.0,0.0,Argo,False,
mission_comm,PA1,human,674,1749142136,"(8, 8)",A2,False,drop_victim,victim_1_,"(8, 8)",1,5,0.0,0.0,Argo,True,True
mission_comm,PA1,will,675,1749142136,"(9, 8)",B1,True,drop_victim,victim_2_,"(9, 8)",2,10,0.0625,0.0,Argo,True,True
mission_comm,PA1,will,759,1749142145,"(18, 11)",B2,True,take_victim,victim_6_,"(9, 9)",6,10,0.125,0.0,Argo,False,
mission_comm,PA1,human,778,1749142147,"(7, 4)",A1,True,take_victim,victim_3_,"(10, 8)",3,10,0.125,0.0,Argo,False,
mission_comm,PA1,human,823,1749142151,"(10, 8)",A1,True,drop_victim,victim_3_,"(10, 8)",3,15,0.125,0.0,Argo,True,True
mission_comm,PA1,human,875,1749142157,"(3, 10)",D1,True,take_victim,victim_4_,"(11, 8)",4,15,0.1875,0.0,Argo,False,
mission_comm,PA1,human,914,1749142161,"(11, 8)",D1,True,drop_victim,victim_4_,"(11, 8)",4,20,0.1875,0.0,Argo,True,True
mission_comm,PA1,human,944,1749142164,"(4, 9)",D1,True,take_victim,victim_5_,"(8, 9)",5,20,0.25,0.0,Argo,False,
mission_comm,PA1,human,966,1749142166,"(8, 9)",D1,True,drop_victim,victim_5_,"(8, 9)",5,25,0.25,0.0,Argo,True,True
mission_comm,PA1,will,967,1749142166,"(9, 9)",B2,True,drop_victim,victim_6_,"(9, 9)",6,30,0.3125,0.0,Argo,True,True
mission_comm,PA1,human,1003,1749142170,"(2, 11)",D2,False,take_victim,victim_7_,"(10, 9)",7,30,0.375,0.0,Argo,False,
mission_comm,PA1,will,1009,1749142171,"(15, 9)",B1,True,take_victim,victim_8_,"(11, 9)",8,30,0.375,0.0,Argo,False,
mission_comm,PA1,human,1069,1749142177,"(10, 9)",D2,False,drop_victim,victim_7_,"(10, 9)",7,35,0.375,0.0,Argo,True,True
mission_comm,PA1,will,1070,1749142177,"(11, 9)",B1,True,drop_victim,victim_8_,"(11, 9)",8,40,0.4375,0.0,Argo,True,True
mission_comm,PA1,will,1126,1749142183,"(7, 16)",C1,True,take_victim,victim_9_,"(8, 10)",9,40,0.5,0.0,Argo,False,
mission_comm,PA1,human,1160,1749142187,"(1, 12)",D2,False,take_victim,victim_10_,"(9, 10)",10,40,0.5,0.0,Argo,False,
mission_comm,PA1,will,1202,1749142191,"(8, 10)",C1,True,drop_victim,victim_9_,"(8, 10)",9,45,0.5,0.0,Argo,True,True
mission_comm,PA1,human,1207,1749142192,"(9, 10)",D2,False,drop_victim,victim_10_,"(9, 10)",10,50,0.5625,0.0,Argo,True,True
mission_comm,PA1,will,1242,1749142195,"(10, 15)",C1,True,take_victim,victim_11_,"(10, 10)",11,50,0.625,0.0,Argo,False,
mission_comm,PA1,human,1259,1749142197,"(10, 3)",A1,True,take_victim,victim_12_,"(11, 10)",12,50,0.625,0.0,Argo,False,
mission_comm,PA1,will,1304,1749142202,"(10, 10)",C1,True,drop_victim,victim_11_,"(10, 10)",11,55,0.625,0.0,Argo,True,True
mission_comm,PA1,human,1311,1749142202,"(11, 10)",A1,True,drop_victim,victim_12_,"(11, 10)",12,60,0.6875,0.0,Argo,True,True
mission_comm,PA1,will,1386,1749142210,"(8, 18)",C2,True,take_victim,victim_13_,"(8, 11)",13,60,0.75,0.0,Argo,False,
mission_comm,PA1,human,1414,1749142213,"(9, 2)",A2,False,take_victim,victim_16_,"(11, 11)",16,60,0.75,0.0,Argo,False,
mission_comm,PA1,will,1488,1749142221,"(8, 11)",C2,True,drop_victim,victim_13_,"(8, 11)",13,65,0.75,0.0,Argo,True,True
mission_comm,PA1,will,1560,1749142229,"(17, 8)",B2,True,take_victim,victim_14_,"(9, 11)",14,65,0.8125,0.0,Argo,False,
mission_comm,PA1,will,1652,1749142238,"(9, 11)",B2,True,drop_victim,victim_14_,"(9, 11)",14,70,0.8125,0.0,Argo,True,True
mission_comm,PA1,will,1718,1749142245,"(7, 17)",C2,True,take_victim,victim_15_,"(10, 11)",15,70,0.875,0.0,Argo,False,
mission_comm,PA1,will,1806,1749142254,"(10, 11)",C2,True,drop_victim,victim_15_,"(10, 11)",15,75,0.875,0.0,Argo,True,True
mission_comm,PA1,human,1813,1749142255,"(11, 11)",A2,False,drop_victim,victim_16_,"(11, 11)",16,80,0.9375,0.0,Argo,True,True
mission_comm,PA1,nowill,11,1749142481,"(4, 12)",D1,True,take_victim,victim_2_,"(9, 8)",2,0,0.0,0.0,Bolt,False,
mission_comm,PA1,human,169,1749142497,"(15, 10)",B1,True,take_victim,victim_1_,"(8, 8)",1,0,0.0,6.094537019729614,Bolt,False,
mission_comm,PA1,human,231,1749142504,"(8, 8)",B1,True,drop_victim,victim_1_,"(8, 8)",1,5,0.0,9.442915916442873,Bolt,True,True
mission_comm,PA1,nowill,232,1749142504,"(9, 8)",D1,True,drop_victim,victim_2_,"(9, 8)",2,10,0.0625,9.442915916442873,Bolt,True,True
mission_comm,PA1,nowill,252,1749142506,"(2, 8)",D2,True,take_victim,victim_3_,"(10, 8)",3,10,0.125,9.442915916442873,Bolt,False,
mission_comm,PA1,nowill,272,1749142508,"(10, 8)",D2,True,drop_victim,victim_3_,"(10, 8)",3,15,0.125,9.442915916442873,Bolt,True,True
mission_comm,PA1,human,291,1749142510,"(11, 4)",A1,True,take_victim,victim_4_,"(11, 8)",4,15,0.1875,9.442915916442873,Bolt,False,
mission_comm,PA1,nowill,296,1749142511,"(1, 7)",D2,True,take_victim,victim_5_,"(8, 9)",5,15,0.1875,9.442915916442873,Bolt,False,
mission_comm,PA1,human,309,1749142512,"(11, 8)",A1,True,drop_victim,victim_4_,"(11, 8)",4,20,0.1875,9.442915916442873,Bolt,True,True
mission_comm,PA1,nowill,314,1749142512,"(8, 9)",D2,True,drop_victim,victim_5_,"(8, 9)",5,25,0.25,9.442915916442873,Bolt,True,True
mission_comm,PA1,nowill,398,1749142521,"(10, 18)",C2,True,take_victim,victim_6_,"(9, 9)",6,25,0.3125,15.63453483581543,Bolt,False,
mission_comm,PA1,human,499,1749142532,"(10, 1)",A2,True,take_victim,victim_7_,"(10, 9)",7,25,0.3125,22.91891884803772,Bolt,False,
mission_comm,PA1,nowill,504,1749142532,"(9, 9)",C2,True,drop_victim,victim_6_,"(9, 9)",6,30,0.3125,22.91891884803772,Bolt,True,True
mission_comm,PA1,nowill,522,1749142534,"(3, 8)",D1,True,take_victim,victim_8_,"(11, 9)",8,30,0.375,22.91891884803772,Bolt,False,
mission_comm,PA1,human,527,1749142535,"(10, 9)",A2,True,drop_victim,victim_7_,"(10, 9)",7,35,0.375,22.91891884803772,Bolt,True,True
mission_comm,PA1,nowill,542,1749142536,"(11, 9)",D1,True,drop_victim,victim_8_,"(11, 9)",8,40,0.4375,22.91891884803772,Bolt,True,True
mission_comm,PA1,nowill,612,1749142544,"(12, 17)",C2,True,take_victim,victim_12_,"(11, 10)",12,40,0.5,26.062468767166138,Bolt,False,
mission_comm,PA1,human,684,1749142551,"(18, 8)",B2,True,take_victim,victim_9_,"(8, 10)",9,40,0.5,33.91792678833008,Bolt,False,
mission_comm,PA1,human,764,1749142560,"(8, 10)",B2,True,drop_victim,victim_9_,"(8, 10)",9,45,0.5,39.89155864715576,Bolt,True,True
mission_comm,PA1,human,804,1749142564,"(11, 2)",A2,True,take_victim,victim_10_,"(9, 10)",10,45,0.5625,39.89155864715576,Bolt,False,
mission_comm,PA1,human,832,1749142567,"(9, 10)",A2,True,drop_victim,victim_10_,"(9, 10)",10,50,0.5625,39.89155864715576,Bolt,True,True
mission_comm,PA1,human,922,1749142576,"(16, 7)",B1,True,take_victim,victim_11_,"(10, 10)",11,50,0.625,46.291828870773315,Bolt,False,
mission_comm,PA1,human,984,1749142583,"(10, 10)",B1,True,drop_victim,victim_11_,"(10, 10)",11,55,0.625,50.38510584831238,Bolt,True,True
mission_comm,PA1,nowill,985,1749142583,"(11, 10)",C2,True,drop_victim,victim_12_,"(11, 10)",12,60,0.6875,50.38510584831238,Bolt,True,True
mission_comm,PA1,nowill,1025,1749142587,"(8, 15)",C1,True,take_victim,victim_13_,"(8, 11)",13,60,0.75,50.38510584831238,Bolt,False,
mission_comm,PA1,human,1039,1749142588,"(12, 3)",A1,True,take_victim,victim_14_,"(9, 11)",14,60,0.75,50.38510584831238,Bolt,False,
mission_comm,PA1,nowill,1085,1749142593,"(8, 11)",C1,True,drop_victim,victim_13_,"(8, 11)",13,65,0.75,50.38510584831238,Bolt,True,True
mission_comm,PA1,human,1093,1749142594,"(9, 11)",A1,True,drop_victim,victim_14_,"(9, 11)",14,70,0.8125,50.38510584831238,Bolt,True,True
mission_comm,PA1,nowill,1137,1749142599,"(7, 16)",C1,True,take_victim,victim_16_,"(11, 11)",16,70,0.875,53.32258677482605,Bolt,False,
mission_comm,PA1,human,1228,1749142608,"(17, 11)",B2,True,take_victim,victim_15_,"(10, 11)",15,70,0.875,63.48009181022644,Bolt,False,
mission_comm,PA1,human,1296,1749142615,"(10, 11)",B2,True,drop_victim,victim_15_,"(10, 11)",15,75,0.875,68.59415793418884,Bolt,True,True
mission_comm,PA1,nowill,1297,1749142615,"(11, 11)",C1,True,drop_victim,victim_16_,"(11, 11)",16,80,0.9375,68.59415793418884,Bolt,True,True
mission_nocomm,PA8,nowill,69,1749647260,"(10, 17)",C2,True,take_victim,victim_2_,"(9, 8)",2,0,0.0,0.0,Bolt,False,
mission_nocomm,PA8,human,135,1749647267,"(16, 9)",B1,True,take_victim,victim_1_,"(8, 8)",1,0,0.0,6.601330041885376,Bolt,False,
mission_nocomm,PA8,human,206,1749647274,"(8, 8)",B1,True,drop_victim,victim_1_,"(8, 8)",1,5,0.0,10.99017095565796,Bolt,True,True
mission_nocomm,PA8,nowill,207,1749647274,"(9, 8)",C2,True,drop_victim,victim_2_,"(9, 8)",2,10,0.0625,10.99017095565796,Bolt,True,True
mission_nocomm,PA8,nowill,225,1749647276,"(3, 8)",D1,True,take_victim,victim_3_,"(10, 8)",3,10,0.125,10.99017095565796,Bolt,False,
mission_nocomm,PA8,nowill,243,1749647278,"(10, 8)",D1,True,drop_victim,victim_3_,"(10, 8)",3,15,0.125,10.99017095565796,Bolt,True,True
mission_nocomm,PA8,nowill,287,1749647283,"(10, 15)",C1,True,take_victim,victim_4_,"(11, 8)",4,15,0.1875,10.99017095565796,Bolt,False,
mission_nocomm,PA8,nowill,353,1749647290,"(11, 8)",C1,True,drop_victim,victim_4_,"(11, 8)",4,20,0.1875,12.14747405052185,Bolt,True,True
mission_nocomm,PA8,nowill,411,1749647296,"(12, 16)",C1,True,take_victim,victim_6_,"(9, 9)",6,20,0.25,18.21649193763733,Bolt,False,
mission_nocomm,PA8,human,445,1749647299,"(15, 7)",B1,True,take_victim,victim_5_,"(8, 9)",5,20,0.25,21.891987085342407,Bolt,False,
mission_nocomm,PA8,human,499,1749647305,"(8, 9)",B1,True,drop_victim,victim_5_,"(8, 9)",5,25,0.25,25.470259189605713,Bolt,True,True
mission_nocomm,PA8,nowill,500,1749647305,"(9, 9)",C1,True,drop_victim,victim_6_,"(9, 9)",6,30,0.3125,25.470259189605713,Bolt,True,True
mission_nocomm,PA8,nowill,584,1749647314,"(9, 18)",C2,True,take_victim,victim_7_,"(10, 9)",7,30,0.375,25.470259189605713,Bolt,False,
mission_nocomm,PA8,human,594,1749647315,"(7, 2)",A2,True,take_victim,victim_8_,"(11, 9)",8,30,0.375,25.470259189605713,Bolt,False,
mission_nocomm,PA8,human,660,1749647322,"(11, 9)",A2,True,drop_victim,victim_8_,"(11, 9)",8,32,0.375,25.470259189605713,Bolt,True,False
mission_nocomm,PA8,nowill,690,1749647325,"(10, 9)",C2,True,drop_victim,victim_7_,"(10, 9)",7,37,0.4375,25.470259189605713,Bolt,True,True
mission_nocomm,PA8,nowill,714,1749647327,"(1, 9)",D2,True,take_victim,victim_12_,"(11, 10)",12,37,0.5,25.470259189605713,Bolt,False,
mission_nocomm,PA8,human,747,1749647331,"(9, 1)",A2,True,take_victim,victim_9_,"(8, 10)",9,37,0.5,25.470259189605713,Bolt,False,
mission_nocomm,PA8,human,784,1749647335,"(8, 10)",A2,True,drop_victim,victim_9_,"(8, 10)",9,42,0.5,25.470259189605713,Bolt,True,True
mission_nocomm,PA8,human,861,1749647343,"(18, 9)",B2,True,take_victim,victim_10_,"(9, 10)",10,42,0.5625,32.71280336380005,Bolt,False,
mission_nocomm,PA8,human,930,1749647350,"(9, 10)",B2,True,drop_victim,victim_10_,"(9, 10)",10,47,0.5625,38.66851329803467,Bolt,True,True
mission_nocomm,PA8,human,975,1749647355,"(7, 4)",A1,True,take_victim,victim_11_,"(10, 10)",11,47,0.625,38.66851329803467,Bolt,False,
mission_nocomm,PA8,human,1009,1749647358,"(10, 10)",A1,True,drop_victim,victim_11_,"(10, 10)",11,52,0.625,38.66851329803467,Bolt,True,True
mission_nocomm,PA8,nowill,1010,1749647358,"(11, 10)",D2,True,drop_victim,victim_12_,"(11, 10)",12,57,0.6875,38.66851329803467,Bolt,True,True
mission_nocomm,PA8,nowill,1034,1749647361,"(2, 7)",D2,True,take_victim,victim_13_,"(8, 11)",13,57,0.75,38.66851329803467,Bolt,False,
mission_nocomm,PA8,nowill,1050,1749647363,"(8, 11)",D2,True,drop_victim,victim_13_,"(8, 11)",13,62,0.75,38.66851329803467,Bolt,True,True
mission_nocomm,PA8,human,1054,1749647363,"(12, 3)",A1,True,take_victim,victim_14_,"(9, 11)",14,62,0.8125,38.66851329803467,Bolt,False,
mission_nocomm,PA8,nowill,1064,1749647364,"(4, 9)",D1,True,take_victim,victim_15_,"(10, 11)",15,62,0.8125,38.66851329803467,Bolt,False,
mission_nocomm,PA8,human,1080,1749647366,"(9, 11)",A1,True,drop_victim,victim_14_,"(9, 11)",14,67,0.8125,38.66851329803467,Bolt,True,True
mission_nocomm,PA8,nowill,1081,1749647366,"(10, 11)",D1,True,drop_victim,victim_15_,"(10, 11)",15,72,0.875,38.66851329803467,Bolt,True,True
mission_nocomm,PA8,human,1132,1749647371,"(17, 11)",B2,True,take_victim,victim_16_,"(11, 11)",16,72,0.9375,42.847779273986816,Bolt,False,
mission_nocomm,PA8,human,1192,1749647377,"(11, 11)",B2,True,drop_victim,victim_16_,"(11, 11)",16,77,0.9375,47.913323163986206,Bolt,True,True
mission_nocomm,PA8,human,71,1749647592,"(7, 2)",A2,True,take_victim,victim_2_,"(9, 8)",2,0,0.0,0.0,Argo,False,
mission_nocomm,PA8,will,87,1749647594,"(18, 8)",B2,True,take_victim,victim_1_,"(8, 8)",1,0,0.0,0.0,Argo,False,
mission_nocomm,PA8,human,105,1749647596,"(9, 8)",A2,True,drop_victim,victim_2_,"(9, 8)",2,2,0.0,0.0,Argo,True,False
mission_nocomm,PA8,will,195,1749647605,"(8, 8)",B2,True,drop_victim,victim_1_,"(8, 8)",1,7,0.0625,0.0,Argo,True,True
mission_nocomm,PA8,will,253,1749647611,"(11, 16)",C1,True,take_victim,victim_3_,"(10, 8)",3,7,0.125,0.0,Argo,False,
mission_nocomm,PA8,human,264,1749647612,"(1, 11)",D2,True,take_victim,victim_4_,"(11, 8)",4,7,0.125,0.0,Argo,False,
mission_nocomm,PA8,human,296,1749647616,"(11, 8)",D2,True,drop_victim,victim_4_,"(11, 8)",4,9,0.125,0.0,Argo,True,False
mission_nocomm,PA8,will,333,1749647619,"(10, 8)",C1,True,drop_victim,victim_3_,"(10, 8)",3,14,0.1875,0.0,Argo,True,True
mission_nocomm,PA8,human,361,1749647622,"(10, 1)",A2,True,take_victim,victim_6_,"(9, 9)",6,14,0.25,0.0,Argo,False,
mission_nocomm,PA8,will,419,1749647628,"(8, 18)",C2,True,take_victim,victim_5_,"(8, 9)",5,14,0.25,0.0,Argo,False,
mission_nocomm,PA8,human,429,1749647629,"(9, 9)",A2,True,drop_victim,victim_6_,"(9, 9)",6,16,0.25,0.0,Argo,True,False
mission_nocomm,PA8,human,461,1749647633,"(8, 4)",A1,True,take_victim,victim_7_,"(10, 9)",7,16,0.3125,0.0,Argo,False,
mission_nocomm,PA8,will,525,1749647640,"(8, 9)",C2,True,drop_victim,victim_5_,"(8, 9)",5,21,0.3125,0.0,Argo,True,True
mission_nocomm,PA8,human,542,1749647641,"(10, 9)",A1,True,drop_victim,victim_7_,"(10, 9)",7,26,0.375,0.0,Argo,True,True
mission_nocomm,PA8,will,567,1749647644,"(8, 15)",C1,True,take_victim,victim_8_,"(11, 9)",8,26,0.4375,0.0,Argo,False,
mission_nocomm,PA8,human,611,1749647649,"(3, 9)",D1,True,take_victim,victim_9_,"(8, 10)",9,26,0.4375,0.0,Argo,False,
mission_nocomm,PA8,will,631,1749647651,"(11, 9)",C1,True,drop_victim,victim_8_,"(11, 9)",8,31,0.4375,0.0,Argo,True,True
mission_nocomm,PA8,human,643,1749647652,"(8, 10)",D1,True,drop_victim,victim_9_,"(8, 10)",9,36,0.5,0.0,Argo,True,True
mission_nocomm,PA8,human,693,1749647657,"(4, 7)",D1,True,take_victim,victim_11_,"(10, 10)",11,36,0.5625,0.0,Argo,False,
mission_nocomm,PA8,will,701,1749647658,"(11, 17)",C2,True,take_victim,victim_10_,"(9, 10)",10,36,0.5625,0.0,Argo,False,
mission_nocomm,PA8,human,717,1749647660,"(10, 10)",D1,True,drop_victim,victim_11_,"(10, 10)",11,38,0.5625,0.0,Argo,True,False
mission_nocomm,PA8,human,768,1749647665,"(9, 3)",A1,True,take_victim,victim_12_,"(11, 10)",12,38,0.625,0.0,Argo,False,
mission_nocomm,PA8,will,791,1749647667,"(9, 10)",C2,True,drop_victim,victim_10_,"(9, 10)",10,43,0.625,0.0,Argo,True,True
mission_nocomm,PA8,human,813,1749647670,"(11, 10)",A1,True,drop_victim,victim_12_,"(11, 10)",12,48,0.6875,0.0,Argo,True,True
mission_nocomm,PA8,will,861,1749647675,"(17, 7)",B2,True,take_victim,victim_13_,"(8, 11)",13,48,0.75,0.0,Argo,False,
mission_nocomm,PA8,human,873,1749647676,"(2, 8)",D2,True,take_victim,victim_16_,"(11, 11)",16,48,0.75,0.0,Argo,False,
mission_nocomm,PA8,will,955,1749647685,"(8, 11)",B2,True,drop_victim,victim_13_,"(8, 11)",13,53,0.75,0.0,Argo,True,True
mission_nocomm,PA8,will,1013,1749647691,"(16, 8)",B1,True,take_victim,victim_14_,"(9, 11)",14,53,0.8125,0.0,Argo,False,
mission_nocomm,PA8,human,1087,1749647698,"(11, 11)",D2,True,drop_victim,victim_16_,"(11, 11)",16,55,0.8125,0.0,Argo,True,False
mission_nocomm,PA8,will,1091,1749647699,"(9, 11)",B1,True,drop_victim,victim_14_,"(9, 11)",14,60,0.875,0.0,Argo,True,True
mission_nocomm,PA8,will,1133,1749647703,"(15, 10)",B1,True,take_victim,victim_15_,"(10, 11)",15,60,0.9375,0.0,Argo,False,
mission_nocomm,PA8,will,1195,1749647710,"(10, 11)",B1,True,drop_victim,victim_15_,"(10, 11)",15,65,0.9375,0.0,Argo,True,True
mission_comm,PA9,nowill,45,1749657907,"(15, 8)",B1,True,take_victim,victim_1_,"(8, 8)",1,0,0.0,0.0,Bolt,False,
mission_comm,PA9,nowill,111,1749657914,"(8, 8)",B1,True,drop_victim,victim_1_,"(8, 8)",1,5,0.0,0.0,Bolt,True,True
mission_comm,PA9,nowill,183,1749657921,"(17, 11)",B2,True,take_victim,victim_6_,"(9, 9)",6,5,0.0625,0.0,Bolt,False,
mission_comm,PA9,human,265,1749657930,"(11, 2)",A2,True,take_victim,victim_2_,"(9, 8)",2,5,0.0625,0.0,Bolt,False,
mission_comm,PA9,human,301,1749657934,"(9, 8)",A2,True,drop_victim,victim_2_,"(9, 8)",2,10,0.0625,0.0,Bolt,True,True
mission_comm,PA9,human,360,1749657940,"(8, 3)",A1,True,take_victim,victim_4_,"(11, 8)",4,10,0.125,0.0,Bolt,False,
mission_comm,PA9,human,401,1749657944,"(11, 8)",A1,True,drop_victim,victim_4_,"(11, 8)",4,12,0.125,0.0,Bolt,True,False
mission_comm,PA9,human,553,1749657960,"(8, 17)",C2,False,take_victim,victim_3_,"(10, 8)",3,12,0.1875,7.86784815788269,Bolt,False,
mission_comm,PA9,human,634,1749657969,"(10, 8)",C2,False,drop_victim,victim_3_,"(10, 8)",3,17,0.1875,13.227453231811523,Bolt,True,True
mission_comm,PA9,human,681,1749657974,"(10, 1)",A2,True,take_victim,victim_5_,"(8, 9)",5,17,0.25,13.227453231811523,Bolt,False,
mission_comm,PA9,human,719,1749657978,"(8, 9)",A2,True,drop_victim,victim_5_,"(8, 9)",5,22,0.25,13.227453231811523,Bolt,True,True
mission_comm,PA9,nowill,720,1749657978,"(9, 9)",B2,True,drop_victim,victim_6_,"(9, 9)",6,27,0.3125,13.227453231811523,Bolt,True,True
mission_comm,PA9,nowill,736,1749657979,"(4, 10)",D1,True,take_victim,victim_7_,"(10, 9)",7,27,0.375,13.227453231811523,Bolt,False,
mission_comm,PA9,nowill,752,1749657981,"(10, 9)",D1,True,drop_victim,victim_7_,"(10, 9)",7,32,0.375,13.227453231811523,Bolt,True,True
mission_comm,PA9,nowill,776,1749657984,"(1, 10)",D2,True,take_victim,victim_8_,"(11, 9)",8,32,0.4375,13.227453231811523,Bolt,False,
mission_comm,PA9,nowill,800,1749657986,"(11, 9)",D2,True,drop_victim,victim_8_,"(11, 9)",8,37,0.4375,13.227453231811523,Bolt,True,True
mission_comm,PA9,nowill,852,1749657992,"(16, 7)",B1,True,take_victim,victim_9_,"(8, 10)",9,37,0.5,13.227453231811523,Bolt,False,
mission_comm,PA9,human,855,1749657992,"(3, 12)",D1,False,take_victim,victim_10_,"(9, 10)",10,37,0.5,13.227453231811523,Bolt,False,
mission_comm,PA9,nowill,932,1749658000,"(8, 10)",B1,True,drop_victim,victim_9_,"(8, 10)",9,42,0.5,13.227453231811523,Bolt,True,True
mission_comm,PA9,human,939,1749658001,"(9, 10)",D1,False,drop_victim,victim_10_,"(9, 10)",10,47,0.5625,13.227453231811523,Bolt,True,True
mission_comm,PA9,nowill,950,1749658002,"(2, 7)",D2,True,take_victim,victim_11_,"(10, 10)",11,47,0.625,13.227453231811523,Bolt,False,
mission_comm,PA9,nowill,970,1749658004,"(10, 10)",D2,True,drop_victim,victim_11_,"(10, 10)",11,52,0.625,13.227453231811523,Bolt,True,True
mission_comm,PA9,human,988,1749658006,"(12, 4)",A1,True,take_victim,victim_12_,"(11, 10)",12,52,0.6875,13.227453231811523,Bolt,False,
mission_comm,PA9,human,1009,1749658008,"(11, 10)",A1,True,drop_victim,victim_12_,"(11, 10)",12,57,0.6875,13.227453231811523,Bolt,True,True
mission_comm,PA9,nowill,1052,1749658012,"(18, 10)",B2,True,take_victim,victim_13_,"(8, 11)",13,57,0.75,14.175780296325684,Bolt,False,
mission_comm,PA9,nowill,1160,1749658024,"(8, 11)",B2,True,drop_victim,victim_13_,"(8, 11)",13,62,0.75,25.589657306671143,Bolt,True,True
mission_comm,PA9,human,1164,1749658024,"(12, 18)",C2,False,take_victim,victim_14_,"(9, 11)",14,62,0.8125,26.009201288223267,Bolt,False,
mission_comm,PA9,human,1258,1749658034,"(9, 11)",C2,False,drop_victim,victim_14_,"(9, 11)",14,67,0.8125,33.25202226638794,Bolt,True,True
mission_comm,PA9,human,1367,1749658045,"(10, 15)",C1,False,take_victim,victim_15_,"(10, 11)",15,67,0.875,42.451295137405396,Bolt,False,
mission_comm,PA9,human,1416,1749658051,"(10, 11)",C1,False,drop_victim,victim_15_,"(10, 11)",15,72,0.875,45.92781925201416,Bolt,True,True
mission_comm,PA9,human,1522,1749658062,"(7, 16)",C1,False,take_victim,victim_16_,"(11, 11)",16,72,0.9375,52.93309712409973,Bolt,False,
mission_comm,PA9,human,1591,1749658069,"(11, 11)",C1,False,drop_victim,victim_16_,"(11, 11)",16,77,0.9375,57.23651313781738,Bolt,True,True
mission_comm,PA9,will,59,1749658267,"(16, 10)",B1,True,take_victim,victim_1_,"(8, 8)",1,0,0.0,0.0,Argo,False,
mission_comm,PA9,will,139,1749658275,"(8, 8)",B1,True,drop_victim,victim_1_,"(8, 8)",1,5,0.0,3.76104998588562,Argo,True,True
mission_comm,PA9,will,225,1749658284,"(10, 18)",C2,True,take_victim,victim_2_,"(9, 8)",2,5,0.0625,13.29844093322754,Argo,False,
mission_comm,PA9,human,277,1749658290,"(9, 1)",A2,True,take_victim,victim_4_,"(11, 8)",4,5,0.0625,16.14257788658142,Argo,False,
mission_comm,PA9,will,333,1749658296,"(9, 8)",C2,True,drop_victim,victim_2_,"(9, 8)",2,10,0.0625,16.14257788658142,Argo,True,True
mission_comm,PA9,human,364,1749658299,"(11, 8)",A2,True,drop_victim,victim_4_,"(11, 8)",4,12,0.125,16.14257788658142,Argo,True,False
mission_comm,PA9,will,403,1749658303,"(17, 11)",B2,True,take_victim,victim_3_,"(10, 8)",3,12,0.1875,16.14257788658142,Argo,False,
mission_comm,PA9,human,453,1749658308,"(3, 10)",D1,True,take_victim,victim_5_,"(8, 9)",5,12,0.1875,16.14257788658142,Argo,False,
mission_comm,PA9,human,485,1749658311,"(8, 9)",D1,True,drop_victim,victim_5_,"(8, 9)",5,14,0.1875,16.14257788658142,Argo,True,False
mission_comm,PA9,will,493,1749658312,"(10, 8)",B2,True,drop_victim,victim_3_,"(10, 8)",3,19,0.25,16.14257788658142,Argo,True,True
mission_comm,PA9,human,532,1749658316,"(12, 3)",A1,True,take_victim,victim_6_,"(9, 9)",6,19,0.3125,16.14257788658142,Argo,False,
mission_comm,PA9,will,537,1749658317,"(7, 15)",C1,True,take_victim,victim_7_,"(10, 9)",7,19,0.3125,16.14257788658142,Argo,False,
mission_comm,PA9,human,567,1749658320,"(9, 9)",A1,True,drop_victim,victim_6_,"(9, 9)",6,24,0.3125,16.14257788658142,Argo,True,True
mission_comm,PA9,will,601,1749658324,"(10, 9)",C1,True,drop_victim,victim_7_,"(10, 9)",7,29,0.375,16.14257788658142,Argo,True,True
mission_comm,PA9,human,637,1749658327,"(1, 7)",D2,True,take_victim,victim_9_,"(8, 10)",9,29,0.4375,16.14257788658142,Argo,False,
mission_comm,PA9,will,671,1749658331,"(7, 17)",C2,True,take_victim,victim_8_,"(11, 9)",8,29,0.4375,16.14257788658142,Argo,False,
mission_comm,PA9,human,673,1749658331,"(8, 10)",D2,True,drop_victim,victim_9_,"(8, 10)",9,31,0.4375,16.14257788658142,Argo,True,False
mission_comm,PA9,human,706,1749658335,"(7, 4)",A1,True,take_victim,victim_10_,"(9, 10)",10,31,0.5,16.14257788658142,Argo,False,
mission_comm,PA9,will,763,1749658341,"(11, 9)",C2,True,drop_victim,victim_8_,"(11, 9)",8,36,0.5,16.14257788658142,Argo,True,True
mission_comm,PA9,human,776,1749658342,"(9, 10)",A1,True,drop_victim,victim_10_,"(9, 10)",10,41,0.5625,16.14257788658142,Argo,True,True
mission_comm,PA9,will,801,1749658345,"(15, 11)",B1,True,take_victim,victim_11_,"(10, 10)",11,41,0.625,16.14257788658142,Argo,False,
mission_comm,PA9,human,843,1749658349,"(2, 8)",D2,True,take_victim,victim_13_,"(8, 11)",13,41,0.625,16.14257788658142,Argo,False,
mission_comm,PA9,will,863,1749658351,"(10, 10)",B1,True,drop_victim,victim_11_,"(10, 10)",11,46,0.625,16.14257788658142,Argo,True,True
mission_comm,PA9,will,945,1749658360,"(18, 10)",B2,True,take_victim,victim_12_,"(11, 10)",12,46,0.6875,16.14257788658142,Argo,False,
mission_comm,PA9,will,1047,1749658370,"(11, 10)",B2,True,drop_victim,victim_12_,"(11, 10)",12,51,0.6875,16.14257788658142,Argo,True,True
mission_comm,PA9,human,1058,1749658372,"(8, 11)",D2,True,drop_victim,victim_13_,"(8, 11)",13,56,0.75,16.14257788658142,Argo,True,True
mission_comm,PA9,human,1079,1749658374,"(8, 2)",A2,True,take_victim,victim_14_,"(9, 11)",14,56,0.8125,16.14257788658142,Argo,False,
mission_comm,PA9,will,1101,1749658376,"(9, 16)",C1,True,take_victim,victim_15_,"(10, 11)",15,56,0.8125,16.14257788658142,Argo,False,
mission_comm,PA9,human,1105,1749658377,"(9, 11)",A2,True,drop_victim,victim_14_,"(9, 11)",14,61,0.8125,16.14257788658142,Argo,True,True
mission_comm,PA9,human,1141,1749658380,"(4, 12)",D1,True,take_victim,victim_16_,"(11, 11)",16,61,0.875,16.14257788658142,Argo,False,
mission_comm,PA9,will,1175,1749658384,"(10, 11)",C1,True,drop_victim,victim_15_,"(10, 11)",15,66,0.875,16.14257788658142,Argo,True,True
mission_comm,PA9,human,1192,1749658386,"(11, 11)",D1,True,drop_victim,victim_16_,"(11, 11)",16,71,0.9375,16.14257788658142,Argo,True,True
mission_comm,PA7,nowill,55,1749640303,"(10, 16)",C1,True,take_victim,victim_2_,"(9, 8)",2,0,0.0,0.0,Argo,False,
mission_comm,PA7,human,58,1749640303,"(1, 10)",D2,False,take_victim,victim_1_,"(8, 8)",1,0,0.0,0.0,Argo,False,
mission_comm,PA7,human,89,1749640306,"(8, 8)",D2,False,drop_victim,victim_1_,"(8, 8)",1,5,0.0,0.0,Argo,True,True
mission_comm,PA7,nowill,135,1749640311,"(9, 8)",C1,True,drop_victim,victim_2_,"(9, 8)",2,10,0.0625,0.0,Argo,True,True
mission_comm,PA7,human,158,1749640313,"(4, 9)",D1,False,take_victim,victim_3_,"(10, 8)",3,10,0.125,0.0,Argo,False,
mission_comm,PA7,human,191,1749640317,"(10, 8)",D1,False,drop_victim,victim_3_,"(10, 8)",3,15,0.125,0.0,Argo,True,True
mission_comm,PA7,nowill,221,1749640320,"(11, 18)",C2,True,take_victim,victim_4_,"(11, 8)",4,15,0.1875,0.0,Argo,False,
mission_comm,PA7,human,278,1749640326,"(2, 8)",D2,False,take_victim,victim_6_,"(9, 9)",6,15,0.1875,0.0,Argo,False,
mission_comm,PA7,nowill,329,1749640331,"(11, 8)",C2,True,drop_victim,victim_4_,"(11, 8)",4,20,0.1875,0.0,Argo,True,True
mission_comm,PA7,nowill,373,1749640336,"(12, 15)",C1,True,take_victim,victim_5_,"(8, 9)",5,20,0.25,0.0,Argo,False,
mission_comm,PA7,nowill,437,1749640343,"(8, 9)",C1,True,drop_victim,victim_5_,"(8, 9)",5,25,0.25,0.0,Argo,True,True
mission_comm,PA7,human,473,1749640346,"(9, 9)",D2,False,drop_victim,victim_6_,"(9, 9)",6,30,0.3125,0.0,Argo,True,True
mission_comm,PA7,nowill,507,1749640350,"(9, 17)",C2,True,take_victim,victim_7_,"(10, 9)",7,30,0.375,0.0,Argo,False,
mission_comm,PA7,human,512,1749640350,"(7, 3)",A1,True,take_victim,victim_8_,"(11, 9)",8,30,0.375,0.0,Argo,False,
mission_comm,PA7,nowill,599,1749640360,"(10, 9)",C2,True,drop_victim,victim_7_,"(10, 9)",7,35,0.375,0.0,Argo,True,True
mission_comm,PA7,human,606,1749640360,"(11, 9)",A1,True,drop_victim,victim_8_,"(11, 9)",8,40,0.4375,0.0,Argo,True,True
mission_comm,PA7,nowill,639,1749640364,"(15, 7)",B1,True,take_victim,victim_10_,"(9, 10)",10,40,0.5,0.0,Argo,False,
mission_comm,PA7,human,640,1749640364,"(8, 4)",A1,True,take_victim,victim_9_,"(8, 10)",9,40,0.5,0.0,Argo,False,
mission_comm,PA7,human,665,1749640366,"(8, 10)",A1,True,drop_victim,victim_9_,"(8, 10)",9,45,0.5,0.0,Argo,True,True
mission_comm,PA7,nowill,703,1749640370,"(9, 10)",B1,True,drop_victim,victim_10_,"(9, 10)",10,50,0.5625,0.0,Argo,True,True
mission_comm,PA7,human,725,1749640373,"(10, 1)",A2,True,take_victim,victim_11_,"(10, 10)",11,50,0.625,0.0,Argo,False,
mission_comm,PA7,human,753,1749640376,"(10, 10)",A2,True,drop_victim,victim_11_,"(10, 10)",11,55,0.625,0.0,Argo,True,True
mission_comm,PA7,nowill,773,1749640378,"(17, 8)",B2,True,take_victim,victim_13_,"(8, 11)",13,55,0.6875,0.0,Argo,False,
mission_comm,PA7,human,794,1749640380,"(7, 2)",A2,True,take_victim,victim_12_,"(11, 10)",12,55,0.6875,0.0,Argo,False,
mission_comm,PA7,human,832,1749640384,"(11, 10)",A2,True,drop_victim,victim_12_,"(11, 10)",12,60,0.6875,0.0,Argo,True,True
mission_comm,PA7,nowill,867,1749640388,"(8, 11)",B2,True,drop_victim,victim_13_,"(8, 11)",13,65,0.75,0.0,Argo,True,True
mission_comm,PA7,human,910,1749640392,"(3, 10)",D1,False,take_victim,victim_15_,"(10, 11)",15,65,0.8125,0.0,Argo,False,
mission_comm,PA7,nowill,925,1749640394,"(16, 8)",B1,True,take_victim,victim_14_,"(9, 11)",14,65,0.8125,0.0,Argo,False,
mission_comm,PA7,nowill,1003,1749640402,"(9, 11)",B1,True,drop_victim,victim_14_,"(9, 11)",14,70,0.8125,0.0,Argo,True,True
mission_comm,PA7,human,1022,1749640404,"(10, 11)",D1,False,drop_victim,victim_15_,"(10, 11)",15,75,0.875,0.0,Argo,True,True
mission_comm,PA7,nowill,1087,1749640411,"(18, 7)",B2,True,take_victim,victim_16_,"(11, 11)",16,75,0.9375,0.0,Argo,False,
mission_comm,PA7,nowill,1189,1749640421,"(11, 11)",B2,True,drop_victim,victim_16_,"(11, 11)",16,80,0.9375,0.0,Argo,True,True
mission_comm,PA7,human,60,1749640737,"(10, 1)",A2,True,take_victim,victim_1_,"(8, 8)",1,0,0.0,0.0,Bolt,False,
mission_comm,PA7,will,83,1749640739,"(10, 18)",C2,True,take_victim,victim_2_,"(9, 8)",2,0,0.0,0.0,Bolt,False,
mission_comm,PA7,human,90,1749640740,"(8, 8)",A2,True,drop_victim,victim_1_,"(8, 8)",1,5,0.0,0.0,Bolt,True,True
mission_comm,PA7,human,131,1749640744,"(2, 7)",D2,True,take_victim,victim_3_,"(10, 8)",3,5,0.0625,0.0,Bolt,False,
mission_comm,PA7,will,191,1749640751,"(9, 8)",C2,True,drop_victim,victim_2_,"(9, 8)",2,10,0.0625,0.0,Bolt,True,True
mission_comm,PA7,human,207,1749640752,"(10, 8)",D2,True,drop_victim,victim_3_,"(10, 8)",3,15,0.125,0.0,Bolt,True,True
mission_comm,PA7,will,233,1749640755,"(15, 9)",B1,True,take_victim,victim_7_,"(10, 9)",7,15,0.1875,0.0,Bolt,False,
mission_comm,PA7,human,256,1749640757,"(12, 2)",A2,True,take_victim,victim_4_,"(11, 8)",4,15,0.1875,0.0,Bolt,False,
mission_comm,PA7,human,279,1749640760,"(11, 8)",A2,True,drop_victim,victim_4_,"(11, 8)",4,20,0.1875,0.0,Bolt,True,True
mission_comm,PA7,human,337,1749640766,"(3, 10)",D1,True,take_victim,victim_5_,"(8, 9)",5,20,0.25,0.0,Bolt,False,
mission_comm,PA7,human,376,1749640770,"(8, 9)",D1,True,drop_victim,victim_5_,"(8, 9)",5,25,0.25,0.0,Bolt,True,True
mission_comm,PA7,human,408,1749640773,"(1, 10)",D2,True,take_victim,victim_6_,"(9, 9)",6,25,0.3125,0.0,Bolt,False,
mission_comm,PA7,human,437,1749640776,"(9, 9)",D2,True,drop_victim,victim_6_,"(9, 9)",6,30,0.3125,0.0,Bolt,True,True
mission_comm,PA7,will,438,1749640777,"(10, 9)",B1,True,drop_victim,victim_7_,"(10, 9)",7,35,0.375,0.0,Bolt,True,True
mission_comm,PA7,will,492,1749640782,"(16, 10)",B1,True,take_victim,victim_8_,"(11, 9)",8,35,0.4375,0.0,Bolt,False,
mission_comm,PA7,human,550,1749640788,"(8, 3)",A1,True,take_victim,victim_11_,"(10, 10)",11,35,0.4375,0.0,Bolt,False,
mission_comm,PA7,will,566,1749640790,"(11, 9)",B1,True,drop_victim,victim_8_,"(11, 9)",8,40,0.4375,0.0,Bolt,True,True
mission_comm,PA7,will,632,1749640797,"(17, 8)",B2,True,take_victim,victim_9_,"(8, 10)",9,40,0.5,0.0,Bolt,False,
mission_comm,PA7,human,656,1749640799,"(10, 5)",A1,True,take_victim,victim_11_,"(10, 10)",11,40,0.5,0.0,Bolt,False,
mission_comm,PA7,will,726,1749640807,"(8, 10)",B2,True,drop_victim,victim_9_,"(8, 10)",9,45,0.5,0.0,Bolt,True,True
mission_comm,PA7,will,794,1749640814,"(7, 17)",C2,True,take_victim,victim_10_,"(9, 10)",10,45,0.5625,0.0,Bolt,False,
mission_comm,PA7,will,884,1749640823,"(9, 10)",C2,True,drop_victim,victim_10_,"(9, 10)",10,50,0.5625,0.0,Bolt,True,True
mission_comm,PA7,human,898,1749640825,"(10, 10)",A1,True,drop_victim,victim_11_,"(10, 10)",11,55,0.625,0.0,Bolt,True,True
mission_comm,PA7,will,968,1749640832,"(18, 10)",B2,True,take_victim,victim_12_,"(11, 10)",12,55,0.6875,0.0,Bolt,False,
mission_comm,PA7,human,972,1749640832,"(12, 4)",A1,True,take_victim,victim_13_,"(8, 11)",13,55,0.6875,0.0,Bolt,False,
mission_comm,PA7,will,1070,1749640843,"(11, 10)",B2,True,drop_victim,victim_12_,"(11, 10)",12,60,0.6875,0.0,Bolt,True,True
mission_comm,PA7,human,1084,1749640844,"(8, 11)",A1,True,drop_victim,victim_13_,"(8, 11)",13,65,0.75,0.0,Bolt,True,True
mission_comm,PA7,will,1110,1749640847,"(8, 15)",C1,True,take_victim,victim_15_,"(10, 11)",15,65,0.8125,0.0,Bolt,False,
mission_comm,PA7,human,1123,1749640848,"(4, 8)",D1,True,take_victim,victim_14_,"(9, 11)",14,65,0.8125,0.0,Bolt,False,
mission_comm,PA7,human,1170,1749640853,"(9, 11)",D1,True,drop_victim,victim_14_,"(9, 11)",14,70,0.8125,0.0,Bolt,True,True
mission_comm,PA7,will,1171,1749640853,"(10, 11)",C1,True,drop_victim,victim_15_,"(10, 11)",15,75,0.875,0.0,Bolt,True,True
mission_comm,PA7,will,1223,1749640859,"(9, 16)",C1,True,take_victim,victim_16_,"(11, 11)",16,75,0.9375,0.0,Bolt,False,
mission_comm,PA7,will,1297,1749640867,"(11, 11)",C1,True,drop_victim,victim_16_,"(11, 11)",16,80,0.9375,0.0,Bolt,True,True
